ts,open,high,low,close,vol
1672531200,16541.77,16559.77,16508.39,16533.04,15515.82327
1672545600,16533.04,16550.0,16499.01,16526.19,16532.24115
1672560000,16525.7,16557.0,16505.2,16556.66,15915.96701
1672574400,16556.66,16572.94,16533.68,16558.73,15046.09096
1672588800,16558.73,16623.65,16558.0,16603.08,18532.64857
1672603200,16603.53,16628.0,16586.24,16616.75,15382.64278
1672617600,16617.17,16707.25,16548.7,16661.94,19463.4751
1672632000,16662.38,16769.51,16619.44,16721.28,26026.88178
1672646400,16721.27,16772.01,16704.07,16735.11,23267.94119
1672660800,16735.51,16750.0,16669.15,16734.66,21747.21491
1672675200,16734.66,16739.64,16707.12,16737.56,12314.73653
1672689600,16737.56,16799.23,16660.51,16672.87,19068.3224
1672704000,16672.78,16706.14,16647.81,16691.81,20183.45596
1672718400,16691.81,16778.4,16681.79,16729.74,21434.34333
1672732800,16730.15,16766.0,16698.15,16721.03,25576.16376
1672747200,16721.42,16773.0,16617.79,16676.94,42131.78382
1672761600,16677.54,16688.2,16605.28,16643.37,29519.13275
1672776000,16643.77,16695.0,16640.4,16675.18,20696.65771
1672790400,16675.65,16877.65,16652.66,16862.02,41904.57254
1672804800,16862.61,16910.98,16840.36,16869.44,30270.2531
1672819200,16869.49,16919.0,16831.13,16835.35,30320.64004
1672833600,16835.35,16863.09,16765.3,16854.05,40843.05953
1672848000,16853.55,16991.87,16787.85,16842.36,52076.35176
1672862400,16842.32,16869.56,16777.0,16850.36,24947.31165
1672876800,16850.36,16878.18,16807.72,16827.71,21763.76721
1672891200,16827.71,16849.37,16789.87,16823.64,21213.55835
1672905600,16823.05,16839.0,16780.75,16833.6,26296.22105
1672920000,16833.6,16879.82,16753.0,16842.94,41963.23448
1672934400,16842.94,16875.5,16800.5,16863.85,30157.4645
1672948800,16864.29,16873.52,16818.91,16831.85,22079.32082
1672963200,16831.85,16872.57,16802.01,16833.56,22896.56633
1672977600,16833.56,16837.87,16779.96,16794.06,24759.51652
1672992000,16794.33,16812.22,16709.88,16738.22,29976.56156
1673006400,16738.74,16849.0,16679.0,16840.82,52584.91113
1673020800,16840.1,16965.41,16805.04,16939.91,42771.69765
1673035200,16940.41,17041.0,16886.21,16950.65,34412.03096
1673049600,16950.31,16981.91,16930.46,16952.46,17943.00432
1673064000,16952.73,16954.45,16922.14,16948.09,15480.43183
1673078400,16948.18,16954.95,16908.07,16918.3,18936.72265
1673092800,16918.3,16947.7,16908.0,16940.42,20650.09476
1673107200,16940.6,16946.13,16916.0,16944.05,16073.99982
1673121600,16944.05,16951.92,16929.46,16943.57,15442.31542
1673136000,16943.83,16955.0,16911.0,16944.02,18295.79671
1673150400,16944.02,16957.12,16933.26,16953.77,14667.61069
1673164800,16953.77,16967.67,16925.05,16927.42,20434.41029
1673179200,16927.42,17019.79,16920.37,17000.43,23086.53831
1673193600,17000.43,17022.08,16916.1,16927.25,23557.66783
1673208000,16927.25,17176.99,16924.41,17127.83,35113.87312
1673222400,17127.83,17252.6,17104.66,17197.0,50799.16414
1673236800,17197.0,17262.56,17180.0,17198.48,33546.34885
1673251200,17198.01,17285.48,17186.95,17238.93,38468.19722
1673265600,17239.47,17335.35,17190.74,17268.49,50514.03168
1673280000,17268.49,17398.8,17268.02,17293.69,52520.91466
1673294400,17294.19,17313.3,17128.0,17178.26,40362.87068
1673308800,17179.04,17235.0,17146.34,17205.72,30946.1691
1673323200,17205.31,17233.91,17189.15,17203.2,25989.57305
1673337600,17203.2,17286.02,17187.73,17252.89,31083.00421
1673352000,17252.89,17375.0,17212.14,17327.7,57523.3681
1673366400,17327.7,17456.07,17282.0,17432.85,43079.81645
1673380800,17432.85,17499.0,17403.73,17440.66,32760.4949
1673395200,17440.64,17510.0,17366.58,17416.14,31946.4848
1673409600,17416.49,17462.99,17388.0,17446.65,29726.8908
1673424000,17447.02,17472.15,17408.68,17437.75,29986.37534
1673438400,17437.75,17437.75,17315.6,17332.43,49062.38496
1673452800,17331.9,17571.7,17320.42,17550.29,55789.51498
1673467200,17549.62,18000.0,17508.86,17943.26,65709.95565
1673481600,17943.26,18385.71,17907.25,18224.68,82494.53271
1673496000,18224.68,18241.43,18075.19,18138.22,37256.18339
1673510400,18138.21,18222.59,18071.06,18200.8,34254.13454
1673524800,18200.8,18380.47,17892.05,18086.62,130706.45782
1673539200,18087.28,19060.0,18054.61,18885.35,110884.4527
1673553600,18885.35,19117.04,18762.0,18846.62,58972.56062
1673568000,18846.62,18887.0,18714.12,18876.37,41728.30446
1673582400,18876.37,18883.79,18778.41,18824.25,33637.34382
1673596800,18825.0,19057.7,18810.01,18920.95,53635.34061
1673611200,18920.95,19310.91,18811.52,19261.19,84962.31802
1673625600,19261.19,19406.26,19060.15,19362.01,76088.31369
1673640000,19363.43,20000.0,19315.77,19930.01,78564.25763
1673654400,19930.01,21258.0,19888.05,20967.23,132906.52741
1673668800,20967.23,21033.64,20777.37,20897.36,44676.34594
1673683200,20897.36,21022.39,20225.06,20721.73,79770.25474
1673697600,20721.03,21200.0,20568.12,20786.74,70757.33684
1673712000,20785.85,20911.23,20660.0,20783.68,40261.90826
1673726400,20783.68,21072.27,20758.0,20954.92,25541.37632
1673740800,20952.76,21001.84,20551.01,20719.09,38036.35096
1673755200,20719.09,20789.58,20666.88,20735.69,20276.51594
1673769600,20735.69,20759.0,20573.13,20722.23,28650.05726
1673784000,20722.23,20994.05,20652.24,20908.28,32504.50894
1673798400,20906.97,21050.74,20665.0,20870.15,37663.66746
1673812800,20870.15,20952.37,20746.39,20871.5,21411.12493
1673827200,20872.99,21439.59,20770.2,21075.68,65696.37043
1673841600,21074.8,21260.0,21037.64,21109.23,32932.04546
1673856000,21109.4,21113.22,20666.0,20817.56,49457.76438
1673870400,20816.63,21053.89,20611.48,20994.17,50011.28024
1673884800,20995.37,21414.42,20916.43,21308.57,57585.03731
1673899200,21307.29,21474.05,21048.16,21185.65,37395.5848
1673913600,21185.65,21299.04,20841.31,21124.57,43454.76384
1673928000,21124.57,21236.62,21060.8,21133.65,27720.49973
1673942400,21133.65,21249.46,21082.48,21219.75,32766.90672
1673956800,21219.21,21647.45,21030.0,21176.06,87104.51182
1673971200,21176.06,21412.0,21084.0,21336.46,48658.53141
1673985600,21336.46,21413.15,21121.71,21134.81,35702.53057
1674000000,21132.29,21377.44,21103.15,21258.54,40301.19947
1674014400,21257.0,21320.0,21228.54,21307.94,26697.4268
1674028800,21307.94,21316.77,21151.0,21204.67,33225.41111
1674043200,21204.67,21650.0,20842.0,21042.73,97538.81068
1674057600,21042.73,21136.8,20407.15,20906.54,112546.34199
1674072000,20905.37,20938.67,20624.02,20677.47,40606.82944
1674086400,20677.47,20817.85,20659.19,20748.04,37267.51378
1674100800,20748.04,20874.81,20742.71,20818.95,28848.62637
1674115200,20818.94,20846.75,20706.9,20743.72,35522.44033
1674129600,20744.17,20960.23,20660.8,20876.44,61331.76023
1674144000,20876.44,21142.07,20791.13,21090.95,51508.95942
1674158400,21092.1,21192.0,20919.31,21071.59,36906.54912
1674172800,21071.59,21219.6,21013.96,21087.74,37141.33047
1674187200,21087.74,21127.33,20861.28,20959.44,38475.43025
1674201600,20958.43,20993.99,20898.79,20963.51,33292.86295
1674216000,20963.34,21247.55,20955.53,21144.77,63718.57309
1674230400,21145.05,21529.0,21140.99,21496.67,68762.00358
1674244800,21496.67,22755.93,21495.75,22667.21,96688.93625
1674259200,22666.0,22792.86,22422.0,22547.35,46689.92028
1674273600,22547.83,22670.0,22514.6,22638.36,31004.20655
1674288000,22638.36,23335.77,22595.23,22905.65,102373.50511
1674302400,22907.01,23280.0,22851.94,22998.9,60494.75835
1674316800,22998.9,23371.8,22980.0,23270.5,62208.75289
1674331200,23270.97,23299.55,22680.73,22783.55,43674.34114
1674345600,22783.35,22979.88,22602.55,22758.3,43093.66569
1674360000,22759.08,22967.33,22716.72,22895.2,29768.68658
1674374400,22895.49,22938.12,22726.02,22783.61,31739.4919
1674388800,22784.74,23078.71,22645.59,22794.51,49271.02796
1674403200,22794.63,22959.71,22687.13,22722.15,41105.52201
1674417600,22721.88,22773.89,22292.37,22707.88,58599.35872
1674432000,22706.02,22826.46,22646.43,22661.02,36139.99774
1674446400,22661.02,22794.33,22600.14,22695.9,33194.2653
1674460800,22696.61,22957.25,22662.38,22904.58,38266.29469
1674475200,22904.58,23115.0,22500.0,22853.14,80367.50864
1674489600,22855.44,23180.0,22654.0,22792.47,71278.43489
1674504000,22792.47,23044.56,22753.71,22916.45,34341.87812
1674518400,22917.81,23144.76,22864.67,23079.27,41432.57478
1674532800,23079.87,23162.2,23006.98,23054.08,34450.19326
1674547200,23054.7,23090.25,22770.0,22917.66,46085.15863
1674561600,22917.11,23035.31,22711.0,22931.36,64690.98641
1674576000,22931.36,23079.0,22785.59,23018.53,44205.31571
1674590400,23017.73,23080.45,22462.93,22632.89,62294.55375
1674604800,22631.94,22715.06,22300.0,22643.61,56101.10349
1674619200,22643.04,22772.0,22606.04,22712.45,30093.23392
1674633600,22711.85,22739.11,22475.0,22598.47,39000.61252
1674648000,22598.45,22745.0,22335.0,22577.86,70513.75269
1674662400,22578.79,22765.3,22510.0,22748.86,50906.47279
1674676800,22749.97,23816.73,22749.93,23060.94,99427.65682
1674691200,23060.42,23282.47,23041.14,23136.16,49167.22282
1674705600,23136.16,23197.8,22897.17,22966.73,45284.94138
1674720000,22965.81,23048.49,22850.01,22992.94,39326.2452
1674734400,22992.09,23250.0,22880.95,22958.02,81188.23496
1674748800,22955.16,23106.51,22853.81,23070.0,43604.15119
1674763200,23068.57,23195.0,22963.07,23009.65,30353.64026
1674777600,23009.65,23076.62,22534.88,22772.62,46182.87922
1674792000,22772.2,23100.0,22760.64,23072.77,38724.8656
1674806400,23072.29,23083.87,22903.03,22967.47,33552.11913
1674820800,22967.48,23148.0,22841.19,22933.96,62813.27522
1674835200,22932.2,23284.32,22924.01,23253.06,49014.72696
1674849600,23253.06,23500.0,22951.33,23074.16,50545.99702
1674864000,23074.16,23189.0,23042.54,23117.44,24315.1602
1674878400,23117.44,23133.4,22951.01,22991.51,24728.2785
1674892800,22991.86,23017.27,22905.0,22981.51,25675.38157
1674907200,22981.51,23044.12,22878.46,23012.54,33451.32025
1674921600,23012.02,23052.82,22975.0,23039.35,20431.10042
1674936000,23039.35,23042.91,22942.0,23022.6,19514.46991
1674950400,23021.4,23492.0,22967.76,23193.43,52580.79543
1674964800,23194.27,23268.51,23144.99,23203.86,24988.1288
1674979200,23203.39,23605.74,23153.64,23432.17,55739.69077
1674993600,23431.39,23666.0,23350.47,23525.09,54723.54894
1675008000,23525.09,23960.54,23472.0,23897.84,66296.44216
1675022400,23896.65,23910.6,23600.0,23742.3,41360.18594
1675036800,23743.37,23800.51,23567.1,23701.44,36904.38643
1675051200,23700.78,23769.32,23599.15,23642.81,31345.83274
1675065600,23642.81,23676.98,23017.0,23077.47,72543.62927
1675080000,23077.47,23301.82,22962.68,23178.51,58389.64648
1675094400,23178.51,23248.86,22627.9,22784.86,58798.23417
1675108800,22784.86,22840.69,22500.0,22826.15,44424.17212
1675123200,22827.38,22913.71,22714.77,22835.01,35131.51516
1675137600,22835.46,22989.48,22743.05,22978.24,35466.16773
1675152000,22978.24,22996.84,22810.03,22865.43,35127.03829
1675166400,22865.97,23206.84,22851.01,23121.8,64918.10238
1675180800,23121.8,23221.14,23081.08,23163.88,42055.90095
1675195200,23162.99,23320.0,22812.69,23125.13,51950.62458
1675209600,23125.13,23184.29,22997.1,23130.19,35705.95217
1675224000,23130.7,23167.39,23017.07,23076.68,32517.47391
1675238400,23076.67,23100.0,22919.33,23077.52,37238.66144
1675252800,23078.43,23144.85,22938.36,22979.73,53826.35919
1675267200,22979.73,23494.77,22760.23,23385.99,77933.60595
1675281600,23385.99,23812.66,23320.01,23732.66,73568.37005
1675296000,23731.41,24255.0,23690.02,23848.6,61426.43407
1675310400,23848.6,23921.1,23658.2,23781.12,36774.35541
1675324800,23780.65,23852.75,23750.0,23820.49,34341.7451
1675339200,23820.49,23945.68,23525.0,23839.5,83485.59583
1675353600,23839.5,24144.62,23725.76,23802.57,83227.45056
1675368000,23802.57,23924.81,23363.27,23488.94,64921.62654
1675382400,23489.33,23590.11,23411.47,23534.18,41608.93455
1675396800,23533.64,23566.18,23447.25,23456.23,34988.87578
1675411200,23456.22,23541.7,23322.3,23534.13,47896.72547
1675425600,23533.32,23710.8,23227.16,23603.36,102225.36461
1675440000,23604.62,23715.7,23300.76,23307.99,68730.83213
1675454400,23308.05,23472.0,23204.62,23431.9,37120.2965
1675468800,23431.9,23465.15,23331.16,23343.43,25040.05526
1675483200,23343.12,23361.33,23253.96,23329.18,24999.77578
1675497600,23329.18,23376.27,23292.19,23363.76,23614.83087
1675512000,23364.14,23587.78,23340.44,23421.45,41379.54799
1675526400,23421.45,23472.5,23358.57,23425.89,26883.53409
1675540800,23425.28,23449.96,23259.62,23326.84,24208.72896
1675555200,23327.66,23371.99,23230.0,23344.53,27050.82035
1675569600,23344.53,23433.33,23326.23,23377.4,20474.72317
1675584000,23377.03,23419.74,23345.0,23356.33,24127.72175
1675598400,23356.86,23374.8,23000.01,23096.16,51552.20203
1675612800,23096.92,23157.75,22743.0,22891.8,56584.15419
1675627200,22892.65,23030.0,22795.01,22932.91,29461.71768
1675641600,22932.91,23094.92,22823.0,22895.48,29572.88535
1675656000,22895.48,22928.2,22628.13,22879.69,39216.01093
1675670400,22880.91,22939.99,22735.46,22878.23,40012.24453
1675684800,22878.23,23054.66,22745.01,23041.39,58692.68023
1675699200,23042.86,23158.25,22921.25,23031.03,56494.24898
1675713600,23030.29,23032.13,22638.0,22762.52,41383.53688
1675728000,22762.52,22897.67,22745.78,22877.99,33497.36874
1675742400,22877.99,22986.71,22861.45,22910.91,36499.34993
1675756800,22910.91,23064.56,22862.85,22977.24,44279.99243
1675771200,22977.24,23042.0,22876.35,22904.89,52432.35114
1675785600,22904.89,23350.25,22769.05,23091.9,97115.49334
1675800000,23092.87,23309.29,23029.11,23240.46,44182.16924
1675814400,23242.42,23452.0,23225.19,23255.34,40305.77589
1675828800,23255.34,23287.3,23183.17,23232.68,31403.38319
1675843200,23233.23,23239.44,23132.21,23159.07,34433.80696
1675857600,23159.07,23199.58,22857.0,22872.28,65167.42448
1675872000,22871.28,23042.95,22665.85,22874.89,73007.67562
1675886400,22873.9,22980.3,22778.93,22963.0,35738.24103
1675900800,22961.85,23011.39,22424.48,22518.44,65154.16827
1675915200,22519.56,22737.48,22353.71,22676.41,55075.60069
1675929600,22676.41,22770.0,22663.32,22685.79,41696.32449
1675944000,22685.79,22831.41,22556.32,22610.94,74349.41042
1675958400,22610.94,22623.41,21881.0,22032.71,93051.2266
1675972800,22030.99,22084.46,21688.0,21796.35,73567.96503
1675987200,21797.83,21938.16,21756.0,21825.59,44103.28784
1676001600,21825.59,21926.2,21622.4,21911.71,57049.51366
1676016000,21910.61,21926.91,21713.96,21733.52,53475.20812
1676030400,21732.63,21901.24,21520.0,21654.09,79689.38726
1676044800,21652.75,21799.0,21558.13,21771.09,59831.97353
1676059200,21772.26,21790.92,21451.0,21625.19,44442.57206
1676073600,21625.19,21725.95,21599.78,21678.56,33397.4464
1676088000,21678.56,21715.38,21640.03,21692.63,26123.14402
1676102400,21692.63,21705.0,21658.01,21697.44,26681.07439
1676116800,21697.44,21777.54,21662.11,21735.78,33330.44499
1676131200,21735.78,21737.89,21618.23,21662.63,26494.56227
1676145600,21662.36,21906.32,21645.21,21862.55,30994.91226
1676160000,21862.02,21890.16,21766.0,21781.38,25750.93181
1676174400,21781.38,21817.15,21761.04,21798.42,24728.18422
1676188800,21798.42,21960.0,21798.01,21888.31,32585.21424
1676203200,21888.31,21995.6,21756.04,21945.3,41637.6802
1676217600,21944.14,22090.0,21914.07,21997.18,38167.26838
1676232000,21997.18,22028.78,21630.0,21783.54,41566.37278
1676246400,21782.37,21876.43,21622.47,21808.6,45008.5028
1676260800,21808.6,21894.99,21792.86,21867.69,29927.77153
1676275200,21867.74,21874.97,21433.0,21603.11,71030.04136
1676289600,21602.8,21701.34,21556.0,21563.02,51668.73309
1676304000,21561.84,21678.0,21351.07,21607.81,62803.51308
1676318400,21607.81,21845.79,21559.95,21773.97,35292.20605
1676332800,21774.63,21816.62,21677.47,21700.42,31230.75357
1676347200,21700.42,21789.46,21684.59,21768.48,31733.58592
1676361600,21767.56,21875.42,21666.39,21809.81,44954.45087
1676376000,21809.81,22319.08,21532.77,22041.45,136833.56633
1676390400,22040.52,22245.0,21917.31,22208.65,77894.26418
1676404800,22207.96,22285.0,22122.7,22199.84,39311.78022
1676419200,22199.84,22200.88,22047.28,22099.49,36360.45775
1676433600,22099.13,22199.29,22072.55,22109.89,32290.25159
1676448000,22109.89,22500.0,22089.11,22445.13,49264.71292
1676462400,22444.28,22916.98,22443.24,22809.46,100777.72923
1676476800,22809.46,23353.87,22745.03,23318.9,70218.08957
1676491200,23320.18,24380.0,23296.3,24324.05,86757.92005
1676505600,24322.87,24905.0,24278.58,24732.42,58850.15163
1676520000,24731.6,24756.35,24430.12,24612.95,48051.21682
1676534400,24611.51,24664.49,24509.07,24568.55,39484.86925
1676548800,24567.93,25091.0,24283.35,25072.67,101794.47626
1676563200,25072.67,25250.0,24606.14,24872.58,108806.09222
1676577600,24872.58,24879.81,23505.25,23517.72,93093.87748
1676592000,23517.72,23914.58,23339.37,23838.64,69235.79241
1676606400,23838.64,23883.12,23612.0,23637.04,43781.38344
1676620800,23635.84,23861.78,23532.69,23789.82,58228.45005
1676635200,23789.12,24280.0,23710.0,24130.5,118441.1066
1676649600,24130.5,24560.64,23917.65,24524.49,115198.92622
1676664000,24524.49,25021.11,24051.73,24569.97,91927.55504
1676678400,24568.24,24787.5,24503.49,24609.68,37989.15667
1676692800,24609.68,24676.9,24430.0,24519.01,31352.25067
1676707200,24519.01,24607.82,24436.46,24519.42,33957.71014
1676721600,24519.93,24734.32,24488.43,24668.26,45000.52343
1676736000,24667.02,24877.0,24567.9,24608.34,45513.45782
1676750400,24608.34,24666.0,24514.03,24631.95,23104.1534
1676764800,24632.05,24770.67,24622.18,24681.69,24556.3165
1676779200,24682.1,24850.0,24563.23,24582.62,38276.37482
1676793600,24582.62,24706.77,24560.47,24669.43,30376.46031
1676808000,24669.43,25046.0,24656.44,24922.21,59494.57652
1676822400,24922.21,25192.0,24277.53,24523.79,99703.62008
1676836800,24523.04,24580.28,24192.57,24271.76,47988.64719
1676851200,24272.51,24480.44,23840.83,24418.95,63390.50289
1676865600,24417.86,24555.0,24402.87,24503.65,38007.57091
1676880000,24503.65,24983.71,24373.33,24890.0,79645.74015
1676894400,24889.0,25121.23,24720.0,24942.87,80964.87642
1676908800,24942.87,24957.32,24622.0,24872.19,56462.35763
1676923200,24872.18,24887.2,24655.0,24842.2,28467.52197
1676937600,24843.89,25093.23,24781.5,24926.56,47489.89991
1676952000,24926.56,25050.0,24854.18,24999.95,37867.03335
1676966400,24999.77,25250.0,24555.55,24572.83,86178.83261
1676980800,24572.83,24790.0,24408.0,24558.09,79603.75437
1676995200,24556.81,24745.78,24279.35,24602.88,75522.89551
1677009600,24602.88,24639.56,24148.34,24452.16,49338.41293
1677024000,24450.67,24476.05,23855.55,24201.85,66953.18365
1677038400,24202.67,24221.6,23931.0,24060.95,53259.16489
1677052800,24059.73,24216.55,23860.61,24160.87,58413.62449
1677067200,24160.87,24235.37,23627.08,23713.61,86251.40733
1677081600,23714.94,23972.97,23574.69,23791.67,74769.74135
1677096000,23791.68,24218.92,23735.19,24182.21,39778.63194
1677110400,24182.21,24599.59,24124.33,24454.85,58028.05449
1677124800,24454.85,24526.08,24311.35,24376.27,40892.96719
1677139200,24377.12,24494.28,23647.46,23780.2,72957.69926
1677153600,23780.21,24228.44,23608.0,23950.92,114931.1652
1677168000,23951.83,24056.0,23725.1,23971.5,72622.39716
1677182400,23971.51,24069.87,23756.77,23940.2,38968.17107
1677196800,23940.2,24132.35,23890.0,23954.05,37762.53136
1677211200,23954.5,23986.12,23766.6,23830.32,37287.85119
1677225600,23831.22,23973.79,23754.03,23883.72,38332.75164
1677240000,23883.72,24027.44,23322.01,23351.31,88325.951
1677254400,23349.25,23353.1,22841.19,23182.27,94448.70234
1677268800,23182.27,23332.79,22974.3,23185.29,47424.787
1677283200,23184.04,23219.13,23045.33,23077.64,26711.13207
1677297600,23077.12,23129.65,23023.23,23117.16,24808.07053
1677312000,23117.1,23158.16,22906.5,22983.85,35506.74408
1677326400,22983.85,23086.0,22858.35,23006.18,33363.06698
1677340800,23006.18,23086.29,22912.1,22983.05,31984.90521
1677355200,22983.78,23185.99,22722.0,23157.07,38937.89123
1677369600,23157.07,23250.0,23059.18,23214.53,25544.02597
1677384000,23214.53,23227.17,23090.0,23154.57,22591.59482
1677398400,23154.57,23293.97,23112.35,23253.44,27886.07588
1677412800,23253.44,23331.26,23126.47,23247.23,35538.36772
1677427200,23247.96,23544.93,23137.0,23499.33,42223.44384
1677441600,23499.33,23689.99,23323.42,23554.85,48540.228
1677456000,23554.85,23644.65,23432.76,23551.62,30792.51063
1677470400,23551.99,23561.34,23346.16,23423.31,30283.95062
1677484800,23423.88,23455.31,23332.65,23428.87,28495.85395
1677499200,23428.87,23897.99,23379.25,23559.4,83616.02692
1677513600,23557.66,23618.3,23150.0,23276.35,71456.59915
1677528000,23276.34,23582.98,23106.77,23492.09,39061.14463
1677542400,23492.09,23549.99,23349.57,23467.52,25897.10942
1677556800,23467.01,23470.44,23212.8,23236.68,29133.3021
1677571200,23235.63,23421.98,23200.0,23392.69,33078.50122
1677585600,23391.96,23579.12,23315.42,23518.3,68386.6113
1677600000,23519.08,23600.0,23205.06,23264.36,54116.84831
1677614400,23263.38,23343.55,23020.97,23141.57,53528.62659
1677628800,23141.57,23498.0,23020.03,23441.14,47163.64208
1677643200,23440.37,23847.0,23425.44,23716.06,49437.13297
1677657600,23716.06,24000.0,23673.44,23739.17,45593.75366
1677672000,23739.87,23888.0,23550.8,23711.09,71527.84275
1677686400,23711.09,23746.24,23328.16,23355.14,59540.49755
1677700800,23354.03,23674.6,23300.0,23628.97,42024.54836
1677715200,23629.76,23796.93,23423.17,23494.29,38918.66091
1677729600,23494.29,23546.82,23335.41,23391.87,27953.94328
1677744000,23391.87,23468.5,23337.37,23414.73,32030.91052
1677758400,23414.73,23434.26,23195.9,23361.11,63610.81714
1677772800,23361.1,23507.97,23231.29,23463.99,46562.98279
1677787200,23463.4,23567.52,23386.44,23465.32,30238.13755
1677801600,23465.32,23476.95,21971.13,22319.69,105002.30763
1677816000,22319.69,22411.36,22251.08,22360.78,39524.68367
1677830400,22360.78,22479.97,22300.14,22342.92,34119.07106
1677844800,22343.06,22498.99,22172.65,22336.33,63808.35172
1677859200,22335.84,22448.25,22229.25,22358.48,42253.91274
1677873600,22357.83,22378.22,22147.0,22354.34,35245.87103
1677888000,22354.34,22392.17,22323.05,22346.66,17092.81805
1677902400,22346.65,22410.0,22269.94,22359.09,20708.89441
1677916800,22359.44,22376.97,22322.3,22349.46,15610.44674
1677931200,22349.46,22398.0,22307.98,22317.87,19247.99791
1677945600,22317.38,22347.93,22227.2,22250.78,18483.98314
1677960000,22250.67,22359.0,22157.08,22346.57,30113.24107
1677974400,22346.57,22662.09,22189.22,22387.02,47822.67957
1677988800,22387.02,22470.93,22365.26,22375.7,19299.91498
1678003200,22375.7,22448.8,22316.63,22389.77,20090.00817
1678017600,22390.12,22494.96,22388.57,22436.18,22428.03796
1678032000,22436.7,22460.07,22374.6,22403.45,16269.59179
1678046400,22403.45,22560.0,22331.0,22430.24,28931.52539
1678060800,22430.24,22508.0,22258.0,22387.19,38270.80221
1678075200,22387.19,22436.0,22313.94,22392.74,20841.04209
1678089600,22392.74,22450.0,22355.0,22379.57,28144.14141
1678104000,22379.95,22602.19,22357.08,22553.42,44162.64438
1678118400,22554.43,22586.98,22358.0,22393.35,45283.05605
1678132800,22393.35,22450.0,22320.01,22410.0,27050.14343
1678147200,22409.41,22557.91,22377.69,22460.54,28066.33637
1678161600,22460.99,22479.85,22408.09,22419.71,21032.34041
1678176000,22420.29,22432.6,22321.0,22351.02,35538.29626
1678190400,22351.02,22489.88,21927.0,22320.9,97281.67866
1678204800,22321.98,22394.08,22054.92,22124.77,62136.24828
1678219200,22125.99,22230.51,21943.0,22197.96,48464.90914
1678233600,22198.56,22287.0,22084.3,22152.52,30155.52102
1678248000,22152.52,22167.73,21840.13,21971.03,47071.5731
1678262400,21971.83,22144.2,21944.55,22072.45,41053.20652
1678276800,22071.98,22229.04,21876.66,22140.8,81155.91342
1678291200,22139.97,22218.3,21944.25,21997.25,47324.56273
1678305600,21997.25,22133.75,21580.0,21705.44,54699.79593
1678320000,21704.37,21806.68,21629.43,21769.66,35431.65786
1678334400,21770.37,21774.69,21665.67,21688.54,27862.16425
1678348800,21688.54,21700.0,21527.0,21669.38,52297.6602
1678363200,21669.38,21834.99,21552.84,21648.57,71861.08871
1678377600,21647.42,21675.22,20766.2,20854.93,127310.48874
1678392000,20856.3,20867.3,20042.72,20362.22,128895.22608
1678406400,20362.21,20367.78,19776.22,20052.07,111144.42259
1678420800,20052.07,20065.0,19776.55,19953.58,83995.86888
1678435200,19953.58,19977.0,19549.09,19760.78,96978.28705
1678449600,19761.12,20321.19,19657.11,20004.96,152618.48716
1678464000,20004.96,20307.73,19824.06,20024.32,109663.76524
1678478400,20022.72,20240.4,19850.0,20150.69,64055.63618
1678492800,20150.69,20686.51,20135.05,20393.88,98589.40007
1678507200,20393.89,20435.43,19823.82,19850.81,76336.21941
1678521600,19850.81,20208.36,19765.03,20086.07,81791.94176
1678536000,20086.07,20205.46,20030.0,20061.98,50101.82477
1678550400,20062.77,20331.44,19992.24,20220.96,62707.52998
1678564800,20220.98,20529.91,20214.63,20455.73,58304.90534
1678579200,20455.73,20502.46,20303.53,20376.46,51370.51344
1678593600,20376.47,20440.8,20270.6,20346.71,35988.61581
1678608000,20346.71,20497.34,20333.8,20445.43,39710.54197
1678622400,20445.56,20466.0,20284.39,20358.96,49787.13406
1678636800,20359.59,21331.75,20341.85,20779.54,124989.68987
1678651200,20779.54,22150.0,20755.76,21997.11,129098.44773
1678665600,21998.05,22600.0,21860.74,22231.62,111447.41727
1678680000,22232.76,22506.0,22222.88,22458.72,68170.49795
1678694400,22458.87,22539.64,21813.88,22106.64,112208.05043
1678708800,22106.63,24500.0,21959.0,23981.72,216519.77954
1678723200,23981.72,24393.83,23755.0,24279.91,122447.56492
1678737600,24277.25,24311.99,23938.0,24113.48,57096.00248
1678752000,24112.27,24496.41,23986.02,24374.2,70241.14758
1678766400,24375.68,24820.0,24139.06,24247.64,78968.84513
1678780800,24246.75,24820.0,24118.28,24743.04,90925.96183
1678795200,24743.05,26386.87,24458.04,25894.67,210348.01513
1678809600,25894.67,26001.81,24212.49,25054.15,144791.97024
1678824000,25048.39,25167.9,23976.42,24670.41,104084.99432
1678838400,24670.41,25074.24,24284.6,24717.65,74592.62791
1678852800,24716.87,24918.59,24599.0,24871.28,49951.0718
1678867200,24872.54,24922.22,24255.0,24754.5,92660.51407
1678881600,24753.27,25196.97,24371.6,24471.01,172954.88765
1678896000,24471.01,24523.0,23896.95,24366.71,137774.37953
1678910400,24369.97,24633.02,24223.0,24285.66,53517.24888
1678924800,24285.66,24439.8,24123.0,24265.43,52421.25766
1678939200,24265.44,24685.0,24182.0,24614.27,58224.85322
1678953600,24615.79,25066.32,24374.35,24824.62,94332.38827
1678968000,24826.33,25032.74,24515.23,24888.44,105164.77326
1678982400,24889.94,25167.4,24620.0,24953.21,75970.81647
1678996800,24953.21,25090.0,24623.52,24998.78,53307.2411
1679011200,24998.78,25896.0,24890.0,25781.66,92627.82966
1679025600,25781.66,26196.4,25656.0,26058.45,82998.31022
1679040000,26060.07,26970.0,25918.02,26918.73,122412.61854
1679054400,26920.11,26935.12,26118.19,26421.34,129230.31572
1679068800,26419.28,26860.66,26264.0,26834.87,93862.34173
1679083200,26834.87,27756.84,26588.38,27395.13,103329.26504
1679097600,27395.13,27724.85,27060.0,27307.54,81541.36167
1679112000,27306.57,27612.31,27212.56,27359.89,43190.10831
1679126400,27360.43,27500.0,27055.83,27443.09,48227.50229
1679140800,27443.09,27637.2,27057.0,27226.23,68303.82651
1679155200,27227.63,27489.94,26578.0,27329.83,84968.97465
1679169600,27329.14,27449.95,26810.0,26907.49,45007.19831
1679184000,26907.49,27255.19,26901.02,27198.71,36110.46659
1679198400,27198.71,27291.4,26827.22,26974.81,36337.34801
1679212800,26973.76,27200.0,26872.0,27160.98,41991.39588
1679227200,27162.33,27750.0,27110.12,27546.62,71743.09938
1679241600,27546.62,28376.0,27470.0,28255.87,113916.61398
1679256000,28255.35,28390.1,27738.0,27972.87,71968.0667
1679270400,27972.87,28057.44,27124.47,27269.17,78217.14607
1679284800,27269.18,28268.0,27141.36,28183.13,74108.85462
1679299200,28183.13,28472.0,27919.66,28188.93,101047.66229
1679313600,28188.95,28258.58,27620.0,27694.46,93832.37034
1679328000,27698.15,28041.48,27461.35,27785.1,82313.05852
1679342400,27784.57,28186.71,27577.02,27717.01,47859.14189
1679356800,27717.01,27953.33,27664.51,27787.29,50949.32902
1679371200,27787.29,27968.0,27303.1,27505.25,66335.07466
1679385600,27505.25,28177.0,27393.52,28040.13,82017.60625
1679400000,28040.13,28244.87,27730.0,28041.06,100474.3209
1679414400,28041.06,28438.55,27935.07,28126.84,84240.60599
1679428800,28126.85,28214.99,27900.0,28105.47,36912.80538
1679443200,28107.81,28280.0,27945.44,28154.14,37000.16051
1679457600,28154.14,28288.0,28028.24,28103.69,22588.25375
1679472000,28103.68,28213.23,28000.0,28122.74,16280.67428
1679486400,28122.73,28736.0,28105.35,28595.07,35677.15924
1679500800,28595.06,28868.05,26650.27,26667.33,84244.59506
1679515200,26668.8,27437.98,26601.8,27250.97,28322.57012
1679529600,27250.97,27428.69,27105.0,27356.78,13920.76715
1679544000,27356.79,27700.0,27258.0,27631.93,14310.97848
1679558400,27631.93,27738.27,27439.5,27584.53,11897.09818
1679572800,27584.52,28750.0,27275.92,28580.87,40190.57705
1679587200,28580.86,28647.05,27772.22,28369.99,34052.53912
1679601600,28369.82,28438.0,27967.93,28295.41,14277.6482
1679616000,28295.42,28374.3,28134.86,28219.98,8820.33865
1679630400,28219.98,28335.32,28102.15,28274.59,9065.12568
1679644800,28274.58,28295.72,27934.48,28080.0,14569.39777
1679659200,28079.99,28253.01,27835.0,28018.04,14181.52699
1679673600,28018.04,28059.63,27523.81,27821.6,20321.9705
1679688000,27821.59,27860.0,27000.0,27454.47,19283.70585
1679702400,27454.46,27658.2,27420.0,27581.65,7631.30004
1679716800,27581.65,27608.2,27375.9,27485.36,7176.48565
1679731200,27485.37,27537.79,27309.8,27457.2,7012.9894
1679745600,27457.19,27787.33,27357.14,27647.43,10741.6268
1679760000,27647.44,27730.0,27159.57,27189.68,11693.92908
1679774400,27189.69,27529.29,27156.09,27462.95,6587.75005
1679788800,27462.96,27650.0,27417.76,27529.26,5328.00445
1679803200,27529.27,27570.93,27462.15,27504.94,3807.16894
1679817600,27504.94,27915.08,27480.01,27865.95,8183.69994
1679832000,27865.96,28194.4,27695.0,27803.89,17696.05035
1679846400,27803.89,27934.57,27635.18,27827.95,5605.98308
1679860800,27827.95,28143.0,27670.71,27968.05,9050.79677
1679875200,27968.05,28023.86,27781.6,27888.68,6854.66298
1679889600,27888.68,27935.17,27666.0,27808.81,8855.5393
1679904000,27808.8,27996.28,27768.55,27892.69,7616.84015
1679918400,27892.69,27923.42,26508.14,26903.62,39066.20195
1679932800,26903.63,27313.42,26858.79,26968.94,16613.0284
1679947200,26968.93,27255.0,26877.82,27124.91,9033.1962
1679961600,27124.9,27176.05,26800.0,26971.71,11049.59827
1679976000,26971.71,27142.25,26872.11,26962.88,9458.87712
1679990400,26962.89,27155.38,26631.78,27057.36,15726.76618
1680004800,27057.36,27210.0,26835.31,26998.63,15937.25349
1680019200,26998.63,27520.0,26745.0,27425.99,18090.07394
1680033600,27425.98,27492.8,27095.66,27261.07,8339.87441
1680048000,27261.06,27479.36,27240.1,27367.45,7124.26009
1680062400,27367.44,28164.48,27349.68,28086.82,22445.56265
1680076800,28086.82,28650.0,28040.34,28353.99,23446.56936
1680091200,28354.0,28590.0,28230.85,28442.79,16417.40637
1680105600,28442.8,28448.68,28135.82,28419.49,11647.76233
1680120000,28419.49,28500.0,28211.0,28348.6,8404.59928
1680134400,28348.6,29184.68,28090.06,28489.18,28533.03962
1680148800,28489.19,28775.6,28442.79,28725.01,11891.4425
1680163200,28725.0,28748.76,28500.0,28644.79,10631.82494
1680177600,28644.79,28691.45,28169.5,28300.33,17202.57157
1680192000,28300.32,28301.01,27686.0,27986.09,20579.80879
1680206400,27986.1,28197.96,27786.66,28028.53,10026.74514
1680220800,28028.53,28375.0,27916.34,28168.41,11765.30998
1680235200,28168.41,28219.36,27511.71,27738.48,15529.91399
1680249600,27738.48,27992.05,27688.0,27927.97,10543.8057
1680264000,27927.97,28656.69,27870.93,28494.99,24322.41408
1680278400,28495.0,28541.18,28262.87,28469.31,9395.77884
1680292800,28469.31,28632.94,28337.46,28465.36,6640.8988
1680307200,28465.36,28819.71,28408.57,28541.1,7594.11361
1680321600,28541.1,28625.1,28351.35,28424.99,5673.20621
1680336000,28424.98,28485.11,28360.65,28372.85,4134.1087
1680350400,28372.84,28473.9,28220.27,28400.07,5187.63015
1680364800,28400.07,28443.04,28280.0,28381.98,3397.25326
1680379200,28381.97,28577.0,28379.63,28452.73,4252.1356
1680393600,28452.74,28530.0,28355.0,28476.59,3671.10292
1680408000,28476.58,28490.4,28381.54,28416.38,2774.33739
1680422400,28416.37,28450.9,28306.8,28357.93,3482.11028
1680436800,28357.93,28361.0,28037.59,28124.81,10410.79993
1680451200,28124.8,28229.9,27856.43,27943.85,9548.76463
1680465600,27943.84,28203.35,27858.29,28171.87,7478.54177
1680480000,28171.87,28182.17,27560.0,27753.85,11150.24369
1680494400,27753.85,27962.9,27588.0,27958.74,7740.46106
1680508800,27958.73,28500.99,27958.73,28253.73,16752.02691
1680523200,28253.73,28375.0,27945.19,28051.48,12843.96705
1680537600,28051.48,28238.53,27875.0,28081.08,10815.36454
1680552000,28081.08,28093.56,27200.24,27800.0,19877.9508
1680566400,27800.0,27965.0,27662.79,27855.06,7378.74569
1680580800,27855.06,28145.0,27775.37,28021.3,7401.39758
1680595200,28021.31,28444.44,27931.2,28289.52,11327.61021
1680609600,28289.51,28399.0,27947.59,28030.04,11827.84541
1680624000,28030.05,28260.0,27971.07,28189.25,6969.29766
1680638400,28189.25,28305.0,28078.63,28165.47,4817.66036
1680652800,28165.47,28775.0,28099.68,28544.72,14845.01269
1680667200,28544.73,28624.35,28455.0,28525.21,5559.92922
1680681600,28525.2,28600.0,28450.5,28554.38,5619.6494
1680696000,28554.37,28750.0,27860.0,28031.09,19633.382
1680710400,28031.09,28308.04,27805.1,28240.64,11011.74625
1680724800,28240.64,28300.0,28132.16,28170.01,4067.92776
1680739200,28170.01,28182.05,27878.6,28128.42,6441.25347
1680753600,28128.42,28130.0,27907.77,27910.97,4898.59822
1680768000,27910.97,28028.6,27711.0,27945.52,8497.72048
1680782400,27945.51,28181.05,27750.0,28090.39,10932.58337
1680796800,28090.39,28165.88,27950.9,28017.77,5293.83638
1680811200,28017.77,28121.87,27900.0,28033.82,4054.95771
1680825600,28033.83,28100.0,27926.52,28038.66,3144.63896
1680840000,28038.67,28062.73,27766.94,27839.78,4967.42754
1680854400,27839.79,27961.67,27785.0,27840.9,5563.5226
1680868800,27840.89,27984.75,27800.0,27944.1,5761.76975
1680883200,27944.09,27953.47,27856.0,27897.52,2550.36482
1680897600,27897.51,27980.74,27839.02,27906.33,2774.3702
1680912000,27906.34,28059.39,27859.02,28023.39,3614.73585
1680926400,28023.39,28154.99,27974.14,28086.22,4034.10068
1680940800,28086.22,28114.94,27990.57,28016.09,2664.16144
1680955200,28016.09,28057.0,27950.0,28014.7,3002.75065
1680969600,28014.71,28020.0,27872.11,27924.13,3619.71605
1680984000,27924.13,27987.41,27885.86,27938.38,2544.50268
1680998400,27938.38,28083.45,27924.9,28027.71,3682.55851
1681012800,28027.71,28067.46,27840.51,27903.02,5008.26881
1681027200,27903.01,27949.99,27800.0,27930.2,3470.02822
1681041600,27930.2,27973.39,27800.0,27891.91,3818.27012
1681056000,27891.91,28250.0,27876.68,28140.4,6527.39031
1681070400,28140.41,28530.0,28094.5,28323.76,10024.64504
1681084800,28323.76,28425.43,28244.18,28278.45,5372.26276
1681099200,28278.45,28325.43,28196.61,28284.57,4995.24453
1681113600,28284.57,28375.02,28275.01,28305.6,5234.32286
1681128000,28305.59,28575.04,28170.0,28439.38,10137.40167
1681142400,28439.39,29380.0,28356.51,29173.06,27035.28756
1681156800,29173.05,29770.0,29069.1,29637.34,14979.54282
1681171200,29637.35,30430.0,29590.0,30115.95,20828.19269
1681185600,30115.95,30169.14,29800.0,30106.89,10285.50672
1681200000,30106.9,30147.38,29974.0,30055.15,7339.48746
1681214400,30055.14,30280.0,29975.0,30194.22,11314.16156
1681228800,30194.23,30550.0,30040.0,30130.02,10970.16011
1681243200,30130.02,30274.19,29940.0,30200.42,7252.56767
1681257600,30200.43,30350.07,29811.82,29922.04,11394.97178
1681272000,29922.04,30070.42,29850.0,29987.0,6069.48422
1681286400,29986.99,30050.47,29895.98,30016.3,5584.43686
1681300800,30016.31,30486.0,29637.4,29964.02,26308.52652
1681315200,29964.03,30091.01,29760.13,29798.59,8528.50057
1681329600,29798.59,29979.74,29775.68,29888.07,4163.56456
1681344000,29888.07,30200.0,29854.59,30072.17,5485.41854
1681358400,30072.17,30128.59,29982.93,30068.6,5087.64391
1681372800,30068.6,30374.87,30039.0,30159.82,10749.49629
1681387200,30159.81,30595.0,30134.16,30441.43,14771.58975
1681401600,30441.43,30535.76,30262.4,30335.13,9458.03277
1681416000,30335.13,30394.7,30205.0,30373.84,6381.93605
1681430400,30373.84,30893.79,30310.03,30690.88,18523.2894
1681444800,30690.89,31000.0,30674.53,30733.72,11910.85727
1681459200,30733.73,30827.27,30657.14,30801.89,7627.76445
1681473600,30801.89,30850.0,30101.0,30237.89,19633.71604
1681488000,30237.88,30357.8,29966.0,30324.09,12230.50318
1681502400,30324.09,30522.07,30272.25,30466.93,6058.06418
1681516800,30466.93,30595.6,30278.08,30376.14,5746.9438
1681531200,30376.13,30467.92,30337.97,30433.3,4154.39976
1681545600,30433.29,30470.0,30364.7,30385.3,3667.82496
1681560000,30385.31,30444.0,30285.0,30325.27,4272.47036
1681574400,30325.27,30339.35,30202.0,30331.74,4726.84822
1681588800,30331.74,30360.19,30236.39,30295.09,2861.32537
1681603200,30295.1,30319.04,30120.0,30249.37,3384.26015
1681617600,30249.36,30399.4,30245.82,30344.97,2921.29461
1681632000,30344.97,30353.96,30220.4,30226.45,3645.14709
1681646400,30226.46,30362.0,30160.4,30332.98,4673.57527
1681660800,30332.98,30549.99,30259.69,30309.06,6879.44808
1681675200,30309.05,30407.98,30192.0,30304.65,4928.26802
1681689600,30304.66,30316.06,29740.64,29982.8,13105.03703
1681704000,29982.8,30007.56,29832.0,29838.3,5573.07492
1681718400,29838.3,29922.5,29366.0,29570.81,11957.93933
1681732800,29570.8,29593.14,29240.65,29358.31,13750.46214
1681747200,29358.3,29580.17,29330.85,29467.24,7312.65763
1681761600,29467.25,29536.93,29391.92,29430.27,4742.64022
1681776000,29430.27,29500.0,29096.78,29446.99,7340.04494
1681790400,29447.0,29803.0,29442.56,29775.62,8003.36187
1681804800,29775.61,30381.68,29693.1,30380.59,13941.09794
1681819200,30380.59,30485.0,30099.37,30184.86,16268.45181
1681833600,30184.85,30274.21,29945.58,30221.52,9976.92726
1681848000,30221.53,30450.0,30150.0,30380.01,6475.01052
1681862400,30380.01,30413.53,30126.0,30211.23,5329.7858
1681876800,30211.23,30325.51,29980.0,30077.76,7472.46844
1681891200,30077.76,30077.76,29000.0,29310.65,32617.02212
1681905600,29310.64,29500.0,29100.0,29260.44,12985.95001
1681920000,29260.43,29370.0,29080.0,29227.07,8902.9979
1681934400,29227.06,29315.61,28520.0,28797.1,19267.26229
1681948800,28797.1,29000.0,28549.0,28862.52,11329.84169
1681963200,28862.51,29088.3,28818.8,28869.66,7669.56391
1681977600,28869.66,28951.0,28590.0,28607.13,8737.40051
1681992000,28607.12,28978.69,28334.0,28506.69,18458.73713
1682006400,28506.7,28658.81,28010.0,28104.38,21464.77891
1682020800,28104.38,28365.5,28012.0,28243.65,9218.77157
1682035200,28243.65,28374.02,28090.0,28321.41,7136.4826
1682049600,28321.42,28348.0,27815.89,28155.03,14964.65602
1682064000,28155.02,28237.3,27919.69,28066.21,9486.35341
1682078400,28066.22,28308.45,27962.65,28040.7,14095.50499
1682092800,28040.7,28090.54,27184.54,27279.91,20779.11295
1682107200,27279.9,27409.62,27125.0,27262.84,11222.65793
1682121600,27262.84,27367.77,27140.35,27322.16,5410.17958
1682136000,27322.15,27397.63,27225.0,27277.76,4190.23201
1682150400,27277.75,27324.58,27184.24,27286.65,4851.36968
1682164800,27286.65,27562.17,27231.0,27488.93,6866.08949
1682179200,27488.93,27804.38,27484.63,27622.61,8389.52746
1682193600,27622.61,27882.72,27566.91,27816.85,6316.29864
1682208000,27816.85,27816.85,27415.56,27557.84,6582.80343
1682222400,27557.83,27751.47,27531.85,27718.9,4072.92515
1682236800,27718.89,27777.0,27482.79,27642.9,5189.51221
1682251200,27642.89,27735.25,27311.25,27474.47,5943.17948
1682265600,27474.47,27689.83,27330.0,27465.77,8237.43783
1682280000,27465.78,27650.28,27402.88,27590.6,4786.23771
1682294400,27590.59,28000.0,27427.3,27790.48,8178.33983
1682308800,27790.49,27800.0,27350.0,27451.97,6200.98667
1682323200,27451.98,27553.24,27157.14,27550.84,10313.90924
1682337600,27550.83,27720.57,27200.0,27267.05,11420.22805
1682352000,27267.06,27579.8,26942.82,27383.29,12309.41846
1682366400,27383.28,27560.73,27320.47,27510.93,4688.68649
1682380800,27510.93,27590.28,27313.74,27345.72,5310.06861
1682395200,27345.71,27459.58,27240.8,27266.54,5140.31121
1682409600,27266.54,27443.63,27192.0,27390.96,6631.97649
1682424000,27390.96,27482.71,27199.17,27345.0,8847.60442
1682438400,27345.0,27790.19,27316.2,27611.4,10129.47641
1682452800,27611.39,28399.99,27611.01,28300.79,16265.70923
1682467200,28300.8,28481.0,28244.62,28309.1,9794.44476
1682481600,28309.09,28599.0,28301.05,28376.18,8441.48637
1682496000,28376.19,29138.83,28371.99,28952.32,21338.25434
1682510400,28952.31,30036.0,28952.31,29820.03,29557.57382
1682524800,29820.02,29900.0,27694.06,27884.24,27955.54863
1682539200,27884.25,28739.99,27235.0,28415.29,32141.09611
1682553600,28415.29,29480.5,28378.86,28885.79,22447.76067
1682568000,28885.78,29278.88,28632.25,28893.83,12428.75979
1682582400,28893.84,29139.85,28780.45,28934.21,11084.1798
1682596800,28934.21,29555.0,28661.58,29149.73,17936.04093
1682611200,29149.74,29890.0,29013.44,29673.98,20847.10485
1682625600,29673.98,29783.15,29255.53,29472.77,10686.97827
1682640000,29472.77,29599.54,29330.0,29420.52,9071.8883
1682654400,29420.52,29566.92,29396.89,29488.83,7539.59531
1682668800,29488.83,29495.34,29137.76,29235.36,9546.8493
1682683200,29235.36,29467.36,28891.0,29146.89,16054.08157
1682697600,29146.88,29437.81,29101.28,29328.53,8039.55295
1682712000,29328.53,29429.36,29276.75,29311.7,4046.19835
1682726400,29311.69,29400.0,29195.58,29345.74,4266.76284
1682740800,29345.75,29448.88,29289.44,29345.54,3485.37764
1682755200,29345.54,29360.0,29234.39,29332.11,3230.99493
1682769600,29332.11,29393.39,29210.24,29271.21,3619.27524
1682784000,29271.21,29309.05,29031.0,29240.67,3877.98484
1682798400,29240.68,29265.0,29138.25,29230.45,1986.43509
1682812800,29230.45,29230.49,29079.59,29178.87,2342.26797
1682827200,29178.88,29295.96,29171.22,29266.43,2111.33452
1682841600,29266.43,29348.31,29160.53,29197.01,2785.88414
1682856000,29197.02,29969.39,29182.74,29655.18,12772.70758
1682870400,29655.18,29870.22,29211.28,29361.13,12470.01847
1682884800,29361.13,29486.5,29160.96,29233.21,7270.32452
1682899200,29233.2,29337.34,28369.95,28561.06,15966.85068
1682913600,28561.07,28713.94,28250.15,28629.09,8593.24272
1682928000,28629.08,28670.1,28487.42,28523.86,4839.78726
1682942400,28523.85,28629.42,28075.36,28170.64,12056.92682
1682956800,28170.64,28410.95,27799.99,27843.36,14168.83144
1682971200,27843.35,28159.26,27666.95,28068.26,8808.02066
1682985600,28068.26,28145.6,27918.49,28043.76,5134.45129
1683000000,28043.75,28164.55,27872.0,28057.47,4237.79005
1683014400,28057.47,28133.33,27939.4,28084.83,5040.42695
1683028800,28084.83,28767.08,27910.0,28540.68,20134.60393
1683043200,28540.69,28879.88,28431.48,28686.14,10323.68451
1683057600,28686.13,28815.43,28616.08,28669.86,5953.56567
1683072000,28669.85,28689.35,28336.3,28520.9,6054.38189
1683086400,28520.89,28680.0,28427.56,28653.8,5308.0261
1683100800,28653.81,28767.93,28526.18,28543.74,6103.80959
1683115200,28543.73,28583.33,28113.69,28311.51,13681.91671
1683129600,28311.52,28800.0,28211.08,28322.98,19116.3162
1683144000,28322.97,29266.66,28285.19,29026.16,14351.34164
1683158400,29026.16,29195.94,28950.98,29096.86,6023.39211
1683172800,29096.85,29237.73,29038.31,29058.19,5854.55975
1683187200,29058.2,29379.83,28982.58,29154.66,6802.18312
1683201600,29154.65,29232.87,28663.64,28866.19,13921.52127
1683216000,28866.2,28972.92,28673.59,28895.12,6804.94862
1683230400,28895.31,28920.0,28748.0,28838.16,3168.87014
1683244800,28838.16,29531.0,28819.77,29198.23,11947.31875
1683259200,29198.22,29275.0,29029.87,29062.29,7022.92515
1683273600,29062.29,29195.97,29022.27,29149.36,5306.30763
1683288000,29149.36,29439.99,28800.0,29356.45,16673.08266
1683302400,29356.44,29677.0,29315.78,29561.66,13062.47594
1683316800,29561.66,29650.0,29450.69,29505.61,4403.72035
1683331200,29505.6,29820.0,29337.83,29353.61,8317.65484
1683345600,29353.62,29437.01,29250.65,29363.35,4244.22179
1683360000,29363.34,29367.2,29132.14,29266.15,7223.00274
1683374400,29266.16,29267.24,28300.0,28576.61,17920.04251
1683388800,28576.62,28964.68,28535.26,28842.82,7823.22553
1683403200,28842.82,28880.49,28642.0,28848.2,3721.13718
1683417600,28848.19,29138.29,28744.08,28798.56,6222.87665
1683432000,28798.57,28952.56,28787.02,28910.41,3568.17865
1683446400,28910.42,28960.03,28705.12,28840.06,4273.23723
1683460800,28840.07,29095.88,28840.0,28942.67,5289.32095
1683475200,28942.66,29029.11,28770.69,28907.73,4257.69952
1683489600,28907.73,28952.87,28395.23,28430.1,6392.09728
1683504000,28430.09,28631.01,28004.23,28199.71,14859.1196
1683518400,28199.72,28262.19,27830.85,27975.48,8390.05014
1683532800,27975.47,27989.11,27577.01,27934.09,12536.98963
1683547200,27934.09,28082.14,27669.5,27887.58,11265.19598
1683561600,27887.58,27930.21,27289.39,27340.72,15387.57351
1683576000,27340.72,27699.8,27262.0,27668.79,5805.43293
1683590400,27668.8,27749.34,27534.55,27629.34,6065.10248
1683604800,27629.35,27673.72,27437.32,27666.64,6284.15386
1683619200,27666.63,27728.99,27517.7,27678.31,6095.98208
1683633600,27678.31,27818.0,27370.01,27400.39,10521.56892
1683648000,27400.39,27750.0,27353.0,27716.32,7606.46136
1683662400,27716.32,27775.18,27521.49,27628.27,3540.04199
1683676800,27628.28,27849.94,27620.19,27685.29,5494.08267
1683691200,27685.29,27720.97,27529.88,27542.26,4166.55679
1683705600,27542.26,27679.1,27474.91,27677.09,4341.29032
1683720000,27677.08,28331.42,27635.81,28153.2,20173.02813
1683734400,28153.21,28299.15,26777.0,27692.26,27681.52219
1683748800,27692.27,27982.23,27219.0,27598.75,9298.63345
1683763200,27598.74,27622.68,27367.76,27446.9,5751.34688
1683777600,27446.9,27553.21,27395.88,27450.07,4068.24392
1683792000,27450.07,27490.29,27257.98,27405.61,5364.94429
1683806400,27405.62,27630.14,26952.0,27179.42,14153.77268
1683820800,27179.43,27219.52,26702.05,26843.05,13568.21685
1683835200,26843.06,27060.47,26807.22,26968.62,4728.78903
1683849600,26968.61,27091.12,26528.01,26584.32,9615.45856
1683864000,26584.33,26710.0,26120.74,26311.52,15964.27071
1683878400,26311.51,26437.0,26234.79,26348.01,6428.01795
1683892800,26348.02,26614.67,26271.65,26320.84,10467.89536
1683907200,26320.83,26500.0,25811.46,26459.62,13923.67108
1683921600,26459.63,26894.9,26360.85,26795.01,10808.62128
1683936000,26795.01,26983.98,26692.03,26808.27,5326.73837
1683950400,26808.27,26870.19,26695.41,26771.88,3324.74278
1683964800,26771.87,26877.0,26746.53,26823.94,2880.66763
1683979200,26823.93,26904.98,26736.0,26816.25,3969.69792
1683993600,26816.25,27045.45,26757.32,26837.94,4607.2156
1684008000,26837.93,26939.4,26750.0,26775.28,2705.84191
1684022400,26775.27,26874.42,26560.53,26865.03,4054.69409
1684036800,26865.04,26898.87,26793.53,26855.21,1996.19316
1684051200,26855.22,26886.73,26790.02,26805.98,2360.00891
1684065600,26805.97,27200.0,26744.7,27082.02,6476.4122
1684080000,27082.01,27135.04,26827.23,26878.97,4269.87056
1684094400,26878.96,26961.55,26842.57,26917.62,2437.62468
1684108800,26917.61,27290.93,26726.0,27232.8,8804.15424
1684123200,27232.8,27550.03,27180.01,27407.48,9336.327
1684137600,27407.47,27485.5,27315.55,27336.12,4994.35313
1684152000,27336.12,27534.0,27221.2,27396.8,6016.97493
1684166400,27396.81,27663.59,27317.9,27418.24,7697.17284
1684180800,27418.24,27418.24,27126.73,27162.14,3581.10119
1684195200,27162.15,27296.89,26852.11,27130.0,7412.18425
1684209600,27130.02,27252.59,26993.71,27252.58,4084.89688
1684224000,27252.58,27286.08,26987.02,27059.03,6519.02741
1684238400,27059.03,27137.69,26900.0,27038.02,7185.69731
1684252800,27038.01,27151.51,26880.0,26933.05,5291.70789
1684267200,26933.06,27049.74,26897.34,27033.84,2776.94077
1684281600,27033.85,27238.55,26982.93,27060.04,4465.66046
1684296000,27060.05,27100.0,26760.0,26845.14,5043.29563
1684310400,26845.14,26914.3,26573.62,26637.62,7683.56934
1684324800,26637.61,26836.06,26544.71,26796.93,8211.97472
1684339200,26796.93,27447.29,26741.36,27385.09,11344.69624
1684353600,27385.09,27500.0,27274.45,27405.61,6209.78146
1684368000,27405.62,27485.33,27286.58,27365.69,4794.02065
1684382400,27365.69,27454.14,27152.29,27391.61,5687.90418
1684396800,27391.61,27440.01,27334.02,27398.97,4932.72046
1684411200,27398.97,27472.14,27021.95,27086.77,11379.91575
1684425600,27086.78,27118.36,26361.2,26734.01,17649.2143
1684440000,26734.01,27065.27,26691.2,26821.28,4754.87609
1684454400,26821.28,26929.04,26749.33,26834.73,3284.92163
1684468800,26834.73,26960.24,26812.03,26851.38,3895.84769
1684483200,26851.39,26926.61,26790.72,26855.89,3835.92219
1684497600,26855.9,27183.6,26630.0,26883.65,10729.53517
1684512000,26883.65,26973.56,26780.73,26834.46,5009.72566
1684526400,26834.47,26921.21,26807.73,26880.26,1998.1831
1684540800,26880.26,26908.42,26825.11,26865.58,1482.13696
1684555200,26865.59,26873.63,26835.1,26854.98,1564.32919
1684569600,26854.98,26917.38,26854.97,26880.06,1835.86678
1684584000,26880.05,26976.0,26875.51,26945.66,2592.17838
1684598400,26945.67,27150.0,26913.25,27063.03,4920.8158
1684612800,27063.04,27129.36,26967.18,27102.43,2039.22007
1684627200,27102.42,27277.55,27063.09,27176.22,3192.89918
1684641600,27176.22,27176.22,27047.88,27054.99,2189.06207
1684656000,27055.0,27085.81,26776.23,26829.94,5097.44885
1684670400,26829.93,26977.0,26803.58,26898.97,4298.7889
1684684800,26898.97,26933.33,26832.98,26902.12,2779.63268
1684699200,26902.13,26926.29,26666.03,26747.78,3790.04111
1684713600,26747.78,26779.54,26538.21,26644.8,5217.78929
1684728000,26644.8,26913.14,26643.12,26843.13,4019.96121
1684742400,26843.12,26900.0,26767.34,26826.78,2625.2567
1684756800,26826.79,27099.89,26702.91,26877.18,8413.07143
1684771200,26877.17,26930.0,26781.99,26862.43,4148.42459
1684785600,26862.43,26959.52,26833.21,26849.27,2034.33506
1684800000,26849.28,27442.03,26798.11,27366.67,11734.74573
1684814400,27366.67,27495.83,27205.01,27304.4,9379.21247
1684828800,27304.4,27349.0,27250.32,27337.36,4034.79813
1684843200,27337.36,27386.26,27175.19,27320.05,5982.18313
1684857600,27320.04,27328.48,27100.79,27181.22,4947.99802
1684872000,27181.23,27249.38,27151.38,27219.61,2621.9011
1684886400,27219.61,27219.61,26649.88,26786.0,8310.29731
1684900800,26786.01,26830.42,26613.0,26678.67,7316.11741
1684915200,26678.67,26839.02,26670.0,26742.24,5232.44209
1684929600,26742.25,26742.25,26080.5,26314.69,19023.6564
1684944000,26314.69,26397.64,26159.97,26252.33,8949.56603
1684958400,26252.34,26486.46,26242.62,26329.01,5560.98646
1684972800,26329.0,26394.37,25871.89,26183.72,8738.553
1684987200,26183.73,26300.0,26126.76,26131.27,4175.09584
1685001600,26131.27,26335.16,26128.37,26296.62,4349.74729
1685016000,26296.61,26499.99,26168.6,26226.12,9538.70156
1685030400,26226.12,26631.98,26207.47,26468.68,7740.72317
1685044800,26468.67,26551.02,26432.46,26473.79,2892.62809
1685059200,26473.8,26539.34,26350.0,26435.14,4447.14298
1685073600,26435.14,26534.05,26327.24,26501.33,3969.78034
1685088000,26501.34,26549.0,26423.62,26463.29,5035.26395
1685102400,26463.29,26932.16,26355.81,26750.21,12837.29542
1685116800,26750.22,26837.34,26610.49,26767.21,6306.29004
1685131200,26767.22,26807.5,26686.0,26705.92,2465.4144
1685145600,26705.93,26782.73,26633.0,26752.0,2670.95052
1685160000,26752.0,26786.51,26710.0,26722.8,2156.5994
1685174400,26722.8,26732.66,26666.37,26699.02,2242.83881
1685188800,26699.02,26777.77,26551.0,26690.05,3174.31189
1685203200,26690.06,26846.0,26620.35,26729.6,2781.7237
1685217600,26729.6,26895.0,26726.01,26854.27,2069.26238
1685232000,26854.28,27247.1,26764.36,27187.23,8004.20461
1685246400,27187.24,27285.52,27128.41,27226.37,5618.39448
1685260800,27226.38,27344.23,27136.01,27153.76,4114.67614
1685275200,27153.76,27280.0,27100.02,27272.17,4058.9424
1685289600,27272.17,27746.33,27212.91,27525.99,10140.27075
1685304000,27525.99,28261.32,27525.99,28065.0,11979.52017
1685318400,28065.01,28447.14,27914.28,27954.99,12178.46709
1685332800,27954.99,28047.01,27841.0,27907.87,6651.3647
1685347200,27907.86,27971.01,27745.78,27913.87,5028.062
1685361600,27913.87,27949.7,27588.0,27630.51,7542.99192
1685376000,27630.5,27737.99,27524.6,27637.94,7602.66189
1685390400,27637.94,27818.0,27554.57,27736.4,3381.87185
1685404800,27736.39,27940.55,27584.45,27829.23,4057.20611
1685419200,27829.23,27848.28,27672.93,27733.22,3551.68079
1685433600,27733.22,28038.59,27712.19,28021.4,6468.5174
1685448000,28021.39,28027.78,27615.0,27673.08,9424.08758
1685462400,27673.08,27862.84,27554.0,27850.2,5809.72829
1685476800,27850.21,27855.13,27651.17,27694.4,3375.53354
1685491200,27694.39,27835.51,27571.04,27657.3,4589.66625
1685505600,27657.29,27677.67,26968.49,27167.9,14852.80264
1685520000,27167.91,27203.73,26994.33,27097.18,7051.71041
1685534400,27097.18,27231.34,26851.0,26911.54,10524.42883
1685548800,26911.55,27123.43,26839.01,27010.57,5607.89699
1685563200,27010.57,27299.99,27005.16,27210.35,3962.30061
1685577600,27210.36,27350.0,26605.05,26779.94,11213.18795
1685592000,26779.93,26883.6,26746.0,26802.67,4613.77433
1685606400,26802.66,26951.07,26790.96,26892.96,4275.56782
1685620800,26892.95,26981.34,26782.53,26894.48,6481.67546
1685635200,26894.47,27175.0,26656.0,26862.68,8974.24713
1685649600,26862.68,26942.98,26713.34,26817.93,3659.35611
1685664000,26817.93,27017.0,26505.0,27000.0,7016.0416
1685678400,27000.01,27213.0,26949.4,27049.65,6856.64454
1685692800,27049.65,27183.07,27049.38,27130.75,3577.11
1685707200,27130.75,27240.0,26860.71,27095.92,9100.69076
1685721600,27095.93,27287.64,27006.22,27239.02,6294.35686
1685736000,27239.03,27300.0,27143.37,27242.59,3536.05893
1685750400,27242.59,27242.6,27092.0,27143.2,2715.88602
1685764800,27143.2,27212.78,27105.73,27174.42,1822.46448
1685779200,27174.42,27181.0,27112.73,27129.79,2020.98723
1685793600,27129.78,27333.29,27126.85,27305.26,3088.32066
1685808000,27305.27,27318.63,27025.59,27096.36,4087.75798
1685822400,27096.37,27124.68,26914.93,27069.22,2859.9248
1685836800,27069.22,27100.43,26951.0,27061.38,2017.63875
1685851200,27061.37,27163.94,27027.0,27150.45,2458.23876
1685865600,27150.46,27249.86,27123.81,27198.55,2737.05084
1685880000,27198.54,27298.0,27160.11,27179.0,3447.67191
1685894400,27179.0,27222.0,27155.0,27213.11,1986.61888
1685908800,27213.11,27455.02,27043.65,27115.21,6611.19135
1685923200,27115.2,27129.33,26791.04,26843.58,6449.76559
1685937600,26843.57,26870.54,26740.38,26829.99,5422.13247
1685952000,26830.0,26840.77,26668.0,26773.39,4723.46593
1685966400,26773.39,26817.61,26000.0,26007.53,14719.7066
1685980800,26007.53,26074.51,25388.0,25629.99,27456.05814
1685995200,25630.0,25858.42,25509.98,25728.2,7034.47432
1686009600,25728.2,25801.09,25601.0,25730.83,5737.28976
1686024000,25730.83,25821.41,25706.18,25722.33,4562.45045
1686038400,25722.34,25797.0,25640.33,25686.64,4705.4168
1686052800,25686.64,26143.69,25351.02,26066.11,18580.6297
1686067200,26066.12,27216.89,26066.11,27080.13,21954.76955
1686081600,27080.12,27355.33,26857.92,27230.08,12852.04812
1686096000,27230.07,27391.77,26720.47,26909.01,11374.06381
1686110400,26909.01,26980.04,26753.01,26795.87,5395.14109
1686124800,26795.87,26968.0,26352.0,26896.14,12299.41041
1686139200,26896.14,26932.1,26236.0,26349.52,16129.1175
1686153600,26349.52,26553.78,26240.47,26482.42,7669.83392
1686168000,26482.43,26493.3,26125.01,26339.34,6751.87691
1686182400,26339.34,26470.0,26210.0,26344.17,5218.61987
1686196800,26344.16,26523.93,26290.19,26444.69,3725.37329
1686211200,26444.68,26504.94,26368.04,26432.0,3204.5364
1686225600,26432.01,26810.0,26300.0,26721.68,10657.94023
1686240000,26721.69,26732.24,26414.02,26539.9,5458.16496
1686254400,26539.86,26649.97,26488.01,26498.61,2810.87608
1686268800,26498.62,26596.58,26269.91,26483.7,5322.52752
1686283200,26483.69,26576.55,26424.35,26493.43,3615.92481
1686297600,26493.44,26685.43,26491.66,26610.19,4887.18214
1686312000,26610.18,26783.33,26452.86,26477.37,7205.6206
1686326400,26477.36,26529.54,26383.05,26407.15,4445.40191
1686340800,26407.15,26500.0,26397.11,26477.81,2458.05272
1686355200,26477.8,26533.87,26266.0,26323.07,5021.65979
1686369600,26323.07,26349.17,25456.41,25651.09,28094.05597
1686384000,25651.08,25750.25,25561.25,25731.4,7165.46892
1686398400,25731.41,25731.41,25572.94,25628.8,5268.77063
1686412800,25628.81,26154.0,25358.0,25750.0,14974.92299
1686427200,25750.01,25932.02,25679.59,25841.21,4419.72278
1686441600,25841.22,25864.32,25695.0,25727.51,4218.10619
1686456000,25727.51,25834.59,25634.7,25741.33,3668.97441
1686470400,25741.32,25842.44,25695.0,25796.06,3776.68664
1686484800,25796.05,25806.11,25672.68,25751.36,4082.10621
1686499200,25751.36,26106.66,25738.07,26030.89,8314.30254
1686513600,26030.89,26206.88,25745.03,25925.55,5954.11996
1686528000,25925.54,26028.5,25602.11,25791.29,6665.93933
1686542400,25791.29,25905.63,25744.06,25802.98,3896.06919
1686556800,25802.97,26106.48,25780.0,25988.83,5833.76222
1686571200,25988.82,25993.6,25734.47,25824.63,5467.66761
1686585600,25824.63,25966.18,25652.04,25824.23,5214.5963
1686600000,25824.23,25970.05,25804.3,25905.19,2822.47428
1686614400,25905.2,26157.99,25818.07,26063.85,6646.9644
1686628800,26063.85,26133.03,25973.7,26073.92,3654.18194
1686643200,26073.91,26272.25,26060.77,26191.81,7274.19395
1686657600,26191.81,26433.21,25712.57,25759.54,15947.44516
1686672000,25759.54,25978.37,25739.38,25902.84,4582.14533
1686686400,25902.83,25959.26,25808.1,25934.25,2960.67775
1686700800,25934.24,26055.99,25911.6,25985.07,3250.7713
1686715200,25985.06,26005.36,25837.13,25897.72,3115.6103
1686729600,25897.71,26028.58,25885.35,25975.71,3129.69928
1686744000,25975.71,26085.33,25927.22,25986.75,4693.52887
1686758400,25986.74,26098.0,25753.38,25874.59,8531.61707
1686772800,25874.58,25879.69,24820.56,25128.6,22356.08926
1686787200,25128.6,25206.52,25030.01,25065.35,4255.38633
1686801600,25065.35,25072.35,24872.35,24983.8,7733.13657
1686816000,24983.81,25050.0,24800.0,25014.97,8784.77975
1686830400,25014.97,25108.54,24921.11,24959.95,8435.0323
1686844800,24959.96,25518.49,24929.0,25455.49,9617.56919
1686859200,25455.49,25759.01,25220.25,25598.49,9838.95649
1686873600,25598.49,25606.59,25440.39,25561.74,3915.20068
1686888000,25561.75,25629.73,25475.84,25537.01,4070.48779
1686902400,25537.0,25624.38,25462.03,25474.51,5108.24521
1686916800,25474.51,25896.78,25175.56,25840.01,12940.05194
1686931200,25840.0,26518.0,25774.02,26382.43,20866.29228
1686945600,26382.43,26464.58,26287.97,26345.0,4696.63872
1686960000,26345.01,26372.4,26181.0,26262.16,3497.08278
1686974400,26262.17,26839.99,26246.0,26593.57,9565.95016
1686988800,26593.58,26657.09,26473.5,26507.76,4665.11979
1687003200,26507.75,26585.48,26311.0,26410.82,5426.02563
1687017600,26410.82,26538.37,26378.95,26475.3,2713.13332
1687032000,26475.31,26595.13,26465.42,26516.99,1974.90782
1687046400,26516.99,26548.63,26378.98,26548.45,2397.66907
1687060800,26548.46,26680.0,26472.03,26584.98,4069.09898
1687075200,26584.99,26596.0,26456.83,26500.0,2525.69386
1687089600,26500.0,26573.35,26444.0,26562.09,3559.38335
1687104000,26562.09,26657.99,26525.99,26650.0,2834.3115
1687118400,26650.01,26700.0,26255.85,26339.97,6152.15346
1687132800,26339.98,26469.58,26256.61,26403.36,2818.66359
1687147200,26403.36,26478.87,26369.0,26428.01,2925.34742
1687161600,26428.0,26459.18,26364.4,26447.73,2824.90303
1687176000,26447.73,26576.87,26348.01,26444.0,5446.90953
1687190400,26443.99,27068.09,26308.45,26682.28,16596.08384
1687204800,26682.29,26859.36,26652.19,26844.35,5260.75233
1687219200,26844.35,27179.03,26798.68,26896.52,7510.40809
1687233600,26896.53,27033.24,26755.0,26832.44,5125.51154
1687248000,26832.45,26912.0,26702.47,26907.99,4550.36223
1687262400,26907.99,27134.73,26652.0,27071.93,8935.82439
1687276800,27071.94,28140.0,27001.73,27982.77,30469.11578
1687291200,27982.77,28402.74,27872.0,28307.99,13075.73322
1687305600,28308.0,29088.09,28257.99,28711.15,17152.45801
1687320000,28711.15,29005.0,28680.0,28872.28,11260.27734
1687334400,28872.28,29221.99,28787.7,28930.0,11143.04259
1687348800,28930.0,30000.0,28875.81,29851.58,27907.23239
1687363200,29851.58,30800.0,29763.37,30112.03,32165.45866
1687377600,30112.02,30195.77,29800.0,29993.89,9297.93513
1687392000,29993.89,30500.0,29891.15,30296.01,10104.59967
1687406400,30296.0,30350.0,30010.0,30100.75,7689.18523
1687420800,30100.75,30244.0,29840.09,29928.0,10681.90715
1687435200,29928.01,30351.14,29525.61,29850.65,16896.20667
1687449600,29850.65,30234.83,29821.5,30213.11,8943.57285
1687464000,30213.11,30256.76,29880.0,29884.92,4739.09303
1687478400,29884.92,30054.0,29800.0,30007.96,4581.18928
1687492800,30007.97,30082.25,29904.29,29931.99,4355.16293
1687507200,29932.0,30195.0,29906.71,30140.87,6057.11746
1687521600,30140.86,31400.0,29911.07,31238.0,26083.48619
1687536000,31238.01,31431.94,30615.33,30880.87,25886.97674
1687550400,30880.88,30950.0,30453.1,30688.5,6967.96375
1687564800,30688.51,30794.11,30410.0,30730.01,6049.00866
1687579200,30730.0,30788.0,30552.01,30567.58,3587.21749
1687593600,30567.58,30742.73,30552.78,30684.38,3478.09199
1687608000,30684.37,30800.0,30282.07,30398.71,7419.33976
1687622400,30398.72,30709.36,30250.0,30627.84,6143.31292
1687636800,30627.84,30627.85,30408.95,30527.43,3836.33053
1687651200,30527.44,30783.68,30465.41,30748.46,3538.22628
1687665600,30748.46,31046.01,30666.87,30723.78,8518.57452
1687680000,30723.78,30761.7,30584.51,30716.03,3922.90014
1687694400,30716.03,30739.8,30462.0,30585.16,5838.8806
1687708800,30585.16,30655.11,30328.0,30429.78,4871.42995
1687723200,30429.78,30571.89,30277.49,30462.66,3533.43652
1687737600,30462.67,30550.0,29963.6,30296.36,9207.88051
1687752000,30296.35,30580.0,30164.79,30404.29,6806.5466
1687766400,30404.28,30428.36,30130.0,30322.89,5433.69289
1687780800,30322.89,30666.0,30257.02,30419.62,9096.84715
1687795200,30419.63,30432.0,29930.0,30243.97,11221.92192
1687809600,30243.97,30290.0,30099.0,30267.99,3413.52582
1687824000,30267.99,30496.88,30226.17,30371.57,4890.13774
1687838400,30371.56,30470.8,30233.58,30411.22,4152.72217
1687852800,30411.23,30786.99,30336.0,30729.1,8932.93349
1687867200,30729.09,30994.97,30383.0,30498.74,13404.27576
1687881600,30498.74,30769.96,30455.5,30648.03,7509.05985
1687896000,30648.03,30736.24,30554.09,30692.44,3810.51256
1687910400,30692.44,30709.74,30336.36,30452.75,5422.85
1687924800,30452.74,30488.83,30155.75,30186.13,6169.86931
1687939200,30186.14,30388.0,30150.98,30310.73,4469.60145
1687953600,30310.73,30490.86,30009.0,30411.06,10958.22627
1687968000,30411.07,30466.36,29858.8,30100.0,9490.07497
1687982400,30099.99,30218.55,29948.82,30077.41,3952.89737
1687996800,30077.4,30245.9,30049.98,30176.0,2950.73551
1688011200,30176.0,30421.48,30141.05,30340.29,3650.28435
1688025600,30340.29,30750.0,30337.23,30670.94,9512.82089
1688040000,30670.95,30843.98,30400.0,30478.8,10056.97009
1688054400,30478.79,30663.37,30416.63,30584.99,5567.6853
1688068800,30584.99,30639.9,30250.0,30447.31,4592.13289
1688083200,30447.31,30883.68,30347.17,30745.05,7913.86236
1688097600,30745.06,31282.0,30610.01,30765.09,15308.46395
1688112000,30765.1,30963.2,30717.5,30910.01,6842.23429
1688126400,30910.01,31137.36,29500.0,30067.72,36336.678
1688140800,30067.72,30748.08,29925.5,30372.36,18843.02962
1688155200,30372.37,30544.44,30340.46,30472.0,4174.80796
1688169600,30471.99,30534.74,30375.85,30398.01,4008.04076
1688184000,30398.02,30472.69,30320.57,30459.88,3285.51834
1688198400,30459.87,30600.0,30420.77,30523.02,2775.7443
1688212800,30523.02,30661.6,30503.94,30572.58,3801.28671
1688227200,30572.59,30633.92,30543.99,30609.51,2240.4209
1688241600,30609.51,30612.68,30548.88,30585.9,1390.73974
1688256000,30585.9,30649.99,30463.16,30509.31,3211.40133
1688270400,30509.3,30553.17,30470.01,30513.01,2300.42674
1688284800,30513.01,30552.0,30484.0,30544.74,1915.72134
1688299200,30544.74,30628.0,30155.0,30498.01,5741.64801
1688313600,30498.0,30693.14,30366.65,30557.74,4005.03205
1688328000,30557.74,30791.0,30425.47,30617.03,6112.18072
1688342400,30617.02,30800.01,30587.77,30756.65,3617.65215
1688356800,30756.65,30795.8,30606.0,30667.19,4529.14702
1688371200,30667.19,30700.92,30583.01,30625.22,5651.3227
1688385600,30625.22,31170.0,30570.27,31068.64,11506.76313
1688400000,31068.64,31380.0,30800.8,31255.84,12496.68998
1688414400,31255.83,31299.16,30900.0,31156.2,5960.06813
1688428800,31156.2,31350.69,31096.48,31195.69,5915.60031
1688443200,31195.68,31212.26,30879.29,30911.41,6224.065
1688457600,30911.4,31080.0,30867.68,31067.99,4279.90524
1688472000,31067.99,31080.0,30886.0,30964.37,5117.54936
1688486400,30964.38,31130.0,30620.0,30696.84,8695.01225
1688500800,30696.84,30843.73,30668.5,30766.51,2973.98727
1688515200,30766.52,30878.07,30752.0,30868.71,2838.19206
1688529600,30868.71,30869.57,30762.0,30774.25,2778.41767
1688544000,30774.24,30810.34,30350.0,30404.3,9136.14566
1688558400,30404.31,30452.0,30200.0,30356.11,10424.67966
1688572800,30356.11,30591.57,30333.7,30431.95,4635.72484
1688587200,30431.95,30539.13,30383.83,30504.81,3402.51133
1688601600,30504.8,30560.51,30327.0,30490.85,2865.18104
1688616000,30490.85,30857.89,30438.26,30803.19,6076.76347
1688630400,30803.2,31500.0,30701.0,30846.55,20483.84413
1688644800,30846.55,30887.1,29888.0,30407.01,27112.31388
1688659200,30407.0,30464.13,30157.41,30309.88,7633.47953
1688673600,30309.88,30345.18,29850.45,29895.43,7148.04405
1688688000,29895.42,30165.64,29701.02,30135.4,8889.61673
1688702400,30135.41,30300.0,29930.53,30007.4,5605.28806
1688716800,30007.41,30199.0,29970.0,30118.7,4267.97548
1688731200,30118.7,30443.75,30041.05,30390.83,8978.21955
1688745600,30390.83,30449.0,30116.0,30246.2,4029.29082
1688760000,30246.21,30346.06,30214.16,30344.7,2300.14831
1688774400,30344.7,30386.81,30257.07,30274.83,2033.13323
1688788800,30274.82,30279.19,30145.21,30193.36,2329.32411
1688803200,30193.36,30313.98,30156.23,30201.71,2090.67845
1688817600,30201.72,30239.37,30152.19,30208.0,1628.14246
1688832000,30208.01,30318.25,30044.47,30112.0,2961.09304
1688846400,30112.0,30289.99,30054.06,30284.63,2052.21913
1688860800,30284.63,30402.98,30246.47,30287.99,2693.84185
1688875200,30287.99,30299.89,30233.33,30265.0,1865.45368
1688889600,30265.0,30310.0,30240.0,30266.69,1557.55664
1688904000,30266.7,30445.52,30190.0,30349.47,4204.63044
1688918400,30349.47,30349.74,30204.0,30242.42,1814.15215
1688932800,30242.43,30249.99,30061.12,30160.71,3252.8672
1688947200,30160.71,30240.0,29950.0,30156.17,5431.19593
1688961600,30156.17,30160.0,30050.29,30112.1,2853.31032
1688976000,30112.11,30245.9,30000.02,30240.0,4702.37808
1688990400,30240.0,30362.0,30143.21,30312.81,5908.11612
1689004800,30312.82,30840.0,30241.0,30837.4,7615.41653
1689019200,30837.4,31045.78,30190.0,30411.57,14752.45954
1689033600,30411.57,30600.0,30363.29,30476.0,4533.99483
1689048000,30475.99,30658.0,30430.88,30535.38,4563.71355
1689062400,30535.38,30567.32,30344.28,30404.31,4397.68536
1689076800,30404.31,30813.63,30300.0,30596.45,7750.28791
1689091200,30596.44,30693.87,30405.0,30581.99,4536.83905
1689105600,30582.0,30650.0,30501.56,30622.1,2694.31241
1689120000,30622.1,30671.38,30497.95,30588.32,3576.286
1689134400,30588.32,30849.01,30565.53,30740.0,4266.19442
1689148800,30740.0,30809.13,30656.0,30776.25,3490.22801
1689163200,30776.25,30983.25,30461.59,30524.63,15884.13856
1689177600,30524.63,30538.44,30210.0,30287.47,7668.51251
1689192000,30287.48,30419.99,30238.28,30380.0,3223.63719
1689206400,30380.0,30433.25,30274.0,30298.01,3210.23446
1689220800,30298.01,30426.91,30251.0,30366.02,3711.05195
1689235200,30366.01,30637.06,30345.05,30543.99,4724.52462
1689249600,30543.99,31170.0,30459.91,30917.48,15742.34992
1689264000,30917.48,31804.2,30718.27,31606.01,33413.97579
1689278400,31606.0,31691.46,31000.0,31454.23,9970.38162
1689292800,31454.23,31630.0,31333.0,31460.0,8667.09146
1689307200,31459.99,31469.0,31075.25,31098.74,5686.39884
1689321600,31098.75,31287.85,31083.95,31209.59,4545.37951
1689336000,31209.58,31360.11,31050.0,31240.48,5568.76486
1689350400,31240.49,31275.5,29900.0,30115.17,29179.61822
1689364800,30115.18,30319.03,29985.31,30312.01,7102.23135
1689379200,30312.0,30390.9,30200.0,30292.91,3765.02048
1689393600,30292.9,30366.83,30257.45,30338.0,2509.41585
1689408000,30338.0,30371.67,30263.25,30311.99,2699.92345
1689422400,30311.99,30365.04,30250.99,30303.41,2114.38171
1689436800,30303.4,30358.18,30256.89,30326.47,1864.0798
1689451200,30326.47,30326.47,30269.96,30289.52,1165.732
1689465600,30289.52,30335.0,30064.29,30188.0,4106.79294
1689480000,30188.0,30311.99,30134.59,30265.22,1941.43927
1689494400,30265.23,30350.0,30265.22,30306.01,2061.54158
1689508800,30306.01,30441.46,30273.08,30379.95,3061.26246
1689523200,30379.96,30403.13,30200.43,30252.93,2207.15898
1689537600,30252.94,30361.0,30122.95,30231.99,2381.93287
1689552000,30232.0,30336.96,30176.03,30312.66,2046.85414
1689566400,30312.66,30323.05,30232.06,30281.0,2300.08203
1689580800,30281.01,30328.0,29965.39,30161.7,6972.3241
1689595200,30161.7,30308.0,30032.0,30174.83,5199.39113
1689609600,30174.84,30241.03,29659.2,29884.39,10264.88813
1689624000,29884.4,30285.71,29881.41,30138.0,4099.22886
1689638400,30138.01,30239.78,30073.96,30073.96,2946.84335
1689652800,30073.97,30118.19,29921.54,29968.13,4074.27718
1689667200,29968.13,30111.68,29810.0,29884.01,5367.53981
1689681600,29884.0,30034.15,29675.0,29912.0,7997.98214
1689696000,29912.01,29964.99,29512.0,29715.99,7221.04629
1689710400,29715.98,29865.0,29690.65,29859.13,2396.17133
1689724800,29859.14,30076.71,29839.5,30059.11,3876.95657
1689739200,30059.1,30189.09,29966.48,30000.68,4281.65902
1689753600,30000.68,30046.0,29867.17,30012.63,3539.89276
1689768000,30012.62,30128.0,29761.96,29956.46,6395.6526
1689782400,29956.46,30100.0,29870.0,30044.31,4369.91637
1689796800,30044.31,30054.0,29830.36,29909.21,3193.28405
1689811200,29909.21,30047.95,29881.29,29948.01,2444.85301
1689825600,29948.0,30246.98,29926.88,30202.77,5123.20299
1689840000,30202.78,30417.46,30166.67,30284.9,7608.78698
1689854400,30284.9,30316.0,29627.04,29810.18,11993.35064
1689868800,29810.17,29872.71,29570.96,29756.0,6738.857
1689883200,29756.0,29888.0,29669.56,29800.0,3631.63131
1689897600,29800.0,29953.01,29726.34,29897.62,4221.94752
1689912000,29897.62,29904.0,29751.9,29766.81,3343.90966
1689926400,29766.81,29851.37,29729.76,29778.51,3237.11897
1689940800,29778.51,29913.94,29778.5,29866.0,4668.9474
1689955200,29866.0,30061.7,29770.0,29875.99,5597.68776
1689969600,29875.99,29955.0,29833.93,29901.72,2811.79734
1689984000,29901.72,29999.0,29896.0,29903.41,2730.91284
1689998400,29903.4,29990.0,29848.0,29944.77,2257.82522
1690012800,29944.78,29979.92,29864.48,29886.94,2527.3291
1690027200,29886.93,29907.35,29828.77,29900.24,1964.17495
1690041600,29900.23,29908.71,29801.66,29836.0,1801.40881
1690056000,29836.0,29839.75,29625.1,29794.0,3378.75375
1690070400,29793.99,29893.77,29730.0,29845.72,2210.12963
1690084800,29845.71,29980.88,29845.71,29916.0,2924.91327
1690099200,29916.0,29959.0,29884.0,29888.58,2006.54126
1690113600,29888.59,29931.51,29852.29,29897.64,1417.20165
1690128000,29897.64,30350.0,29897.63,30093.12,6979.01521
1690142400,30093.12,30143.5,29920.37,30083.75,2754.98535
1690156800,30083.75,30099.58,29669.83,29716.01,4955.72652
1690171200,29716.0,29870.0,29660.0,29828.0,3839.73703
1690185600,29828.0,29832.54,29000.0,29269.99,12633.36871
1690200000,29269.99,29270.0,28861.9,29093.78,11841.66927
1690214400,29093.78,29157.15,29000.0,29117.99,4363.62637
1690228800,29117.99,29210.0,29090.36,29176.5,1994.86901
1690243200,29176.5,29183.34,29047.65,29111.0,3185.67346
1690257600,29111.0,29165.3,29074.55,29142.46,2754.17235
1690272000,29142.46,29282.0,29120.0,29128.29,3420.58834
1690286400,29128.29,29340.57,29082.84,29181.51,6818.58052
1690300800,29181.5,29376.0,29181.5,29198.83,3475.16328
1690315200,29198.82,29255.99,29183.93,29228.91,1911.56985
1690329600,29228.91,29412.88,29096.94,29242.81,4301.44969
1690344000,29242.8,29320.84,29180.0,29216.61,3303.70822
1690358400,29216.61,29240.54,29160.33,29175.39,2818.48677
1690372800,29175.39,29354.0,29166.36,29324.0,5180.25464
1690387200,29324.01,29499.0,29195.0,29401.93,9364.62077
1690401600,29401.93,29690.0,29280.01,29351.96,8963.11357
1690416000,29351.95,29450.44,29302.01,29405.78,2433.06591
1690430400,29405.78,29499.41,29378.6,29412.17,3487.8236
1690444800,29412.18,29567.49,29396.0,29507.03,3279.97998
1690459200,29507.02,29507.03,29236.78,29292.01,5407.7351
1690473600,29292.0,29333.22,29083.85,29163.83,5538.09551
1690488000,29163.83,29238.0,29133.5,29222.78,2329.77616
1690502400,29222.78,29305.3,29188.15,29253.85,3009.31278
1690516800,29253.84,29266.0,29135.15,29140.8,3783.45723
1690531200,29140.79,29246.08,29123.12,29206.59,3823.62755
1690545600,29206.58,29542.22,29206.58,29387.99,7235.3303
1690560000,29387.99,29399.98,29194.05,29316.0,4641.51658
1690574400,29316.0,29364.46,29284.68,29314.14,1500.37183
1690588800,29314.14,29396.15,29296.0,29371.89,2528.35734
1690603200,29371.9,29406.92,29295.0,29295.01,2178.5164
1690617600,29295.0,29330.55,29256.18,29267.16,1989.92338
1690632000,29267.16,29335.25,29261.87,29292.34,1933.64564
1690646400,29292.34,29349.62,29290.6,29338.02,1140.45592
1690660800,29338.03,29380.92,29338.02,29352.9,1080.46976
1690675200,29352.9,29352.92,29306.03,29314.92,971.6578
1690689600,29314.93,29331.98,29268.65,29294.31,1373.60195
1690704000,29294.3,29326.47,29232.22,29314.0,2125.5252
1690718400,29314.0,29449.0,29278.38,29349.37,3896.8527
1690732800,29349.36,29405.66,29113.51,29202.28,3341.76402
1690747200,29202.28,29284.0,29033.24,29281.09,3997.57274
1690761600,29281.09,29530.0,29264.0,29421.99,4109.65797
1690776000,29422.0,29443.68,29360.66,29373.61,2975.90381
1690790400,29373.62,29420.06,29332.32,29405.99,3067.69901
1690804800,29405.99,29473.97,29225.97,29247.98,4845.7793
1690819200,29247.99,29274.99,29101.8,29157.48,4521.86978
1690833600,29157.49,29295.24,29115.64,29232.25,3084.57977
1690848000,29232.26,29347.16,28720.0,28835.0,8673.02328
1690862400,28835.01,28970.81,28803.5,28937.3,4964.8536
1690876800,28937.31,28995.59,28862.18,28862.19,3644.73244
1690891200,28862.19,28980.0,28585.7,28954.0,9581.32861
1690905600,28953.99,29335.0,28864.01,29274.41,8846.63298
1690920000,29274.42,29739.25,29180.0,29705.99,9009.08071
1690934400,29705.99,30047.5,29622.5,29632.96,12892.26158
1690948800,29632.96,29719.77,29564.0,29577.26,5196.11558
1690963200,29577.25,29577.26,29378.62,29562.49,6827.56627
1690977600,29562.49,29603.8,29169.04,29321.4,9531.2654
1690992000,29321.39,29364.0,28927.5,29151.56,11051.05572
1691006400,29151.57,29233.06,29066.35,29186.01,2683.38686
1691020800,29186.0,29275.8,29126.34,29182.14,3369.62096
1691035200,29182.13,29192.0,29013.04,29044.17,3838.38639
1691049600,29044.16,29197.78,28968.0,29146.01,3557.08908
1691064000,29146.01,29433.33,29078.43,29259.07,7234.91983
1691078400,29259.07,29368.86,29137.55,29281.32,5040.57791
1691092800,29281.32,29361.14,29165.46,29193.64,3436.32577
1691107200,29193.65,29251.68,29100.0,29161.29,2758.43275
1691121600,29161.28,29253.02,29134.7,29212.92,2786.72183
1691136000,29212.91,29263.52,29137.0,29167.51,3233.96545
1691150400,29167.51,29333.08,29130.0,29274.28,5261.81968
1691164800,29274.28,29286.7,28950.0,29032.06,5475.27303
1691179200,29032.05,29130.35,28807.54,29113.99,4035.73943
1691193600,29114.0,29152.23,29065.11,29094.53,2238.91853
1691208000,29094.52,29097.72,29035.0,29052.81,2237.92793
1691222400,29052.81,29090.39,29044.37,29048.0,2385.2365
1691236800,29048.01,29082.13,28978.64,29041.49,2527.96804
1691251200,29041.49,29099.0,29009.37,29067.35,1293.61863
1691265600,29067.36,29092.38,29052.5,29072.13,961.85055
1691280000,29072.13,29078.95,29036.0,29063.99,1730.38101
1691294400,29064.0,29107.48,29045.96,29092.68,2554.57467
1691308800,29092.68,29142.0,29047.82,29078.01,2173.81719
1691323200,29078.01,29078.01,28991.88,29012.93,2574.91787
1691337600,29012.92,29102.91,29000.52,29088.0,1393.09127
1691352000,29088.0,29205.09,29038.13,29088.42,2751.41519
1691366400,29088.43,29229.62,29018.25,29162.67,3469.1155
1691380800,29162.66,29197.82,29050.77,29094.09,3151.67245
1691395200,29094.09,29153.86,29045.14,29091.44,2870.95625
1691409600,29091.44,29150.0,28788.73,28858.44,8042.90902
1691424000,28858.45,29186.74,28701.03,29154.91,10217.00216
1691438400,29154.91,29276.78,29121.12,29211.06,3215.22208
1691452800,29211.06,29260.1,29146.45,29195.08,2613.81378
1691467200,29195.09,29331.24,29181.81,29187.62,3984.65386
1691481600,29187.62,29441.96,29171.47,29438.63,4673.9121
1691496000,29438.63,29674.7,29354.0,29535.39,12230.25712
1691510400,29535.38,29950.0,29535.38,29884.24,13510.46737
1691524800,29884.23,30244.0,29685.76,29770.42,8687.42969
1691539200,29770.41,29883.1,29613.0,29716.01,5699.9951
1691553600,29716.0,29821.29,29673.34,29818.0,4621.81004
1691568000,29818.01,29914.19,29740.01,29888.32,4765.65488
1691582400,29888.32,30160.0,29676.86,29761.7,11490.49149
1691596800,29761.7,29774.0,29396.95,29416.22,8420.25502
1691611200,29416.21,29626.0,29376.67,29581.99,3005.68072
1691625600,29581.99,29660.06,29566.66,29582.63,3086.43915
1691640000,29582.63,29616.98,29491.11,29512.0,3524.95587
1691654400,29511.99,29559.98,29476.0,29504.01,3463.97279
1691668800,29504.01,29738.0,29400.0,29466.0,8102.29021
1691683200,29465.99,29478.07,29320.2,29444.52,3677.42824
1691697600,29444.52,29488.29,29422.71,29455.75,1608.36747
1691712000,29455.76,29498.17,29352.47,29412.0,2899.21477
1691726400,29412.0,29490.0,29380.04,29417.28,3351.66422
1691740800,29417.28,29452.33,29350.0,29445.96,3809.67776
1691755200,29445.96,29564.52,29354.0,29395.89,5863.2428
1691769600,29395.9,29431.03,29252.45,29396.76,3515.35274
1691784000,29396.76,29444.73,29396.76,29426.03,1197.89201
1691798400,29426.02,29460.73,29381.56,29402.07,1581.2942
1691812800,29402.06,29426.68,29384.82,29421.49,1711.51601
1691827200,29421.48,29434.35,29390.57,29429.85,2189.80574
1691841600,29429.85,29458.1,29408.28,29438.81,1390.34294
1691856000,29438.81,29481.35,29411.58,29416.16,1263.44937
1691870400,29416.17,29433.16,29400.0,29430.17,835.07242
1691884800,29430.18,29455.21,29400.0,29418.56,1168.69051
1691899200,29418.56,29418.57,29363.0,29396.36,1836.11114
1691913600,29396.37,29416.53,29375.49,29383.38,1855.11829
1691928000,29383.39,29393.76,29362.0,29374.2,1507.97478
1691942400,29374.19,29474.65,29328.21,29442.91,2401.6459
1691956800,29442.91,29446.0,29272.32,29303.84,2332.16885
1691971200,29303.85,29429.95,29102.45,29399.91,9359.80818
1691985600,29399.91,29469.63,29392.6,29422.01,2986.60563
1692000000,29422.01,29495.76,29383.63,29409.99,3167.54657
1692014400,29410.0,29672.0,29332.61,29599.99,7136.81271
1692028800,29600.0,29695.32,29257.0,29360.54,6860.28114
1692043200,29360.54,29471.31,29338.12,29430.93,1932.06109
1692057600,29430.92,29454.23,29371.99,29402.01,2988.63804
1692072000,29402.0,29435.02,29351.33,29408.84,3759.31138
1692086400,29408.83,29457.44,29358.0,29366.0,4590.74949
1692100800,29365.99,29499.26,29315.0,29332.66,5517.77561
1692115200,29332.67,29369.23,29059.6,29181.73,7775.93801
1692129600,29181.73,29243.08,29135.81,29200.0,2871.46438
1692144000,29200.01,29259.85,29184.96,29228.51,3589.09589
1692158400,29228.51,29235.54,29111.0,29197.67,4292.06725
1692172800,29197.67,29216.46,29100.0,29164.67,4256.97828
1692187200,29164.67,29211.34,29047.09,29106.55,5632.45835
1692201600,29106.55,29235.0,28956.0,29111.7,6779.88052
1692216000,29111.69,29139.99,28723.08,28730.51,8446.21825
1692230400,28730.51,28783.48,28342.0,28657.31,10139.13995
1692244800,28657.3,28706.31,28601.87,28621.99,3829.77192
1692259200,28622.0,28635.3,28483.89,28545.11,5762.14855
1692273600,28545.1,28573.55,27888.0,27934.02,19119.98745
1692288000,27934.02,28089.78,27700.0,27894.01,14489.295
1692302400,27894.0,27920.23,25166.0,26623.41,46931.19746
1692316800,26623.41,26832.6,26321.18,26398.0,11747.28054
1692331200,26397.99,26610.0,26157.71,26429.99,13379.28911
1692345600,26430.0,26609.65,26381.6,26494.0,8403.77999
1692360000,26494.0,26500.0,25931.95,26002.0,14426.63632
1692374400,26001.99,26313.33,25619.0,26065.01,16489.27194
1692388800,26065.01,26243.8,26006.01,26054.0,5344.39921
1692403200,26054.0,26154.57,25924.0,25967.51,3998.46404
1692417600,25967.51,26009.18,25801.09,25917.99,4454.75935
1692432000,25918.0,25999.01,25884.0,25900.08,4023.9561
1692446400,25900.07,26226.04,25872.06,26216.01,6106.37301
1692460800,26216.01,26281.0,26026.96,26125.62,5104.24597
1692475200,26125.61,26156.0,26033.16,26100.01,2472.95496
1692489600,26100.01,26207.88,26046.4,26105.24,2661.66837
1692504000,26105.23,26160.16,26047.41,26088.44,2915.3072
1692518400,26088.44,26198.72,26058.98,26176.7,3036.61074
1692532800,26176.69,26217.52,25971.05,26106.83,4427.24407
1692547200,26106.83,26162.34,26002.51,26137.25,2456.00338
1692561600,26137.25,26299.0,26137.25,26189.99,3560.07833
1692576000,26190.0,26195.12,26070.0,26090.66,3015.05087
1692590400,26090.66,26189.04,26000.0,26023.34,4091.24604
1692604800,26023.33,26088.32,25880.2,26031.6,5803.825
1692619200,26031.61,26198.89,25812.0,25939.59,9288.78777
1692633600,25939.59,26164.0,25937.6,26097.74,4995.45618
1692648000,26097.73,26258.42,26082.25,26126.92,3072.87647
1692662400,26126.92,26139.42,26025.54,26055.99,2759.8298
1692676800,26056.0,26117.28,26000.0,26106.69,2705.6774
1692691200,26106.69,26112.44,26027.22,26049.64,2844.91271
1692705600,26049.63,26100.23,25914.03,25936.61,5083.53852
1692720000,25936.62,26054.73,25726.29,25779.99,10251.20292
1692734400,25780.0,26070.04,25300.0,26056.0,10601.90553
1692748800,26055.99,26187.99,25990.15,26006.32,4736.45838
1692763200,26006.32,26183.91,25976.72,26057.13,5066.45045
1692777600,26057.12,26096.0,25902.62,25939.49,3695.73713
1692792000,25939.49,26185.0,25812.82,26144.0,8219.23356
1692806400,26143.99,26819.27,26127.24,26632.0,15370.84219
1692820800,26632.01,26723.99,26222.43,26432.72,6934.97807
1692835200,26432.71,26547.89,26345.76,26442.01,4085.62274
1692849600,26442.01,26516.0,26384.0,26477.38,3595.17305
1692864000,26477.39,26577.87,26409.4,26444.02,3940.98697
1692878400,26444.02,26444.02,25990.72,25996.34,8755.58585
1692892800,25996.35,26163.0,25864.0,26039.44,6438.38839
1692907200,26039.44,26207.15,25936.01,26180.05,3389.46416
1692921600,26180.05,26187.34,26011.41,26106.0,2777.0727
1692936000,26106.0,26111.11,25974.22,25980.5,3435.96694
1692950400,25980.5,26128.75,25980.49,26096.4,2924.78322
1692964800,26096.41,26314.05,25777.15,25932.01,11380.01633
1692979200,25932.01,26066.62,25832.25,25972.36,4923.47202
1692993600,25972.37,26085.2,25957.4,26060.01,2312.02651
1693008000,26060.0,26125.77,26027.2,26087.15,1584.31997
1693022400,26087.16,26088.0,26048.0,26050.81,2188.92461
1693036800,26050.82,26060.0,26001.83,26045.87,1545.41373
1693051200,26045.86,26078.0,25985.92,26054.0,1689.85745
1693065600,26054.0,26060.0,26004.77,26034.21,1625.43664
1693080000,26034.22,26047.62,25988.2,26017.37,1388.27082
1693094400,26017.38,26030.55,25966.11,26021.96,1957.15103
1693108800,26021.96,26055.54,26021.96,26043.61,1536.05749
1693123200,26043.61,26095.6,26033.78,26060.44,2365.95212
1693137600,26060.44,26182.23,26052.8,26122.15,2577.47772
1693152000,26122.14,26179.0,26037.27,26125.49,2530.06704
1693166400,26125.48,26133.71,26040.17,26101.77,1132.93676
1693180800,26101.78,26105.0,25986.41,26012.98,3309.2282
1693195200,26012.98,26038.83,25872.05,25934.12,3765.35956
1693209600,25934.13,26004.0,25864.5,26000.99,3075.66108
1693224000,26000.99,26253.99,25991.44,26104.17,6287.02969
1693238400,26104.16,26191.79,25918.0,25996.26,3676.97567
1693252800,25996.27,26178.83,25946.18,26120.0,2578.37235
1693267200,26120.0,26206.24,26066.36,26083.19,2640.28117
1693281600,26083.18,26095.08,25990.58,26004.2,4150.9928
1693296000,26004.2,26046.0,25922.0,25975.55,3858.26938
1693310400,25975.54,27692.0,25964.79,27423.44,33126.0864
1693324800,27423.44,28142.85,27350.01,27831.33,23108.38949
1693339200,27831.33,27883.61,27532.79,27716.34,7367.97564
1693353600,27716.34,27768.57,27280.99,27391.13,7647.4885
1693368000,27391.14,27476.03,27371.94,27436.25,3198.93935
1693382400,27436.25,27499.0,27310.05,27338.51,4292.3234
1693396800,27338.52,27464.45,27017.24,27201.63,12439.12326
1693411200,27201.63,27286.88,27067.9,27178.28,5043.37898
1693425600,27178.27,27337.78,27178.27,27299.99,2827.00499
1693440000,27299.99,27303.36,27178.88,27217.27,2159.40313
1693454400,27217.28,27294.97,27215.0,27261.03,2206.16181
1693468800,27261.03,27587.51,27184.99,27303.96,6087.65912
1693483200,27303.95,27315.47,26803.73,26922.01,11366.93936
1693497600,26922.01,26924.87,25928.0,26162.79,20012.11138
1693512000,26162.79,26194.86,25655.01,25940.78,9200.52921
1693526400,25940.77,26100.0,25931.11,26081.01,3653.53305
1693540800,26081.0,26095.0,25978.0,25990.92,2839.42565
1693555200,25990.92,26072.34,25957.37,26047.49,3334.17072
1693569600,26047.5,26156.0,25566.53,25811.0,12389.595
1693584000,25811.0,25964.17,25333.75,25645.66,13943.51802
1693598400,25645.65,25937.42,25565.55,25805.05,4871.90812
1693612800,25805.04,25840.0,25752.47,25798.08,2127.00305
1693627200,25798.07,25853.03,25766.75,25795.47,2209.29066
1693641600,25795.46,25860.0,25774.81,25813.54,2779.60231
1693656000,25813.55,25987.5,25785.64,25894.76,4217.26208
1693670400,25894.77,25937.91,25763.2,25833.39,3407.85698
1693684800,25833.4,25907.09,25817.84,25869.51,1509.7619
1693699200,25869.52,25907.53,25826.29,25863.91,1838.85883
1693713600,25863.91,25956.24,25863.9,25956.22,2043.30026
1693728000,25956.23,25956.3,25877.3,25943.38,2252.14569
1693742400,25943.39,26085.01,25807.32,25873.5,3971.46407
1693756800,25873.5,26039.99,25800.0,26011.16,4105.96819
1693771200,26011.16,26135.0,25927.94,25971.21,3262.73963
1693785600,25971.21,26108.02,25877.66,25987.56,2742.29835
1693800000,25987.56,26018.12,25912.21,25964.96,2506.15902
1693814400,25964.97,26011.24,25865.57,25892.49,3211.69182
1693828800,25892.49,25966.8,25717.04,25814.23,5847.53927
1693843200,25814.24,25948.15,25810.0,25893.18,2750.22985
1693857600,25893.19,25920.0,25631.21,25826.02,4719.67778
1693872000,25826.03,25844.48,25562.62,25692.45,3386.10818
1693886400,25692.45,25756.72,25678.06,25735.56,2479.9426
1693900800,25735.57,25812.09,25654.0,25783.68,3542.48738
1693915200,25783.69,25915.49,25625.03,25759.37,6381.87118
1693929600,25759.38,25845.0,25683.93,25683.93,3526.88435
1693944000,25683.93,25802.73,25675.0,25792.1,2006.09968
1693958400,25792.11,25870.51,25773.12,25782.86,2108.7925
1693972800,25782.87,25792.25,25723.65,25728.93,2565.45965
1693987200,25728.93,25777.2,25715.16,25733.29,2008.48748
1694001600,25733.28,25778.0,25540.0,25588.02,5745.79519
1694016000,25588.01,26040.0,25372.51,25689.54,11670.04827
1694030400,25689.54,25786.51,25655.02,25759.95,3163.94077
1694044800,25759.95,25839.5,25724.78,25837.88,1892.99921
1694059200,25837.88,25850.0,25745.94,25762.89,1972.57261
1694073600,25762.89,25762.9,25691.07,25708.6,2016.54017
1694088000,25708.6,25834.52,25615.38,25779.35,4992.81316
1694102400,25779.35,25977.75,25773.52,25880.01,5075.15246
1694116800,25880.01,26443.14,25858.21,26255.0,11737.41806
1694131200,26255.0,26445.5,26198.91,26252.8,4810.99373
1694145600,26252.81,26385.0,26190.0,26256.22,3987.88762
1694160000,26256.21,26266.93,25647.26,25839.51,8537.78801
1694174400,25839.52,25955.0,25795.45,25844.64,4962.39556
1694188800,25844.64,25895.63,25719.8,25895.62,4267.45166
1694203200,25895.63,25934.36,25850.13,25910.5,2433.24813
1694217600,25910.5,25910.5,25850.82,25875.0,1941.95487
1694232000,25874.99,25894.21,25836.49,25886.15,1429.45386
1694246400,25886.14,25907.75,25849.05,25863.03,1850.2598
1694260800,25863.03,25928.66,25796.64,25894.09,2845.92701
1694275200,25894.1,25945.09,25845.7,25868.43,1669.62981
1694289600,25868.42,25919.5,25857.74,25901.61,1243.39742
1694304000,25901.6,25902.68,25825.8,25861.39,1632.63627
1694318400,25861.39,25873.96,25750.35,25852.25,2547.77243
1694332800,25852.25,25872.11,25795.33,25795.33,1981.33529
1694347200,25795.33,25834.82,25712.6,25775.01,2761.76743
1694361600,25775.02,25860.0,25570.57,25800.0,4870.21069
1694376000,25799.99,26033.66,25771.3,25841.61,4944.54703
1694390400,25841.6,25876.73,25652.78,25740.39,2981.1259
1694404800,25740.38,25900.69,25720.82,25813.65,2792.04715
1694419200,25813.65,25830.95,25577.3,25601.27,6042.88827
1694433600,25601.27,25755.09,24951.0,25115.97,18581.63736
1694448000,25115.98,25250.49,24990.38,25020.66,7066.27583
1694462400,25020.66,25217.0,24901.0,25162.52,4218.34549
1694476800,25162.53,25950.0,25131.48,25797.97,9471.3342
1694491200,25797.98,25990.0,25612.7,25822.71,10644.05116
1694505600,25822.71,26331.38,25735.29,26098.99,12127.23937
1694520000,26098.98,26392.0,26033.73,26205.97,9779.83697
1694534400,26205.98,26567.0,25882.43,26066.33,10617.06419
1694548800,26066.34,26159.11,25790.0,25840.1,3794.85948
1694563200,25840.1,25985.91,25764.17,25879.24,4479.57494
1694577600,25879.24,26109.94,25850.91,25879.91,4004.23224
1694592000,25879.91,26247.79,25866.17,26198.41,5303.36042
1694606400,26198.41,26387.76,26016.22,26241.31,8919.40709
1694620800,26241.31,26405.22,26055.0,26140.01,6947.90282
1694635200,26140.0,26305.46,26140.0,26222.0,1956.35002
1694649600,26222.0,26541.77,26126.77,26265.68,7110.56563
1694664000,26265.69,26390.1,26163.96,26344.45,3606.44973
1694678400,26344.44,26489.5,26270.0,26446.15,4402.22373
1694692800,26446.15,26798.5,26342.08,26693.97,14426.13224
1694707200,26693.97,26860.49,26546.6,26678.14,5794.82245
1694721600,26678.13,26723.64,26473.0,26522.73,2992.97872
1694736000,26522.73,26624.52,26448.19,26615.39,2958.71535
1694750400,26615.4,26655.84,26550.99,26565.69,2763.44322
1694764800,26565.69,26690.0,26375.01,26425.16,4924.84493
1694779200,26425.17,26526.99,26224.0,26321.21,6805.88938
1694793600,26321.2,26444.45,26315.02,26397.38,2849.35983
1694808000,26397.38,26888.0,26373.21,26600.0,5925.04098
1694822400,26599.99,26777.0,26571.42,26616.43,3344.48979
1694836800,26616.44,26621.36,26467.45,26494.5,2906.09112
1694851200,26494.5,26581.98,26445.0,26524.09,2406.5603
1694865600,26524.08,26576.38,26481.87,26507.12,2133.43562
1694880000,26507.12,26622.22,26496.14,26532.8,2049.68196
1694894400,26532.79,26579.99,26507.0,26559.67,1120.67472
1694908800,26559.67,26559.68,26416.16,26529.25,2710.33559
1694923200,26529.25,26570.0,26490.88,26495.93,1526.00497
1694937600,26495.94,26623.25,26493.13,26566.67,2353.14044
1694952000,26566.68,26600.0,26525.28,26549.98,2199.71373
1694966400,26549.98,26551.0,26464.64,26505.15,1859.40393
1694980800,26505.14,26534.09,26399.0,26527.51,2349.50411
1694995200,26527.5,26750.0,26377.35,26658.66,5170.61491
1695009600,26658.66,26800.0,26567.09,26710.67,2963.99415
1695024000,26710.67,27240.0,26684.02,27196.98,10966.96512
1695038400,27196.98,27409.0,27130.0,27269.42,10343.13705
1695052800,27269.43,27310.0,26631.0,26814.79,10706.60074
1695067200,26814.78,26881.45,26728.0,26762.51,2849.12059
1695081600,26762.5,26840.67,26667.79,26818.42,3113.83028
1695096000,26818.41,26874.73,26750.88,26847.21,2439.90451
1695110400,26847.21,27466.0,26847.21,27237.56,9626.79138
1695124800,27237.57,27480.0,26881.37,27422.24,11536.82998
1695139200,27422.24,27483.57,27069.9,27185.44,6638.06144
1695153600,27185.43,27222.81,26990.01,27210.26,2835.10428
1695168000,27210.25,27388.63,27085.0,27119.48,4518.58217
1695182400,27119.48,27159.91,26936.79,27105.62,4997.15729
1695196800,27105.61,27197.66,26950.0,27098.08,5250.00781
1695211200,27098.07,27237.87,26997.94,27180.63,6236.27587
1695225600,27180.62,27300.0,26800.0,26930.61,8978.6126
1695240000,26930.62,27241.31,26921.7,27125.0,4226.58293
1695254400,27125.01,27159.6,26936.66,27035.0,3714.08467
1695268800,27034.99,27103.17,26979.92,26990.11,2893.95429
1695283200,26990.11,27017.0,26618.9,26730.78,8251.18162
1695297600,26730.77,26776.98,26377.7,26584.02,13026.53324
1695312000,26584.01,26696.6,26545.82,26599.95,4279.24653
1695326400,26599.95,26621.57,26497.94,26568.08,2311.82627
1695340800,26568.08,26670.13,26468.77,26627.77,3453.40638
1695355200,26627.77,26705.46,26573.93,26674.8,2976.05949
1695369600,26674.8,26743.38,26590.0,26640.26,3120.40678
1695384000,26640.26,26698.29,26556.6,26631.01,3906.70541
1695398400,26631.01,26644.98,26531.01,26540.1,2659.9022
1695412800,26540.1,26597.96,26488.0,26580.14,2081.74894
1695427200,26580.14,26614.98,26524.59,26532.2,1739.54774
1695441600,26532.21,26586.75,26509.0,26585.31,1797.98817
1695456000,26585.32,26594.78,26554.49,26575.21,1236.67479
1695470400,26575.21,26588.5,26546.2,26581.55,2014.77977
1695484800,26581.55,26632.81,26559.83,26610.09,1599.62309
1695499200,26610.09,26612.61,26558.07,26575.96,1052.08904
1695513600,26575.97,26590.01,26558.85,26570.93,877.32467
1695528000,26570.93,26573.7,26549.31,26563.44,1568.51411
1695542400,26563.43,26611.8,26563.43,26596.71,1426.11493
1695556800,26596.71,26628.8,26563.8,26578.06,1682.81945
1695571200,26578.06,26738.54,26335.81,26449.17,6185.41964
1695585600,26449.18,26521.67,26122.08,26248.38,3966.46491
1695600000,26248.39,26343.1,26000.0,26157.45,6213.18391
1695614400,26157.44,26195.44,26040.12,26189.21,3167.49454
1695628800,26189.21,26233.43,26020.01,26075.41,3525.81677
1695643200,26075.4,26300.0,25990.46,26243.72,5448.76058
1695657600,26243.73,26425.63,26222.32,26331.83,5674.61846
1695672000,26331.84,26446.15,26263.83,26304.81,2236.32964
1695686400,26304.8,26397.46,26234.37,26353.87,2622.22978
1695700800,26353.87,26363.84,26253.64,26272.01,1936.44889
1695715200,26272.0,26334.75,26188.26,26273.83,3123.5531
1695729600,26273.82,26306.39,26088.34,26126.66,4953.27044
1695744000,26126.66,26295.99,26115.0,26247.7,3410.21082
1695758400,26247.7,26288.68,26100.0,26221.67,2449.63763
1695772800,26221.68,26289.5,26202.96,26278.04,1904.53237
1695787200,26278.03,26289.0,26231.74,26246.34,1738.93762
1695801600,26246.35,26848.07,26223.72,26766.7,10440.3616
1695816000,26766.69,26850.0,26169.38,26304.42,13541.28007
1695830400,26304.42,26313.79,26112.06,26267.8,4419.72965
1695844800,26267.81,26385.0,26226.91,26372.99,2726.73847
1695859200,26373.0,26557.75,26342.4,26379.15,4434.7586
1695873600,26379.15,26513.46,26347.17,26459.99,3685.9607
1695888000,26459.99,26623.84,26389.29,26476.93,4838.50281
1695902400,26476.93,27064.0,26460.0,27020.0,13494.26165
1695916800,27019.99,27308.48,26848.71,27100.0,14201.72571
1695931200,27100.0,27166.42,26895.0,27021.39,3862.62544
1695945600,27021.39,27134.16,26859.7,26957.99,4943.53529
1695960000,26958.0,27244.89,26895.94,27179.98,4950.61601
1695974400,27179.99,27179.99,26963.7,26970.78,3627.86592
1695988800,26970.78,27149.05,26665.16,26888.57,9460.87808
1696003200,26888.57,26954.09,26750.0,26926.52,3506.19154
1696017600,26926.53,26984.99,26866.13,26906.96,1989.67535
1696032000,26906.96,26946.98,26886.31,26915.3,1275.44354
1696046400,26915.3,26958.04,26911.51,26931.75,1683.47171
1696060800,26931.76,26997.0,26923.18,26936.02,2013.51121
1696075200,26936.02,27094.99,26903.01,26996.29,3558.71394
1696089600,26996.29,27043.61,26970.72,27020.7,2382.42914
1696104000,27020.7,27081.78,26946.73,26962.56,1891.05353
1696118400,26962.57,27048.0,26954.09,27044.76,1349.47617
1696132800,27044.77,27158.59,27020.9,27107.95,2655.15215
1696147200,27107.94,27289.08,27086.74,27187.71,3969.23722
1696161600,27187.71,27229.29,27083.24,27153.18,3029.81327
1696176000,27153.17,27155.0,27035.78,27103.02,2119.78834
1696190400,27103.02,28065.51,27033.1,27992.57,11479.34753
1696204800,27992.58,28210.0,27826.65,28126.54,8265.67461
1696219200,28126.54,28430.0,27910.95,28311.91,8806.14392
1696233600,28311.91,28484.28,28187.69,28198.04,9240.50392
1696248000,28198.05,28580.0,27983.0,28026.31,11992.24274
1696262400,28026.3,28123.39,27631.41,27964.99,9935.03954
1696276800,27965.0,27965.94,27281.44,27494.51,8831.53768
1696291200,27494.51,27640.0,27381.48,27601.55,5450.72832
1696305600,27601.54,27676.52,27521.43,27540.64,3052.3436
1696320000,27540.65,27642.83,27475.0,27559.99,3884.9952
1696334400,27560.0,27579.7,27234.55,27345.0,8008.49633
1696348800,27345.0,27486.2,27250.0,27275.0,4195.05272
1696363200,27275.0,27469.65,27160.5,27426.46,4337.34938
1696377600,27426.45,27510.29,27202.0,27430.43,6836.89213
1696392000,27430.43,27454.98,27350.75,27453.78,2257.47331
1696406400,27453.77,27643.09,27434.1,27572.43,4588.85168
1696420800,27572.43,27633.42,27329.85,27404.22,5939.67141
1696435200,27404.21,27839.72,27400.94,27618.1,6502.51104
1696449600,27618.1,27831.51,27564.71,27778.57,3690.74243
1696464000,27778.57,27896.07,27650.01,27651.73,3136.44638
1696478400,27651.73,27702.2,27550.77,27607.98,2665.09726
1696492800,27607.98,27774.55,27593.23,27725.68,2893.52044
1696507200,27725.68,28120.39,27403.59,27555.0,13145.99675
1696521600,27555.0,27617.57,27352.0,27471.28,6407.84463
1696536000,27471.28,27509.45,27388.0,27410.39,2432.59073
1696550400,27410.39,27590.0,27389.99,27559.2,3193.26664
1696564800,27559.2,27651.0,27464.48,27638.52,3024.13516
1696579200,27638.51,27801.0,27588.53,27760.0,5204.72994
1696593600,27760.0,28044.86,27175.94,27941.12,14574.01071
1696608000,27941.12,28038.0,27789.14,27952.36,7070.26306
1696622400,27952.35,28295.0,27877.6,27931.09,4916.83726
1696636800,27931.1,27955.9,27842.08,27900.41,2783.26342
1696651200,27900.41,27944.84,27875.0,27890.8,1744.73112
1696665600,27890.79,28029.67,27880.01,27942.12,2905.54923
1696680000,27942.12,27986.27,27895.28,27939.8,1884.78495
1696694400,27939.8,27964.2,27850.0,27865.48,2398.58265
1696708800,27865.49,27959.75,27856.66,27956.67,1631.92688
1696723200,27956.67,28095.14,27943.9,28064.87,3093.52502
1696737600,28064.87,28076.04,27878.06,27905.61,4667.47017
1696752000,27905.61,27937.5,27775.0,27811.63,3177.47074
1696766400,27811.63,27999.72,27687.5,27892.74,3957.49167
1696780800,27892.74,27948.68,27807.82,27894.99,2423.88211
1696795200,27894.99,27980.0,27800.0,27917.05,2373.7295
1696809600,27917.06,27987.93,27796.53,27921.73,2583.18056
1696824000,27921.72,27944.0,27808.4,27813.27,2493.15029
1696838400,27813.27,27842.03,27412.21,27468.92,9638.88315
1696852800,27468.91,27578.81,27374.73,27443.31,6434.2211
1696867200,27443.32,27750.03,27260.0,27616.66,8727.0625
1696881600,27616.66,27653.27,27556.2,27590.12,1658.24879
1696896000,27590.12,27697.56,27492.6,27632.32,2606.13865
1696910400,27632.32,27706.34,27579.87,27651.45,2137.06344
1696924800,27651.46,27735.0,27500.0,27508.87,3351.41272
1696939200,27508.86,27630.0,27338.87,27408.01,7509.23729
1696953600,27408.01,27511.96,27298.0,27397.3,5069.48339
1696968000,27397.31,27470.01,27322.69,27390.12,2103.50834
1696982400,27390.12,27477.39,27011.01,27016.05,6378.12491
1696996800,27016.04,27143.91,26964.89,27021.95,4779.75697
1697011200,27021.95,27332.0,27017.0,27196.26,4863.81154
1697025600,27196.26,27262.45,26727.56,26779.46,8800.53993
1697040000,26779.45,26795.63,26538.66,26763.2,9821.60446
1697054400,26763.19,26885.41,26680.0,26875.52,2705.60925
1697068800,26875.52,26947.04,26735.83,26847.07,4058.09199
1697083200,26847.07,26920.81,26783.14,26810.66,2775.84887
1697097600,26810.66,26867.14,26655.6,26837.84,5012.39582
1697112000,26837.84,26862.74,26621.76,26675.0,4568.56033
1697126400,26674.99,26804.99,26555.0,26712.9,4951.99519
1697140800,26712.91,26775.0,26706.44,26759.63,2061.74892
1697155200,26759.63,26876.06,26750.0,26781.69,2278.52858
1697169600,26781.69,26943.0,26773.84,26875.0,2673.92674
1697184000,26874.99,26903.94,26737.4,26820.92,3719.69143
1697198400,26820.91,26966.85,26685.96,26706.83,5169.59481
1697212800,26706.83,26807.1,26685.0,26778.57,3064.36424
1697227200,26778.57,27130.0,26747.24,26862.0,7209.65919
1697241600,26862.0,26989.58,26845.0,26930.78,2165.1795
1697256000,26930.77,26939.35,26841.76,26868.8,2702.47424
1697270400,26868.8,26900.0,26847.87,26872.35,1215.45022
1697284800,26872.35,26943.39,26850.44,26942.56,1523.17658
1697299200,26942.56,26953.18,26850.0,26864.29,1640.26284
1697313600,26864.29,26883.57,26789.0,26852.48,1170.71238
1697328000,26852.48,26916.77,26815.76,26880.46,1322.5614
1697342400,26880.46,26889.22,26871.86,26882.52,757.14626
1697356800,26882.51,26919.0,26843.79,26852.47,1287.85693
1697371200,26852.48,26965.28,26808.25,26898.87,2674.18648
1697385600,26898.87,27081.0,26893.41,27043.75,2777.70323
1697400000,27043.75,27293.33,27015.0,27154.15,6455.2374
1697414400,27154.14,27285.91,27112.66,27235.92,4516.03559
1697428800,27235.92,27980.0,27193.98,27849.06,14546.31979
1697443200,27849.05,27902.99,27641.72,27749.6,5907.32864
1697457600,27749.61,30000.0,27709.04,28064.16,36786.47368
1697472000,28064.16,28808.51,28064.16,28468.85,11103.90409
1697486400,28468.86,28643.0,28230.37,28500.78,5539.16266
1697500800,28500.77,28549.34,28231.01,28269.99,6029.14123
1697515200,28270.0,28475.82,28069.32,28430.63,7626.94163
1697529600,28430.62,28609.38,28350.11,28422.63,5901.16695
1697544000,28422.63,28580.34,28135.35,28461.72,9714.28566
1697558400,28461.72,28613.65,28306.42,28516.47,5911.15044
1697572800,28516.47,28556.56,28373.33,28395.91,3245.75941
1697587200,28395.91,28514.66,28320.29,28514.42,2906.41295
1697601600,28514.43,28982.36,28441.71,28494.55,9157.86875
1697616000,28494.55,28599.0,28236.41,28340.64,5054.62129
1697630400,28340.65,28405.29,28142.87,28247.45,6975.16584
1697644800,28247.46,28437.41,28230.2,28245.62,5434.84346
1697659200,28245.63,28374.27,28190.81,28320.0,2633.56362
1697673600,28320.0,28418.0,28100.66,28260.0,5118.8446
1697688000,28260.0,28349.39,28230.0,28330.82,3083.94309
1697702400,28330.82,28514.21,28280.96,28450.69,5223.26623
1697716800,28450.7,28814.14,28420.0,28680.09,10201.17617
1697731200,28680.09,28916.89,28457.56,28750.75,8031.46796
1697745600,28750.75,28882.07,28598.6,28713.71,4236.80374
1697760000,28713.71,29400.0,28578.29,29235.38,9163.6178
1697774400,29235.37,29400.0,29111.28,29240.51,9839.47459
1697788800,29240.52,30207.55,29227.75,29839.99,19249.91571
1697803200,29839.99,29910.0,29380.0,29550.98,12314.89184
1697817600,29550.98,29592.71,29321.0,29561.41,5075.99041
1697832000,29561.4,29790.59,29513.5,29669.04,3778.20885
1697846400,29669.05,29699.68,29464.77,29604.43,2997.17987
1697860800,29604.42,29730.88,29541.86,29695.8,2576.21292
1697875200,29695.8,29878.83,29634.56,29804.99,4484.08264
1697889600,29804.99,29980.0,29678.69,29937.36,5565.77149
1697904000,29937.37,30379.99,29846.0,30145.04,8767.01436
1697918400,30145.03,30158.2,29850.0,29909.8,3127.25769
1697932800,29909.8,30075.0,29843.2,29907.38,3204.67567
1697947200,29907.38,30248.0,29640.0,29816.26,7070.12608
1697961600,29816.27,29991.05,29780.11,29909.67,3326.38573
1697976000,29909.66,29974.46,29781.0,29825.6,3134.79556
1697990400,29825.61,29946.77,29805.13,29842.75,2320.10659
1698004800,29842.75,30051.79,29714.28,29992.46,3796.456
1698019200,29992.46,30799.0,29883.6,30736.69,12607.00915
1698033600,30736.68,30985.12,30426.82,30518.02,11075.97196
1698048000,30518.02,30784.54,30355.06,30657.04,7640.53796
1698062400,30657.04,30970.0,30395.01,30883.33,8833.86153
1698076800,30883.33,31440.06,30777.0,31354.42,19477.08264
1698091200,31354.42,34741.91,31318.88,33069.99,33879.17922
1698105600,33069.99,35280.0,32832.34,34061.6,34138.22019
1698120000,34061.59,34594.56,33706.32,33999.98,18126.45664
1698134400,33999.98,34876.4,33948.97,34542.91,16414.89876
1698148800,34542.9,34835.74,33200.0,33668.9,23998.26959
1698163200,33668.89,34386.12,33380.01,33796.5,13340.86259
1698177600,33796.5,34250.0,33485.1,33922.73,9246.31641
1698192000,33922.73,34399.82,33773.74,33999.39,7966.44126
1698206400,33999.39,34204.78,33679.05,33857.53,6800.4179
1698220800,33857.53,34446.42,33783.0,34199.2,7981.4462
1698235200,34199.2,35000.0,34199.19,34839.8,14860.99739
1698249600,34839.8,35132.85,34380.85,34738.54,10912.04662
1698264000,34738.54,34850.23,34250.0,34496.05,6365.67592
1698278400,34496.05,34824.13,34421.98,34793.29,4707.32825
1698292800,34793.29,34810.0,34410.02,34647.34,6314.66045
1698307200,34647.35,34745.86,33960.39,34102.66,9246.8653
1698321600,34102.66,34370.0,33862.0,34044.43,10140.67337
1698336000,34044.44,34123.6,33751.0,34044.02,6049.7206
1698350400,34044.02,34278.0,34023.74,34151.66,3285.41458
1698364800,34151.66,34171.28,33780.0,34117.08,4153.96403
1698379200,34117.09,34245.0,33921.84,33942.0,4632.17928
1698393600,33941.99,34177.0,33935.59,34047.01,4103.34074
1698408000,34047.0,34195.21,33820.48,33999.48,8705.71
1698422400,33999.48,34033.48,33390.95,33698.54,7648.42293
1698436800,33698.54,33941.11,33679.44,33892.02,3086.78408
1698451200,33892.01,34146.0,33860.0,34060.0,2335.65739
1698465600,34059.99,34185.0,34019.33,34044.99,2291.45877
1698480000,34045.0,34493.33,34031.26,34175.84,4892.05545
1698494400,34175.85,34239.7,33907.79,34192.98,3899.8391
1698508800,34192.97,34219.58,34077.0,34112.07,2130.66221
1698523200,34112.07,34190.0,34060.78,34081.0,1330.45852
1698537600,34081.01,34099.62,33952.0,33970.87,2004.83179
1698552000,33970.87,34136.28,33930.0,34076.61,1406.72939
1698566400,34076.6,34321.89,34074.44,34253.81,2878.54864
1698580800,34253.81,34559.22,34253.8,34449.99,5341.38473
1698595200,34449.99,34750.11,34372.0,34561.97,5585.25816
1698609600,34561.97,34720.0,34400.61,34525.89,3468.76905
1698624000,34525.88,34570.51,34181.47,34270.42,4239.81737
1698638400,34270.42,34348.55,34114.74,34193.46,3937.4944
1698652800,34193.46,34679.81,34161.1,34608.51,6064.00017
1698667200,34608.51,34856.0,34470.0,34656.32,8870.13568
1698681600,34656.33,34656.33,34062.84,34432.11,7331.80509
1698696000,34432.12,34569.68,34320.0,34474.73,3214.70705
1698710400,34474.74,34600.0,34202.33,34209.33,5051.31409
1698724800,34209.32,34352.25,34082.89,34145.21,5057.82579
1698739200,34145.22,34535.75,34025.0,34488.27,5689.4344
1698753600,34488.26,34514.0,34130.0,34272.19,6831.14765
1698768000,34272.19,34588.0,34223.26,34540.3,4824.38383
1698782400,34540.3,34720.49,34430.0,34639.77,5283.79246
1698796800,34639.78,34668.05,34400.0,34418.4,3748.08595
1698811200,34418.39,34498.57,34316.0,34451.28,3216.51258
1698825600,34451.28,34493.48,34345.0,34424.07,3350.79713
1698840000,34424.07,35200.0,34097.39,34291.94,18986.89718
1698854400,34291.94,34738.07,34280.02,34557.67,9620.10712
1698868800,34557.67,35582.0,34540.0,35421.43,14550.88169
1698883200,35421.43,35984.99,35362.0,35571.68,9449.66438
1698897600,35571.68,35600.0,35063.25,35279.85,6885.55379
1698912000,35279.86,35478.02,35095.0,35373.56,5508.48405
1698926400,35373.56,35457.96,34537.99,34640.01,12490.69697
1698940800,34640.01,35017.42,34300.0,35000.01,8717.23406
1698955200,35000.0,35097.19,34706.51,34941.59,4963.94407
1698969600,34941.58,34946.5,34366.7,34681.92,6231.00684
1698984000,34681.91,34696.4,34310.0,34464.97,5176.71251
1698998400,34464.98,34626.12,34120.0,34252.4,9096.58315
1699012800,34252.39,34848.79,34150.68,34763.71,8827.89146
1699027200,34763.71,34822.15,34323.37,34530.71,6448.30059
1699041600,34530.71,34740.0,34485.65,34716.78,3290.71189
1699056000,34716.78,34786.68,34632.47,34708.9,2289.85455
1699070400,34708.91,35000.0,34585.18,34767.99,4121.79956
1699084800,34767.99,34884.93,34680.13,34712.37,2852.30152
1699099200,34712.37,34803.97,34644.0,34709.91,2652.63136
1699113600,34709.91,34795.46,34692.52,34730.73,1532.96881
1699128000,34730.74,35255.0,34708.54,35062.07,4927.99965
1699142400,35062.06,35300.0,34935.0,35277.01,3702.56606
1699156800,35277.02,35305.75,35043.92,35162.46,3529.75253
1699171200,35162.46,35188.68,35000.2,35085.98,3592.01797
1699185600,35085.97,35172.2,34757.47,34882.92,4242.30621
1699200000,34882.92,35278.54,34867.14,34988.21,3621.09621
1699214400,34988.2,35380.0,34448.0,35011.88,5840.99478
1699228800,35011.89,35118.71,34830.0,34978.38,3649.8404
1699243200,34978.38,35024.99,34725.9,34904.72,3041.02859
1699257600,34904.72,35276.33,34827.01,35232.45,4297.55628
1699272000,35232.45,35250.0,34902.06,35080.95,5415.59252
1699286400,35080.95,35111.1,34810.64,35054.68,3397.16247
1699300800,35054.67,35150.0,34892.03,35046.09,2545.2906
1699315200,35046.09,35053.41,34790.64,34919.01,3383.15291
1699329600,34919.01,34971.77,34822.36,34937.71,2463.23402
1699344000,34937.71,34975.9,34551.0,34627.83,5977.50833
1699358400,34627.83,34840.88,34523.06,34721.23,5012.74142
1699372800,34721.23,35579.7,34560.0,35453.98,12011.04393
1699387200,35453.98,35888.0,35200.18,35399.12,9841.05631
1699401600,35399.13,35419.29,35231.08,35269.68,2888.44478
1699416000,35269.69,35361.7,35167.78,35226.4,2664.83548
1699430400,35226.39,35437.09,35185.95,35330.79,4576.58915
1699444800,35330.8,35469.29,35100.0,35225.68,4799.53965
1699459200,35225.67,35768.84,35185.0,35621.99,6363.85633
1699473600,35622.0,36106.0,35390.0,35624.72,12108.07598
1699488000,35624.72,36550.0,35534.05,36438.37,11800.31687
1699502400,36438.38,36863.91,36415.01,36533.04,9881.69266
1699516800,36533.05,36990.0,36530.0,36805.71,7641.34765
1699531200,36805.71,37972.24,36759.0,37084.02,25282.63532
1699545600,37084.03,37211.1,35600.0,36382.2,20436.92683
1699560000,36382.21,36784.57,36139.57,36701.09,7494.96952
1699574400,36701.1,36919.06,36446.2,36733.27,5576.15963
1699588800,36733.27,36807.69,36427.61,36439.98,6598.97934
1699603200,36439.98,37147.2,36324.71,37071.09,7391.3202
1699617600,37071.1,37260.19,36822.0,37082.14,9124.64217
1699632000,37082.13,37455.0,37080.0,37225.96,9459.37419
1699646400,37225.96,37526.0,37070.19,37301.63,5263.57345
1699660800,37301.63,37408.26,36900.1,37039.97,5167.05914
1699675200,37039.97,37134.85,36920.73,37006.4,3675.17773
1699689600,37006.4,37056.25,36910.0,36988.52,2618.7763
1699704000,36988.51,37274.3,36951.1,37050.77,4126.50062
1699718400,37050.78,37175.0,37030.2,37148.79,3185.90598
1699732800,37148.79,37155.0,36666.93,37130.0,4211.55258
1699747200,37129.99,37180.0,36731.1,36988.77,3440.45414
1699761600,36988.76,37171.1,36913.28,37127.95,2922.37844
1699776000,37127.95,37132.36,37026.69,37055.5,2825.04469
1699790400,37055.49,37222.22,36931.1,37152.11,3875.65107
1699804800,37152.1,37200.0,37051.95,37105.01,2221.61782
1699819200,37105.0,37202.09,36938.23,37064.13,2402.04258
1699833600,37064.13,37417.99,36852.11,36914.01,5822.70718
1699848000,36914.01,37044.88,36755.0,36960.29,3900.97629
1699862400,36960.28,37050.0,36692.58,36810.02,4369.7462
1699876800,36810.02,36945.89,36534.04,36841.91,7276.03185
1699891200,36841.9,37031.45,36601.0,36844.98,4846.32949
1699905600,36844.98,36875.0,36333.0,36462.93,6582.39151
1699920000,36462.93,36490.22,36190.17,36448.07,4651.02522
1699934400,36448.08,36714.11,36381.1,36683.86,2922.79831
1699948800,36683.86,36744.0,36236.36,36259.18,5833.01448
1699963200,36259.17,36693.01,35889.0,36147.09,10629.71435
1699977600,36147.09,36417.23,34800.0,35293.99,15656.19522
1699992000,35294.0,35673.14,35214.39,35551.19,5810.93658
1700006400,35551.2,35665.45,35360.0,35381.99,5203.09563
1700020800,35382.0,35661.04,35375.38,35576.88,3200.65003
1700035200,35576.88,36278.62,35576.88,36240.94,7279.36097
1700049600,36240.95,36416.51,36002.35,36402.42,7663.06886
1700064000,36402.43,37774.14,36254.0,37499.99,19742.8556
1700078400,37499.99,37980.0,37306.49,37858.2,10480.10276
1700092800,37858.2,37929.54,37337.57,37454.98,5899.68672
1700107200,37454.99,37621.1,37307.55,37437.25,3745.59295
1700121600,37437.25,37544.0,37121.09,37247.48,5941.88084
1700136000,37247.49,37319.99,36256.15,36406.0,12973.96687
1700150400,36406.0,36642.31,35500.0,35921.01,11093.12179
1700164800,35921.01,36273.32,35666.0,36163.51,7836.14649
1700179200,36163.51,36673.69,36101.44,36483.99,5583.82188
1700193600,36484.0,36521.44,36145.55,36239.76,5666.70131
1700208000,36239.76,36464.0,36121.0,36372.83,4890.8811
1700222400,36372.82,36620.0,35861.1,36044.8,8673.98523
1700236800,36044.79,36800.0,35909.17,36322.4,9576.6353
1700251200,36322.4,36723.59,36308.0,36613.92,3891.5863
1700265600,36613.91,36613.92,36360.22,36371.81,2299.53542
1700280000,36371.8,36428.0,36178.58,36417.16,2814.36769
1700294400,36417.15,36538.61,36375.28,36402.8,2149.96659
1700308800,36402.79,36682.2,36347.69,36664.16,3645.00442
1700323200,36664.17,36845.49,36600.1,36679.1,3784.84081
1700337600,36679.09,36707.16,36443.1,36568.1,2408.52693
1700352000,36568.11,36573.44,36388.27,36521.11,2116.93728
1700366400,36521.11,36669.0,36489.02,36611.5,2050.36405
1700380800,36611.49,36716.0,36384.02,36453.62,2580.92549
1700395200,36453.63,36570.0,36385.7,36568.27,2681.83136
1700409600,36568.27,36986.44,36511.11,36948.97,4671.72416
1700424000,36948.97,37500.0,36800.0,37359.86,7144.56414
1700438400,37359.85,37382.68,37038.3,37114.34,4380.59501
1700452800,37114.34,37257.08,37040.17,37244.47,2513.17118
1700467200,37244.47,37420.0,37061.1,37147.5,5201.70628
1700481600,37147.51,37493.2,36677.0,37461.61,8457.57894
1700496000,37461.62,37750.0,36812.13,37569.23,11506.10421
1700510400,37569.23,37605.76,37271.1,37448.78,3963.54729
1700524800,37448.79,37649.44,37304.72,37464.86,3770.22936
1700539200,37464.86,37480.17,37241.25,37279.91,2518.10147
1700553600,37279.91,37418.0,37150.0,37174.97,2879.73137
1700568000,37174.97,37229.97,36250.0,36975.04,15562.92218
1700582400,36975.03,37500.0,36580.0,36980.0,11546.8478
1700596800,36979.99,37170.0,35735.0,35741.65,11368.71586
1700611200,35741.65,36380.0,35632.01,36380.0,8021.60838
1700625600,36379.99,36558.87,36325.44,36439.81,4670.23906
1700640000,36439.8,36773.53,36391.03,36463.93,4677.7764
1700654400,36463.94,36650.0,36239.2,36481.14,6621.28988
1700668800,36481.15,37431.21,36372.58,37289.98,10097.37881
1700683200,37289.98,37861.1,37214.81,37408.34,10963.01444
1700697600,37408.35,37535.1,37240.0,37299.69,4156.03807
1700712000,37299.7,37411.59,37267.07,37369.21,2658.47303
1700726400,37369.22,37653.44,37159.95,37370.0,5573.62407
1700740800,37370.0,37530.0,36870.0,36951.34,5765.71549
1700755200,36951.34,37350.0,36917.0,37281.42,3452.87271
1700769600,37281.42,37385.0,37203.65,37294.28,2221.20545
1700784000,37294.27,37494.57,37251.51,37315.65,2460.68333
1700798400,37315.64,37567.99,37300.39,37522.99,2717.47733
1700812800,37522.99,38035.46,37423.9,37741.99,11102.76664
1700827200,37741.99,38414.0,37600.0,38221.11,13063.06947
1700841600,38221.1,38349.0,37550.32,37766.11,11475.45047
1700856000,37766.11,37943.6,37580.0,37713.57,3861.35922
1700870400,37713.57,37839.44,37676.03,37798.0,2373.98986
1700884800,37797.99,37826.99,37720.0,37802.4,1474.49322
1700899200,37802.4,37828.93,37591.1,37652.51,2311.89117
1700913600,37652.51,37734.99,37620.0,37704.38,1782.5378
1700928000,37704.38,37835.39,37699.99,37819.43,1622.06417
1700942400,37819.43,37888.0,37711.76,37780.67,1831.16842
1700956800,37780.67,37784.63,37662.18,37730.38,1377.5552
1700971200,37730.39,37793.67,37694.48,37789.78,1297.87233
1700985600,37789.77,37814.63,37666.8,37679.31,1757.13236
1701000000,37679.3,37679.31,37287.0,37437.11,7053.17203
1701014400,37437.11,37500.2,37150.0,37380.07,5225.6127
1701028800,37380.07,37748.0,37320.3,37447.43,4553.19261
1701043200,37447.42,37569.23,37200.0,37309.25,3126.25061
1701057600,37309.26,37419.56,37051.0,37283.19,3100.46613
1701072000,37283.2,37466.0,36900.0,37035.95,6528.86513
1701086400,37035.95,37100.0,36715.0,36751.02,8123.63363
1701100800,36751.01,37143.43,36707.0,36877.0,5701.39398
1701115200,36877.0,37284.0,36792.51,37242.7,3420.46428
1701129600,37242.7,37343.57,37102.47,37129.56,2560.73388
1701144000,37129.55,37152.31,36868.41,37105.11,3974.8824
1701158400,37105.11,37262.02,36931.1,37251.42,3375.56303
1701172800,37251.43,37568.28,37142.81,37513.19,5331.32867
1701187200,37513.2,38377.0,37513.19,38114.26,15744.36369
1701201600,38114.26,38284.66,37670.97,37818.87,6557.595
1701216000,37818.88,38093.72,37677.96,37940.49,4909.94962
1701230400,37940.49,38235.36,37871.1,38096.69,3802.01892
1701244800,38096.7,38450.0,37878.17,38104.65,8172.68572
1701259200,38104.65,38280.0,37570.0,37830.75,8504.6664
1701273600,37830.74,37932.77,37650.0,37874.2,4122.44625
1701288000,37874.19,37884.72,37580.85,37854.64,3482.42416
1701302400,37854.65,38051.84,37686.84,38051.84,3089.37694
1701316800,38051.84,38145.85,37767.11,37792.98,4973.86237
1701331200,37792.98,37905.26,37553.6,37885.15,4251.2581
1701345600,37885.15,37966.94,37500.0,37619.84,7175.66836
1701360000,37619.85,37807.37,37535.0,37749.34,3031.87293
1701374400,37749.34,37809.99,37604.0,37723.96,2218.25277
1701388800,37723.97,38082.42,37615.86,38043.05,4933.88554
1701403200,38043.04,38348.0,38022.67,38244.08,7011.86412
1701417600,38244.08,38833.0,38215.0,38580.17,11354.6813
1701432000,38580.17,38629.65,38219.0,38413.5,6597.90033
1701446400,38413.51,38999.0,38395.0,38762.4,9900.23568
1701460800,38762.4,38900.0,38645.0,38682.52,3617.09627
1701475200,38682.51,38795.05,38641.61,38782.27,2236.42755
1701489600,38782.27,38826.94,38702.47,38702.48,2038.73396
1701504000,38702.48,38789.52,38651.1,38740.16,2142.02023
1701518400,38740.17,38869.36,38708.64,38811.75,3232.54427
1701532800,38811.76,39705.0,38703.44,39420.0,10333.55099
1701547200,39419.99,39717.14,39286.54,39450.35,6713.64461
1701561600,39450.35,39555.53,39274.86,39381.11,3283.21647
1701576000,39381.12,39490.0,39315.39,39478.72,2130.05497
1701590400,39478.71,39544.0,39400.0,39479.7,2096.23661
1701604800,39479.69,39805.93,39381.34,39760.42,5648.4296
1701619200,39760.42,39841.1,39430.01,39565.99,4098.19535
1701633600,39565.99,40250.0,39552.98,39972.26,9454.52035
1701648000,39972.26,40884.98,39972.26,40709.77,11807.31888
1701662400,40709.77,41750.0,40700.0,41441.1,14673.24426
1701676800,41441.1,42154.83,41349.43,41596.01,19218.60165
1701691200,41596.01,41914.16,41144.87,41270.33,14452.61587
1701705600,41270.32,42049.97,41179.55,41987.28,8928.03794
1701720000,41987.29,42420.0,41717.64,41991.1,10192.51199
1701734400,41991.1,41991.1,41622.21,41829.99,5569.22291
1701748800,41829.98,41919.08,41414.0,41528.0,6502.11306
1701763200,41528.0,41758.77,41420.0,41726.09,5282.22923
1701777600,41726.09,42497.0,41694.0,42268.29,11103.57913
1701792000,42268.28,44100.0,42133.66,43814.36,25610.5034
1701806400,43814.37,44488.0,43395.99,44073.32,13423.09871
1701820800,44073.82,44146.08,43565.62,43736.06,8344.08213
1701835200,43736.06,43857.13,43444.0,43688.87,6907.08616
1701849600,43688.87,44297.21,43335.28,43839.21,12015.24809
1701864000,43839.22,44279.98,43721.73,43785.2,11241.1126
1701878400,43785.2,44146.71,43730.47,43984.71,7167.73459
1701892800,43984.71,44071.0,43600.78,43762.69,5755.84135
1701907200,43762.69,43999.84,43710.0,43926.84,2845.29665
1701921600,43926.85,44047.33,43838.19,43884.01,4086.82628
1701936000,43884.01,43896.48,42821.1,43188.03,14235.78276
1701950400,43188.03,43925.0,42955.0,43659.99,9633.99747
1701964800,43659.99,43755.26,43058.42,43203.58,10159.41241
1701979200,43203.57,43456.06,43079.98,43273.14,6141.95288
1701993600,43273.15,43524.99,43261.1,43366.01,4504.95753
1702008000,43366.0,43550.0,43117.38,43166.01,6833.16986
1702022400,43166.01,43729.73,43081.1,43653.82,6857.83835
1702036800,43653.82,44030.16,43453.02,43760.94,9677.14869
1702051200,43760.94,43970.0,43638.68,43945.11,5870.37306
1702065600,43945.12,44700.0,43945.11,44170.99,9156.88807
1702080000,44171.0,44281.23,44043.61,44139.38,3650.70918
1702094400,44139.38,44358.02,44093.82,44180.22,3600.84041
1702108800,44180.21,44191.58,43720.0,43817.35,5794.84719
1702123200,43817.35,44136.52,43741.52,44045.1,5032.72519
1702137600,44045.09,44082.19,43877.34,43924.39,2936.10136
1702152000,43924.4,44084.55,43584.51,43713.6,3910.74675
1702166400,43713.59,43864.04,43672.0,43845.32,2450.32524
1702180800,43845.32,44016.0,43824.31,43966.44,2178.97643
1702195200,43966.44,44049.0,43603.88,43738.02,3795.09728
1702209600,43738.03,43973.76,43731.84,43903.73,3286.21496
1702224000,43903.74,43931.13,43750.0,43797.1,2572.46554
1702238400,43797.1,44046.0,43563.0,43789.51,4673.53813
1702252800,43789.5,43804.5,40400.0,42309.58,18908.6688
1702267200,42309.57,42321.03,41620.0,42132.51,12083.46157
1702281600,42132.52,42481.1,41975.44,42344.01,7859.82672
1702296000,42344.01,42390.32,41655.18,41803.44,9756.07667
1702310400,41803.43,41857.08,40222.0,40779.99,20686.60455
1702324800,40779.99,41349.97,40554.0,41253.4,7369.25973
1702339200,41253.41,41938.8,41178.28,41735.29,6744.62632
1702353600,41735.29,42068.91,41376.19,41916.27,6751.42919
1702368000,41916.26,42104.12,41545.54,41584.57,5780.94254
1702382400,41584.58,42070.23,41161.1,41348.0,9008.4306
1702396800,41347.99,41457.35,40680.0,41137.99,9334.53079
1702411200,41137.99,41555.0,41042.08,41492.39,5102.73829
1702425600,41492.38,41506.0,40555.0,40829.36,7310.16225
1702440000,40829.35,41242.0,40628.64,41115.27,4861.68197
1702454400,41115.28,41280.0,40953.17,41004.69,4029.02932
1702468800,41004.69,41955.22,40984.0,41939.18,8389.8547
1702483200,41939.17,42886.0,41715.7,42734.01,10933.26953
1702497600,42734.01,43475.2,42571.57,42869.03,10341.99996
1702512000,42869.03,42948.55,42648.95,42713.86,5203.10028
1702526400,42713.86,43110.0,42682.78,42898.98,4264.22686
1702540800,42898.98,43311.1,42685.2,43267.06,5533.8289
1702555200,43267.07,43367.83,41400.0,42448.28,13819.31926
1702569600,42448.28,43420.0,42448.28,43094.13,8986.88383
1702584000,43094.13,43179.7,42851.48,43022.26,4239.69796
1702598400,43022.26,43080.81,42479.14,42795.94,4425.94195
1702612800,42795.94,42868.59,42515.94,42699.99,4209.02021
1702627200,42699.99,43026.33,42630.43,42776.03,4825.88804
1702641600,42776.04,42787.24,41666.0,41909.56,10127.5738
1702656000,41909.56,42192.48,41696.09,42096.08,5828.02612
1702670400,42096.08,42264.03,41896.92,41940.3,4005.34308
1702684800,41940.29,42410.99,41605.0,42333.79,4472.49888
1702699200,42333.79,42357.24,42141.82,42222.67,2598.70745
1702713600,42222.67,42339.55,42097.18,42331.99,3132.85327
1702728000,42332.0,42611.08,42243.0,42604.0,4555.98897
1702742400,42603.99,42724.43,42331.1,42351.73,6242.54279
1702756800,42351.74,42412.37,42118.45,42278.03,3116.26611
1702771200,42278.02,42298.82,41860.21,41925.55,3253.92773
1702785600,41925.55,42061.1,41771.62,41886.75,3545.91185
1702800000,41886.75,42016.83,41661.36,41960.07,3895.17552
1702814400,41960.07,42020.17,41510.0,41811.37,4860.00923
1702828800,41811.37,42424.07,41683.99,42105.91,7138.15215
1702843200,42105.91,42190.87,41252.0,41374.65,5028.93804
1702857600,41374.64,41470.1,40801.0,41090.92,8056.5341
1702872000,41090.92,41312.39,40999.0,41126.02,5008.69759
1702886400,41126.01,41270.27,40542.93,41105.12,10032.74176
1702900800,41105.12,41750.0,40888.0,41265.96,9380.24237
1702915200,41265.95,41735.5,41146.83,41701.1,4760.51462
1702929600,41701.11,42757.81,41576.52,42657.8,9495.36206
1702944000,42657.8,43497.0,42567.69,43082.2,9415.10546
1702958400,43082.21,43131.2,42815.27,43036.16,4686.08353
1702972800,43036.17,43268.74,42942.0,42976.11,6507.20412
1702987200,42976.1,43041.1,42232.0,42486.86,8326.36673
1703001600,42486.85,42646.66,41811.1,42341.96,8193.50655
1703016000,42341.96,42528.67,42121.12,42275.99,3799.59805
1703030400,42275.99,42493.2,42206.0,42419.75,3428.07755
1703044800,42419.75,43041.0,42376.15,42924.23,6003.2756
1703059200,42924.23,42998.08,42675.0,42864.44,4763.28129
1703073600,42864.43,44283.0,42757.32,44027.2,17908.79006
1703088000,44027.2,44250.0,43486.0,43738.01,9819.94341
1703102400,43738.01,43812.23,43230.17,43668.93,6786.92679
1703116800,43668.92,43731.08,43286.72,43649.37,4790.55223
1703131200,43649.36,43877.75,43451.44,43764.5,3938.84606
1703145600,43764.49,44100.0,43579.22,43931.6,6686.08927
1703160000,43931.6,44242.35,43380.0,43823.99,8691.42689
1703174400,43824.0,43927.7,43370.4,43588.8,6170.9554
1703188800,43588.79,44119.2,43554.01,43861.8,4346.42399
1703203200,43861.79,44251.0,43722.46,44008.0,5039.97364
1703217600,44008.0,44398.26,43534.47,43584.37,7209.42647
1703232000,43584.37,43839.22,43463.0,43753.94,5847.93033
1703246400,43753.95,43809.4,43412.54,43671.1,5724.75521
1703260800,43671.1,43992.0,43481.14,43640.79,5097.02561
1703275200,43640.79,44048.16,43617.44,43969.04,3864.08512
1703289600,43969.04,43988.68,43456.0,43526.43,4037.34134
1703304000,43526.43,43650.1,43291.1,43562.32,2798.28564
1703318400,43562.31,43669.88,43490.01,43547.78,2368.14341
1703332800,43547.78,43856.0,43547.77,43756.24,2820.01582
1703347200,43756.24,43850.0,43695.03,43703.81,2133.70247
1703361600,43703.82,43835.94,43632.77,43702.16,2399.64062
1703376000,43702.15,43907.57,43606.18,43834.48,2902.02733
1703390400,43834.48,43946.0,43401.0,43651.17,4698.01101
1703404800,43651.17,43694.72,43405.0,43634.2,3167.95205
1703419200,43634.19,43864.08,43560.74,43680.23,3405.69652
1703433600,43680.23,43713.86,43550.0,43618.07,2583.11278
1703448000,43618.08,43618.08,42500.0,42991.5,8387.53527
1703462400,42991.5,43158.59,42720.43,43152.78,3868.54726
1703476800,43152.78,43335.13,43101.53,43208.15,2830.7695
1703491200,43208.15,43291.05,43045.43,43171.11,3716.03265
1703505600,43171.11,43802.32,43080.01,43618.0,7057.73658
1703520000,43618.01,43710.01,43343.83,43474.25,5196.06699
1703534400,43474.25,43720.96,43328.14,43576.13,4352.08694
1703548800,43576.12,43592.68,43362.23,43451.46,3221.59168
1703563200,43451.45,43474.26,42545.0,42774.12,9020.48128
1703577600,42774.12,42798.0,42150.0,42685.55,8870.72819
1703592000,42685.56,42827.68,42250.0,42391.5,5600.42168
1703606400,42391.51,42434.2,41637.6,42109.11,10403.73943
1703620800,42109.11,42591.89,42055.0,42508.93,3893.08056
1703635200,42508.93,42541.1,42098.69,42234.66,3610.05423
1703649600,42234.65,42542.0,42200.0,42455.83,3330.54138
1703664000,42455.82,43220.0,42399.72,43019.11,7678.46442
1703678400,43019.11,43150.0,42706.0,42980.65,8156.72899
1703692800,42980.64,43215.0,42862.56,43154.34,5972.52558
1703707200,43154.34,43677.0,43121.45,43428.85,7442.89676
1703721600,43428.86,43787.57,43304.27,43408.41,6082.45863
1703736000,43408.4,43624.74,42794.11,43049.17,6215.79694
1703750400,43049.17,43192.17,42868.36,43059.98,4444.14335
1703764800,43059.98,43125.03,42401.01,42445.99,8560.56823
1703779200,42445.99,42725.3,42241.79,42610.64,5662.59381
1703793600,42610.64,42745.97,42334.99,42563.76,4184.96389
1703808000,42563.76,42800.0,42088.92,42697.42,7125.40815
1703822400,42697.42,42766.68,42222.0,42273.34,5131.05672
1703836800,42273.35,42934.0,42268.26,42862.01,5291.84387
1703851200,42862.0,43111.0,42106.64,42271.09,7861.37483
1703865600,42271.09,42351.1,41650.0,42116.51,10317.88826
1703880000,42116.51,42240.0,41300.0,42066.95,6869.61729
1703894400,42066.94,42209.22,41820.0,41972.81,3202.20282
1703908800,41972.81,42160.0,41930.43,41947.16,2351.82225
1703923200,41947.16,41988.62,41520.3,41893.96,4706.52607
1703937600,41893.96,42430.0,41882.71,42374.96,4551.60091
1703952000,42374.97,42612.32,42247.44,42361.13,5264.43841
1703966400,42361.13,42399.25,42079.97,42140.28,2829.98772
1703980800,42140.29,42433.49,41965.84,42176.0,3144.53455
1703995200,42175.99,42693.0,42156.09,42537.1,3915.10728
1704009600,42537.1,42899.0,42369.15,42518.36,4626.12098
1704024000,42518.36,42646.27,42352.76,42457.17,3403.65176
1704038400,42457.17,42719.8,42436.47,42619.04,3036.19166
1704052800,42619.04,42680.36,42056.0,42283.58,5460.3098
1704067200,42283.58,42775.0,42230.08,42330.49,3948.08335
1704081600,42330.5,42500.0,42180.77,42492.46,2706.9988
1704096000,42492.46,42762.39,42452.58,42690.2,2948.80274
1704110400,42690.21,42847.07,42580.0,42783.05,2936.44406
1704124800,42783.05,43550.0,42664.42,43517.99,5686.97164
1704139200,43517.98,44184.1,43361.6,44179.55,8946.99844
1704153600,44179.55,45500.0,44148.34,45402.38,17093.28659
1704168000,45402.38,45643.75,45121.96,45455.53,8388.42302
1704182400,45455.52,45879.63,45200.0,45433.99,10027.39458
1704196800,45433.99,45800.0,44833.33,45184.82,13236.12915
1704211200,45184.83,45399.84,44790.96,45039.49,9745.60445
1704225600,45039.49,45297.26,44600.0,44946.91,6655.56882
1704240000,44946.91,45410.91,44862.11,45262.69,4750.68596
1704254400,45262.7,45384.84,44940.93,45011.77,4691.11517
1704268800,45011.77,45500.0,43500.0,43702.88,13237.52778
1704283200,43702.89,43716.0,40750.0,43000.01,35484.1521
1704297600,43000.01,43567.92,42000.0,42596.67,16895.34192
1704312000,42596.66,42966.27,42518.7,42845.23,6135.7288
1704326400,42845.23,43220.56,42613.77,43102.8,5488.13855
1704340800,43102.79,43273.08,42756.97,42763.08,5443.39629
1704355200,42763.08,43233.81,42616.28,43176.32,6746.40949
1704369600,43176.33,44329.99,43097.06,44051.1,11599.01023
1704384000,44051.1,44437.5,43777.86,43956.48,9399.52176
1704398400,43956.48,44729.58,43890.9,44151.1,9361.58702
1704412800,44151.1,44284.0,42450.0,43465.21,11721.50264
1704427200,43465.21,43926.0,43187.89,43777.47,4949.61031
1704441600,43777.48,44324.8,43433.0,43771.34,7055.63723
1704456000,43771.34,44110.07,43100.0,43500.01,10044.2804
1704470400,43500.01,43808.07,43100.46,43600.0,7460.07613
1704484800,43600.0,44357.46,43580.51,44145.11,6844.14656
1704499200,44145.12,44214.42,43812.5,43931.1,3123.46193
1704513600,43931.1,43971.1,43397.05,43653.2,4242.79756
1704528000,43653.2,43771.1,43551.28,43671.96,2449.54997
1704542400,43671.97,43920.08,43527.27,43867.17,2610.13838
1704556800,43867.17,44148.58,43828.5,43906.36,2971.24432
1704571200,43906.35,43980.0,43611.19,43968.32,2437.86928
1704585600,43968.32,44259.29,43833.4,43940.41,3397.43777
1704600000,43940.41,44100.0,43843.52,44080.0,2347.11787
1704614400,44080.0,44167.81,43880.65,44061.1,3023.73501
1704628800,44061.1,44480.59,43945.15,44047.57,5972.98911
1704643200,44047.57,44262.53,43700.0,44244.77,3590.89146
1704657600,44244.77,44269.92,43572.09,43929.02,4691.67958
1704672000,43929.01,43986.0,43175.0,43518.2,7371.99098
1704686400,43518.2,44341.8,43430.79,43974.55,7157.43221
1704700800,43974.55,44688.0,43641.73,44635.99,6636.26767
1704715200,44636.0,45333.0,44350.0,44963.04,17212.53878
1704729600,44963.04,47248.99,44793.97,46979.35,24462.97732
1704744000,46979.36,47207.16,46653.84,46951.04,9973.36893
1704758400,46951.04,47150.0,46230.0,46926.96,10102.12931
1704772800,46926.96,46940.0,46599.43,46825.51,4707.40981
1704787200,46825.52,46874.94,46381.1,46615.99,6018.83491
1704801600,46616.0,47051.21,45450.0,46868.09,15811.82358
1704816000,46868.08,46975.0,46500.0,46876.01,7310.48299
1704830400,46876.0,47972.0,44748.67,46110.0,25976.98557
1704844800,46110.0,46249.14,45622.0,46117.1,6964.52629
1704859200,46117.1,46186.0,45734.56,45757.98,4441.30134
1704873600,45757.98,45861.1,45000.0,45515.89,8371.11286
1704888000,45515.88,45662.01,44300.36,45546.4,17519.34998
1704902400,45546.39,46666.0,45173.97,46489.18,17808.51212
1704916800,46489.19,47695.93,44800.0,46653.99,34806.60944
1704931200,46654.0,46750.0,46200.0,46502.16,7964.915
1704945600,46502.17,46507.08,45618.1,46101.4,7551.87335
1704960000,46101.4,47150.0,46052.0,47060.0,8538.48554
1704974400,47059.99,48969.48,46463.19,46783.78,36318.80534
1704988800,46783.77,47022.07,45606.06,46692.3,19172.2659
1705003200,46692.29,46975.0,46084.69,46339.16,7923.98447
1705017600,46339.16,46515.53,45898.0,45994.0,5377.44001
1705032000,45994.01,46366.0,45742.49,46008.19,5766.26871
1705046400,46008.19,46267.0,45537.37,45954.35,7038.70566
1705060800,45954.35,46109.0,44333.44,44462.01,19196.21655
1705075200,44462.0,44675.88,43212.0,43472.55,26388.04032
1705089600,43472.56,43981.1,41500.0,42782.73,22561.26582
1705104000,42782.74,42997.29,42436.12,42609.94,9945.53429
1705118400,42609.94,43254.03,42555.84,43102.97,6237.82222
1705132800,43102.97,43254.96,42509.11,42624.0,6962.30044
1705147200,42624.01,43257.0,42505.0,43154.48,6063.35625
1705161600,43154.48,43185.0,42724.39,42786.25,4181.84325
1705176000,42786.25,43040.01,42699.52,42847.99,2727.61819
1705190400,42847.99,42890.23,42643.98,42681.82,2769.17313
1705204800,42681.82,43060.0,42562.56,43011.44,3036.75324
1705219200,43011.44,43079.0,42759.34,42829.99,2885.27669
1705233600,42829.99,43005.25,42710.0,42904.38,3635.86614
1705248000,42904.39,43010.84,42632.59,42660.0,4024.3682
1705262400,42660.0,42745.98,41720.0,41732.35,11876.97154
1705276800,41732.35,42640.0,41718.05,42565.99,5828.29771
1705291200,42565.99,42824.68,42499.01,42714.78,4383.51739
1705305600,42714.78,42775.0,42540.0,42697.99,3812.52325
1705320000,42698.0,42958.03,42163.32,42278.99,8595.73488
1705334400,42278.99,43400.43,42249.0,42992.67,12331.30651
1705348800,42992.67,43114.45,42342.18,42511.1,5318.51329
1705363200,42511.1,42939.5,42466.88,42924.56,4025.27939
1705377600,42924.57,42946.05,42606.92,42791.13,3648.24949
1705392000,42791.14,43153.66,42720.06,42900.54,4849.24572
1705406400,42900.55,43314.73,42050.0,43252.67,17967.98589
1705420800,43252.45,43434.0,42834.29,43166.11,7723.95687
1705435200,43166.1,43578.01,43060.69,43137.95,6831.02853
1705449600,43137.94,43198.0,42844.98,42849.0,3711.95254
1705464000,42849.0,42925.49,42619.6,42655.94,3612.2361
1705478400,42655.95,42850.55,42564.0,42680.16,4412.74724
1705492800,42680.16,42926.02,42365.58,42482.79,9542.90182
1705507200,42482.8,42745.99,42200.69,42611.11,6233.49263
1705521600,42611.1,42876.48,42450.0,42776.1,5752.88355
1705536000,42776.09,42784.4,42502.19,42592.05,2777.25237
1705550400,42592.04,42922.0,42589.0,42915.33,3393.11338
1705564800,42915.32,42930.0,42387.68,42544.59,4867.13625
1705579200,42544.6,42810.0,42353.8,42619.32,5286.53164
1705593600,42619.31,42619.32,40831.99,41022.32,17408.6553
1705608000,41022.33,41366.99,40683.28,41327.5,10174.82747
1705622400,41327.51,41370.99,40752.26,41055.87,5747.52107
1705636800,41055.88,41576.0,41038.81,41284.25,5252.30425
1705651200,41284.26,41509.69,41143.33,41475.37,4432.7711
1705665600,41475.37,41488.2,40718.0,40894.71,9260.88788
1705680000,40894.71,41979.0,40280.0,41814.27,16100.60089
1705694400,41814.27,42196.86,41517.6,41659.03,7548.6604
1705708800,41659.03,41700.0,41456.3,41634.65,2986.2123
1705723200,41634.64,41774.0,41564.81,41650.95,2111.60902
1705737600,41650.95,41668.66,41459.02,41580.83,3106.35262
1705752000,41580.82,41700.0,41478.0,41570.11,2908.6422
1705766400,41570.1,41684.94,41526.36,41632.96,2143.21383
1705780800,41632.97,41872.56,41610.54,41696.04,2667.96496
1705795200,41696.05,41730.0,41629.87,41680.82,1600.89363
1705809600,41680.83,41691.11,41564.29,41648.51,1198.63686
1705824000,41648.5,41826.97,41648.5,41719.89,1972.92769
1705838400,41719.9,41881.39,41605.0,41656.28,2810.15162
1705852800,41656.27,41729.77,41525.0,41719.4,2101.04396
1705867200,41719.39,41811.1,41500.98,41580.33,2046.50925
1705881600,41580.32,41689.65,41058.22,41197.04,5194.67726
1705896000,41197.04,41321.17,40684.0,41043.7,6720.50069
1705910400,41043.7,41047.51,40364.63,40815.99,8780.2842
1705924800,40815.92,41244.06,40350.0,40771.99,9333.27767
1705939200,40772.0,40874.99,39431.58,39820.31,15416.76046
1705953600,39820.31,40343.18,39480.0,39568.02,9980.69883
1705968000,39568.02,40118.87,39511.1,40000.44,4446.81496
1705982400,40000.43,40176.74,39665.02,39780.0,3852.36638
1705996800,39780.01,39860.0,38657.0,38845.56,16327.77748
1706011200,38845.56,39460.0,38555.0,39204.0,14222.94133
1706025600,39204.0,39654.34,38925.2,39148.07,11699.79651
1706040000,39148.07,39907.23,39032.02,39897.6,7406.93685
1706054400,39897.59,40250.0,39570.43,39614.0,7508.24416
1706068800,39614.0,40191.97,39557.01,39981.09,6508.9298
1706083200,39981.09,40555.0,39859.51,40209.34,6433.12337
1706097600,40209.34,40298.86,39766.0,40050.71,8120.72045
1706112000,40050.72,40207.0,39615.76,39803.05,5715.16915
1706126400,39803.04,40175.11,39484.19,40084.88,5007.64168
1706140800,40084.89,40178.84,39914.0,40012.01,3484.6591
1706155200,40012.01,40135.37,39792.01,40130.0,3648.17041
1706169600,40130.0,40300.24,39957.44,40178.07,4623.83661
1706184000,40178.07,40283.82,39623.4,39804.24,8152.9813
1706198400,39804.23,40044.91,39550.0,39989.25,7402.16761
1706212800,39989.25,39995.99,39637.99,39961.09,3710.3035
1706227200,39961.09,40245.0,39822.52,40067.52,3180.57719
1706241600,40067.52,40220.0,39896.84,39969.99,3394.99518
1706256000,39970.0,41348.13,39962.14,41289.52,11523.32786
1706270400,41289.52,41588.0,40914.5,41422.99,12152.14087
1706284800,41422.98,42193.8,41405.31,42064.49,11360.11294
1706299200,42064.48,42246.82,41800.02,41823.51,5773.81322
1706313600,41823.51,41933.17,41708.0,41815.01,2776.36693
1706328000,41815.01,41890.0,41602.01,41710.14,2385.06661
1706342400,41710.15,41800.0,41394.34,41761.23,3747.33899
1706356800,41761.22,41894.87,41714.0,41814.0,2106.62255
1706371200,41813.99,41986.06,41745.26,41910.47,2256.20513
1706385600,41910.48,42200.0,41910.47,42120.63,2952.81646
1706400000,42120.63,42244.0,41925.0,42231.83,3931.90769
1706414400,42231.84,42842.68,42228.64,42388.82,7853.89698
1706428800,42388.82,42698.0,42323.14,42471.98,4448.08445
1706443200,42471.98,42544.0,42155.55,42258.01,3978.57176
1706457600,42258.0,42354.7,41721.08,41785.92,3819.55464
1706472000,41785.91,42073.81,41620.81,42031.06,3262.98286
1706486400,42031.05,42504.0,41874.94,42331.2,3437.68599
1706500800,42331.19,42345.36,41988.88,42053.46,2735.85224
1706515200,42053.45,42381.1,41961.1,42246.95,3204.92588
1706529600,42246.95,42647.27,41804.88,42641.75,6763.08424
1706544000,42641.75,43313.8,42518.0,42995.99,11314.8288
1706558400,42995.99,43333.0,42982.66,43302.7,4086.36492
1706572800,43302.71,43787.35,43133.9,43519.71,6762.21682
1706587200,43519.71,43570.09,43259.26,43358.25,3352.66111
1706601600,43358.24,43564.85,43215.76,43537.74,4124.1533
1706616000,43537.75,43882.36,43114.13,43375.5,9820.25546
1706630400,43375.5,43599.0,43224.0,43547.98,5834.15697
1706644800,43547.99,43760.0,42683.99,42941.1,7725.8018
1706659200,42941.1,43107.77,42655.07,42930.07,4913.47979
1706673600,42930.06,43087.93,42871.1,43050.01,2839.50568
1706688000,43050.01,43091.1,42355.0,42647.98,6116.23013
1706702400,42647.98,43465.02,42521.31,43361.1,8138.75525
1706716800,43361.11,43745.11,43041.1,43334.64,8260.76136
1706731200,43334.63,43361.1,42276.84,42580.0,9602.40467
1706745600,42580.0,42687.63,41884.28,42015.65,6159.26638
1706760000,42015.65,42300.0,41889.95,42190.16,4812.74817
1706774400,42190.15,42331.1,42026.52,42087.52,4002.75251
1706788800,42087.52,42946.6,41944.89,42516.12,7858.34198
1706803200,42516.12,43285.13,42364.0,43218.94,8083.56904
1706817600,43218.94,43279.91,42872.91,43082.94,4314.36856
1706832000,43082.95,43432.63,43026.15,43037.25,4246.33741
1706846400,43037.25,43271.1,42943.71,43086.89,4064.36047
1706860800,43086.9,43199.0,42941.1,43148.41,4094.76501
1706875200,43148.42,43250.0,42546.79,43242.09,8493.53585
1706889600,43242.1,43488.0,42783.09,43061.97,6362.66369
1706904000,43061.98,43238.01,42900.48,43200.0,2410.48175
1706918400,43199.99,43380.01,43142.0,43173.94,2223.22292
1706932800,43173.95,43222.75,43040.0,43053.05,1346.11611
1706947200,43053.05,43125.28,42973.66,42995.04,1810.42438
1706961600,42995.04,43190.0,42880.0,43119.06,2505.96267
1706976000,43119.06,43270.0,43016.28,43061.09,2671.62087
1706990400,43061.09,43104.68,42953.33,43011.09,1476.06303
1707004800,43011.1,43068.79,42880.01,43027.16,1456.91888
1707019200,43027.16,43029.17,42720.07,42845.03,2208.36902
1707033600,42845.03,43119.04,42741.6,43060.1,2577.95374
1707048000,43060.09,43115.76,42845.51,42943.21,2544.71311
1707062400,42943.2,42969.79,42573.17,42636.44,3608.11375
1707076800,42636.43,42985.73,42222.0,42582.88,4670.82554
1707091200,42582.88,42729.02,42258.1,42718.31,3709.0102
1707105600,42718.31,43176.39,42642.0,43071.88,4182.30255
1707120000,43071.87,43268.98,42954.54,43194.08,4074.55774
1707134400,43194.08,43569.76,42600.11,42644.03,8010.04502
1707148800,42644.04,42869.66,42501.0,42765.36,5069.38976
1707163200,42765.35,42798.37,42330.52,42708.7,4422.45378
1707177600,42708.7,42960.01,42574.0,42851.11,2897.16519
1707192000,42851.1,42926.73,42667.0,42890.0,2201.29331
1707206400,42889.99,43119.9,42670.61,42826.96,5579.6774
1707220800,42826.96,43270.89,42658.0,43244.89,5949.73363
1707235200,43244.89,43399.98,43000.0,43278.78,5091.59374
1707249600,43278.79,43322.0,43032.71,43098.95,2956.39106
1707264000,43098.96,43192.0,42788.0,42800.0,2968.09769
1707278400,42799.99,43051.1,42794.67,42918.03,2473.25345
1707292800,42918.02,43200.0,42838.01,42928.29,3301.4154
1707307200,42928.28,43325.03,42890.51,43071.08,5174.63854
1707321600,43071.08,43710.0,43013.75,43615.47,9646.8143
1707336000,43615.47,44396.5,43615.47,44349.6,10828.37977
1707350400,44349.6,44780.0,44331.1,44540.99,8836.19603
1707364800,44540.98,44633.78,44427.01,44513.24,3474.51592
1707379200,44513.25,44885.0,44513.24,44698.97,5858.27712
1707393600,44698.97,45467.14,44606.0,45432.3,11913.40369
1707408000,45432.3,45498.0,44890.0,45284.14,8933.58857
1707422400,45284.13,45614.3,45227.0,45288.65,6423.64098
1707436800,45288.66,46384.27,45242.12,46060.74,9482.53987
1707451200,46060.74,46425.03,45855.0,46202.0,6811.23297
1707465600,46202.01,47299.88,46201.53,47180.02,11572.91301
1707480000,47180.01,47719.44,46652.0,47159.99,21197.65997
1707494400,47159.99,48200.0,47134.0,47509.48,16961.19039
1707508800,47509.48,47693.28,47035.92,47132.77,7477.94479
1707523200,47132.78,47504.0,47044.88,47376.62,3901.03702
1707537600,47376.62,47430.03,47145.4,47151.72,2155.29282
1707552000,47151.72,47274.0,46800.0,47182.0,4546.93534
1707566400,47182.01,47378.41,47105.44,47353.48,3624.87877
1707580800,47353.48,47660.0,47154.52,47531.09,3381.00187
1707595200,47531.09,48170.0,47454.37,47751.09,7193.21354
1707609600,47751.08,48557.0,47557.16,48519.61,6452.94117
1707624000,48519.6,48592.66,48061.1,48179.52,4752.43271
1707638400,48179.51,48438.81,47922.33,48411.71,3906.99024
1707652800,48411.71,48469.07,47931.82,48150.43,5466.21997
1707667200,48150.43,48394.29,47948.38,48284.0,4641.41321
1707681600,48283.99,48375.0,47971.18,48299.99,4738.81107
1707696000,48300.0,48826.81,48009.52,48145.0,7723.68614
1707710400,48145.0,48382.27,47755.81,48203.98,4444.91925
1707724800,48203.98,48311.15,47710.01,47903.03,5444.77082
1707739200,47903.04,49950.0,47841.0,49917.8,16721.55061
1707753600,49917.8,50334.82,49372.22,49532.03,17277.9458
1707768000,49532.02,50271.02,49532.02,49917.27,7397.09443
1707782400,49917.28,50368.61,49724.33,49789.99,6175.21021
1707796800,49790.0,50117.84,49789.99,49983.09,4055.06807
1707811200,49983.09,50247.0,49650.0,49988.12,8824.89385
1707825600,49988.12,49996.0,48400.0,48727.47,19358.47315
1707840000,48727.47,49268.21,48300.95,49036.73,10392.26078
1707854400,49036.74,49775.0,49011.1,49699.59,6745.661
1707868800,49699.6,49712.94,49333.0,49518.61,3206.45301
1707883200,49518.61,49877.22,49225.01,49838.93,3998.92481
1707897600,49838.93,51723.08,49741.19,51555.12,19901.12485
1707912000,51555.12,52043.71,51276.24,51590.0,15434.55068
1707926400,51590.0,51750.0,51200.24,51678.0,8869.42094
1707940800,51677.99,51888.0,51464.0,51795.17,5635.89972
1707955200,51795.17,52500.0,51717.58,52343.32,9485.19698
1707969600,52343.32,52364.55,51634.01,51776.61,6158.65559
1707984000,51776.6,52498.12,51650.0,52330.0,6781.21145
1707998400,52330.0,52816.62,51721.31,51948.23,13915.59154
1708012800,51948.24,52380.0,51725.0,52002.01,9258.37794
1708027200,52002.01,52011.1,51314.0,51880.0,8216.99705
1708041600,51880.01,52328.0,51803.6,52280.25,4925.24862
1708056000,52280.25,52343.28,51700.0,51731.99,5910.92632
1708070400,51732.0,52435.86,51566.0,52213.86,8723.49444
1708084800,52213.87,52572.08,51592.88,51888.01,10491.97637
1708099200,51888.01,52245.0,51655.0,51756.29,4781.76179
1708113600,51756.29,52208.43,51681.1,52124.11,2938.84564
1708128000,52124.1,52162.82,51846.84,51968.75,1748.64047
1708142400,51968.75,52057.54,51792.0,51911.33,1813.90033
1708156800,51911.34,51911.34,51500.0,51690.48,3811.13615
1708171200,51690.47,51735.68,50625.0,50984.56,9664.71243
1708185600,50984.56,51444.0,50741.1,51394.43,4387.33024
1708200000,51394.44,52030.18,51303.0,51642.64,4248.2866
1708214400,51642.64,51798.99,51163.28,51479.99,3342.20712
1708228800,51479.99,51750.6,51405.52,51671.1,2668.90841
1708243200,51671.1,52069.0,51644.0,51832.01,3445.09907
1708257600,51832.01,51948.57,51535.01,51773.99,3523.91039
1708272000,51774.0,51980.73,51647.25,51758.12,3340.56645
1708286400,51758.13,52377.0,51587.4,52137.67,5671.41219
1708300800,52137.68,52428.78,51904.83,52063.81,4612.31179
1708315200,52063.8,52488.77,51989.21,52394.04,4434.73522
1708329600,52394.04,52450.0,52063.52,52336.22,4670.2242
1708344000,52336.22,52454.11,52027.0,52127.99,5672.19056
1708358400,52127.99,52230.0,51677.0,51820.61,6367.05864
1708372800,51820.61,52110.0,51705.11,51774.73,3778.47391
1708387200,51774.74,51832.01,51311.0,51580.23,5264.00845
1708401600,51580.23,52039.91,51510.0,51839.28,3718.97659
1708416000,51839.28,52380.0,51560.0,52286.8,7446.13718
1708430400,52286.8,52985.0,51340.0,51680.0,17302.62916
1708444800,51679.99,52138.31,50760.37,52101.11,10418.63903
1708459200,52101.1,52517.3,51901.1,52258.82,5464.08277
1708473600,52258.82,52366.8,51988.91,52001.99,3369.43954
1708488000,52002.0,52113.39,51452.45,51568.64,4064.1614
1708502400,51568.64,51787.04,50813.0,50965.53,9380.34826
1708516800,50965.53,51442.26,50625.0,51156.0,11653.57718
1708531200,51156.0,51427.43,50649.28,51058.0,7754.08258
1708545600,51057.99,51950.01,50862.5,51849.39,6857.79153
1708560000,51849.38,51878.18,51153.69,51586.1,4685.41723
1708574400,51586.1,51910.32,51352.0,51827.63,4426.10745
1708588800,51827.63,52034.12,51517.63,51622.04,5505.24135
1708603200,51622.05,51733.05,50940.78,51602.4,8605.10808
1708617600,51602.41,51750.01,51400.0,51509.99,5304.8486
1708632000,51509.99,52065.78,51184.04,51288.42,6782.72303
1708646400,51288.42,51548.54,50971.11,51100.0,4695.56436
1708660800,51100.0,51321.92,50889.0,50915.96,3958.88987
1708675200,50915.95,51263.22,50830.0,51218.95,4762.093
1708689600,51218.94,51333.47,50800.32,50911.11,8302.82835
1708704000,50911.1,51195.18,50629.33,51099.09,5650.6788
1708718400,51099.09,51162.04,50521.0,50744.15,3175.74106
1708732800,50744.15,50907.14,50585.0,50849.97,2775.43339
1708747200,50849.96,51103.87,50826.47,51068.7,2424.36167
1708761600,51068.7,51172.06,50953.0,51119.79,2450.32792
1708776000,51119.79,51180.41,51032.34,51099.34,1990.4479
1708790400,51099.35,51698.0,51094.99,51557.07,4634.38652
1708804800,51557.08,51666.0,51437.84,51568.22,2285.4637
1708819200,51568.21,51898.72,51438.88,51624.99,3601.71905
1708833600,51625.0,51800.03,51509.0,51719.28,2307.35285
1708848000,51719.28,51777.64,51531.73,51645.0,1998.19169
1708862400,51645.0,51780.0,51436.67,51524.02,3015.0669
1708876800,51524.02,51738.85,51279.8,51672.96,3855.78862
1708891200,51672.97,51958.55,51640.88,51728.85,3943.51248
1708905600,51728.85,51796.5,51400.0,51555.59,2849.5668
1708920000,51555.6,51598.06,51288.18,51293.26,2965.61094
1708934400,51293.26,51374.66,50901.44,51090.01,5428.89999
1708948800,51090.01,52847.84,50957.0,52842.32,11761.1694
1708963200,52842.33,54512.02,52753.28,54487.11,19931.38279
1708977600,54487.1,54910.0,54258.2,54476.47,8320.09207
1708992000,54476.48,57073.84,54450.13,55667.6,17222.6943
1709006400,55667.6,56448.0,55576.12,56059.08,8813.40604
1709020800,56059.09,56818.02,56023.8,56527.79,8262.13357
1709035200,56527.8,57416.93,56457.26,56745.66,15703.7215
1709049600,56745.66,57588.15,56209.0,57339.68,10002.01696
1709064000,57339.69,57359.0,56579.84,57037.34,7191.01325
1709078400,57037.35,57101.1,56691.85,56916.4,3603.53596
1709092800,56916.39,58379.57,56894.16,58241.1,7636.88153
1709107200,58241.09,59494.06,58171.11,58941.11,19224.20294
1709121600,58941.11,61360.0,58891.1,60966.22,26368.9182
1709136000,60966.22,64000.0,58700.0,60951.11,45415.5681
1709150400,60951.1,62647.04,59797.57,62432.1,16514.36311
1709164800,62432.11,62438.22,61021.1,61561.33,10084.02851
1709179200,61561.34,63676.35,61334.59,62707.17,14931.15457
1709193600,62707.17,63340.95,62111.1,62936.02,11918.80476
1709208000,62936.02,63531.88,62051.11,62768.02,12976.74161
1709222400,62768.01,62879.3,60364.7,61600.0,17118.2411
1709236800,61599.99,62285.47,60584.07,61130.98,11396.10548
1709251200,61130.99,61749.0,60777.0,61105.91,6345.57641
1709265600,61105.92,61772.82,61061.11,61434.0,5719.40504
1709280000,61434.0,62243.53,61316.67,61863.72,8452.27991
1709294400,61863.71,62677.06,61131.01,61263.99,9971.27905
1709308800,61263.98,62494.31,61234.0,62215.5,7886.35574
1709323200,62215.51,63114.23,62215.5,62387.9,9363.03858
1709337600,62387.9,62433.19,61949.03,62307.45,5441.91324
1709352000,62307.45,62307.45,61752.3,62011.85,4846.35512
1709366400,62011.85,62123.0,61641.1,61826.32,4411.57189
1709380800,61826.32,62167.79,61561.12,61771.2,4301.35084
1709395200,61771.21,62114.77,61625.0,62114.77,3418.28795
1709409600,62114.76,62200.0,61685.01,61987.28,3115.25755
1709424000,61987.28,62000.0,61642.39,61931.09,3127.09906
1709438400,61931.09,62100.0,61320.0,61598.0,4831.45761
1709452800,61598.01,61890.96,61393.83,61831.1,3942.85361
1709467200,61831.1,62640.18,61821.09,62164.63,6685.90515
1709481600,62164.63,62989.0,62088.0,62730.0,5623.12318
1709496000,62730.0,63231.88,62580.0,63113.97,4784.47042
1709510400,63113.97,64268.24,62300.0,63458.72,12563.71291
1709524800,63458.71,64300.0,63210.0,64066.62,6654.96237
1709539200,64066.62,65555.0,64000.11,65230.0,16002.48076
1709553600,65229.99,66580.29,64533.67,66451.65,16689.8023
1709568000,66451.65,67524.99,66039.31,67405.26,17313.10625
1709582400,67405.25,68499.0,66755.79,68245.71,15611.09546
1709596800,68245.71,68686.8,67535.31,68113.94,11448.26318
1709611200,68113.95,68384.54,65089.0,66129.64,17780.29058
1709625600,66129.64,67150.0,65515.15,66656.31,11938.90863
1709640000,66656.32,69000.0,66370.0,66773.05,22508.23086
1709654400,66773.05,66996.36,59005.0,61410.98,42797.37895
1709668800,61410.98,64367.27,61167.91,63724.01,26223.7091
1709683200,63724.01,64146.45,62779.14,63263.21,9495.88692
1709697600,63263.22,66761.1,63263.21,66676.46,15208.16062
1709712000,66676.46,67641.1,66041.63,67301.31,14316.87745
1709726400,67301.31,67592.31,64664.92,66481.12,21399.96424
1709740800,66481.12,67465.0,66221.1,66739.48,10674.76219
1709755200,66739.49,67363.58,65714.17,66074.04,7643.20349
1709769600,66074.04,66467.88,65551.0,65847.29,7749.00312
1709784000,65847.3,66469.05,65657.59,66387.78,6679.10619
1709798400,66387.77,67275.2,66341.11,66905.34,8562.6623
1709812800,66905.34,67899.0,66541.1,67260.01,13605.46645
1709827200,67260.01,67980.0,67012.0,67498.02,9547.44499
1709841600,67498.03,67914.74,66810.32,66823.17,6916.20385
1709856000,66823.18,67256.18,66757.0,67156.09,5636.13131
1709870400,67156.09,67640.45,66782.22,67223.02,5528.83778
1709884800,67223.02,67753.4,67038.71,67741.21,6407.54695
1709899200,67741.22,69990.0,67150.0,67617.6,22754.678982
1709913600,67617.6,68864.0,66082.66,68863.99,22384.90145
1709928000,68864.0,69379.0,67807.58,68124.19,11549.83637
1709942400,68124.2,68279.0,67861.1,68247.34,3976.42864
1709956800,68247.34,68541.1,68133.27,68288.64,3391.79959
1709971200,68288.64,68453.12,67933.93,68299.99,4166.2641
1709985600,68300.0,68521.1,68100.01,68288.2,3154.11941
1710000000,68288.19,68325.0,68000.0,68193.51,3079.82488
1710014400,68193.51,68433.17,68193.51,68313.27,2104.46081
1710028800,68313.28,69216.0,68200.0,69136.79,7144.0803
1710043200,69136.78,69659.47,69024.62,69347.16,5397.01526
1710057600,69347.16,69887.61,69162.0,69568.46,7712.18719
1710072000,69568.45,69833.33,68641.1,69194.83,8240.59115
1710086400,69194.83,69768.58,69111.89,69400.19,4006.35572
1710100800,69400.19,69470.01,68094.75,68955.88,5904.43873
1710115200,68955.88,68955.9,67024.96,68604.42,9122.59767
1710129600,68604.41,71298.0,68445.91,71019.99,17348.195928
1710144000,71019.99,72226.3,71019.99,71487.2,16023.350068
1710158400,71487.21,72661.1,71304.2,72010.0,15581.872268
1710172800,72010.01,72800.0,71760.0,71970.0,11603.115722
1710187200,71970.0,72750.0,71836.36,72078.1,5613.69407
1710201600,72078.1,72470.41,71400.0,71619.0,6941.41973
1710216000,71619.0,72355.15,71301.0,72121.1,6922.6066
1710230400,72121.1,72376.0,71388.0,72023.82,7323.42979
1710244800,72023.82,73000.0,70800.0,71703.41,17116.478251
1710259200,71703.41,71829.11,68620.82,71349.99,24015.90765
1710273600,71349.99,71550.05,70607.86,71452.01,6463.70467
1710288000,71452.0,72217.79,71333.31,72057.43,6367.1435
1710302400,72057.43,73182.22,71920.0,72855.16,8445.987492
1710316800,72855.15,73650.25,72820.0,73065.41,9588.448875
1710331200,73065.4,73180.0,71634.52,72634.95,14039.65954
1710345600,72634.95,73394.19,72350.0,73349.24,8727.85823
1710360000,73349.24,73410.22,72788.15,73072.41,5490.61401
1710374400,73072.4,73288.3,72500.0,73267.08,5469.57319
1710388800,73267.08,73777.0,72680.0,73224.0,7734.903346
1710403200,73224.0,73528.11,72627.0,72884.0,6407.33652
1710417600,72884.01,73047.16,70543.64,70844.01,18557.28967
1710432000,70844.0,71458.0,68555.0,69415.09,22921.42581
1710446400,69415.09,71709.9,69303.75,71388.94,10667.10021
1710460800,71388.94,72419.71,66699.0,68224.01,22422.85781
1710475200,68224.01,68861.1,66904.98,68448.29,17229.30114
1710489600,68448.28,68600.0,65600.0,67757.76,22721.61196
1710504000,67757.75,68746.69,67424.79,68157.07,12481.72359
1710518400,68157.07,70650.0,67520.01,68964.0,17320.34953
1710532800,68964.0,69750.0,67413.8,69499.85,11158.19143
1710547200,69499.84,70043.0,68932.01,69200.08,7063.23297
1710561600,69200.07,69460.91,68600.0,69432.45,5195.14968
1710576000,69432.45,69436.24,67725.53,68256.01,7874.19098
1710590400,68256.0,68499.1,67524.0,68385.58,8590.50806
1710604800,68385.58,68407.94,66670.0,66911.52,11754.26553
1710619200,66911.51,67538.49,64780.0,65300.63,15449.60614
1710633600,65300.64,66576.39,65122.23,66538.99,10190.42681
1710648000,66538.99,66560.0,64533.0,65636.67,9585.06163
1710662400,65636.68,67515.0,65290.0,66955.49,9037.77471
1710676800,66955.49,68111.45,66436.92,67965.5,8266.27135
1710691200,67965.51,68693.75,67769.86,68536.73,6689.53988
1710705600,68536.72,68904.4,67953.35,68393.48,5973.14151
1710720000,68393.47,68425.97,66800.0,67972.01,9044.36516
1710734400,67972.01,68956.0,67704.01,68218.38,6783.817
1710748800,68218.38,68483.96,67300.0,68253.4,8039.1486
1710763200,68253.39,68627.81,66628.68,67467.19,13191.14257
1710777600,67467.19,68079.52,66565.2,66936.0,12161.56392
1710792000,66936.0,67999.0,66935.99,67609.99,6471.04363
1710806400,67610.0,68124.11,64860.0,65876.01,16347.35381
1710820800,65876.01,65976.1,63577.0,64704.22,16011.77985
1710835200,64704.23,64710.69,62505.0,63081.34,21759.46345
1710849600,63081.34,64150.0,62410.78,64051.85,19821.88333
1710864000,64051.85,65756.0,63969.58,64391.99,14712.724
1710878400,64392.0,64500.12,61555.0,61937.4,12352.12043
1710892800,61937.41,63466.21,61666.0,61860.81,14260.123
1710907200,61860.82,63198.83,60775.0,62957.85,16405.1055
1710921600,62957.85,63957.74,62640.0,63392.94,11101.8558
1710936000,63392.95,64395.0,63066.6,63600.37,14577.40042
1710950400,63600.37,66000.0,62022.0,65784.46,19560.39962
1710964800,65784.47,68100.0,65656.41,67840.51,14515.70158
1710979200,67840.51,68240.47,66340.0,66654.45,9548.03051
1710993600,66654.46,67330.0,66072.2,66985.19,7775.81555
1711008000,66985.19,67659.53,66650.0,67044.0,6826.1452
1711022400,67044.01,67693.6,65885.96,66557.77,10244.26221
1711036800,66557.77,67000.0,64871.01,65223.74,11883.44847
1711051200,65223.73,65946.66,64529.01,65501.27,7079.77808
1711065600,65501.28,66160.0,65120.01,65981.99,6860.14662
1711080000,65981.99,66649.62,65756.64,66178.01,5005.64413
1711094400,66178.01,66363.1,64065.72,64233.9,8364.76408
1711108800,64233.9,64674.06,62601.11,63877.04,15779.03684
1711123200,63877.04,64126.09,62766.63,63866.93,8473.14688
1711137600,63866.94,63978.86,62260.0,63796.64,6999.63966
1711152000,63796.64,64374.91,63000.0,63556.0,5352.28065
1711166400,63556.0,64856.01,63506.5,64575.41,3673.223
1711180800,64575.41,64857.14,64186.21,64629.62,3461.5518
1711195200,64629.61,65414.69,64278.15,65104.05,5604.02124
1711209600,65104.06,65999.0,64786.25,64872.9,5268.49718
1711224000,64872.9,65199.97,63861.66,63990.01,3050.54022
1711238400,63990.02,64723.16,63922.85,63962.98,2935.71455
1711252800,63962.98,64583.44,63772.29,64583.43,2684.12371
1711267200,64583.44,65368.66,64476.0,65334.01,4489.73276
1711281600,65334.0,65925.19,65177.28,65673.36,5348.55639
1711296000,65673.36,66045.99,64600.01,65843.02,6877.2094
1711310400,65843.02,67628.69,65730.6,67209.99,9060.44334
1711324800,67210.0,67350.0,66385.06,67350.0,5111.47135
1711339200,67350.0,67740.0,66710.0,66821.19,5187.21371
1711353600,66821.19,67344.23,66747.65,66810.15,4533.27519
1711368000,66810.15,70000.0,66780.0,69792.05,18421.73075
1711382400,69792.06,71000.0,69440.18,70960.89,12949.80008
1711396800,70960.89,71150.0,69562.09,69880.01,7227.65378
1711411200,69880.0,70606.0,69732.8,70423.11,4442.88157
1711425600,70423.11,71561.1,70260.3,70486.38,6445.21132
1711440000,70486.38,71280.0,70268.66,70693.16,6034.6806
1711454400,70693.17,71136.63,69280.0,70250.0,11063.14222
1711468800,70250.01,70499.0,69412.0,69477.67,7627.77768
1711483200,69477.66,70305.33,69401.72,69988.0,3320.69078
1711497600,69987.99,70739.65,69840.0,70387.99,4372.6997
1711512000,70388.0,70598.0,69640.0,69725.99,4193.40578
1711526400,69726.0,70359.97,69407.0,70220.73,5171.78507
1711540800,70220.73,71769.54,68534.01,68874.0,22329.46086
1711555200,68873.99,69406.0,68359.18,68652.0,8096.55097
1711569600,68652.01,69637.66,68630.0,69469.99,4955.45447
1711584000,69469.99,69980.0,68903.62,69290.0,4222.74545
1711598400,69290.0,70469.82,69280.0,70399.03,4925.19222
1711612800,70399.04,70962.63,70292.44,70647.18,6772.71614
1711627200,70647.18,71552.06,70348.75,71290.39,11335.7439
1711641600,71290.38,71320.0,70404.0,70798.26,5199.87249
1711656000,70798.26,71074.03,70541.9,70780.6,2982.76219
1711670400,70780.6,70916.16,70274.07,70442.22,3035.25826
1711684800,70442.23,70538.78,69746.33,69794.0,4015.74929
1711699200,69794.01,70318.0,69566.0,70142.78,4708.66434
1711713600,70142.78,70636.04,69009.0,69180.0,7043.97127
1711728000,69179.99,69666.0,69078.62,69665.99,4246.066
1711742400,69665.99,69916.5,69290.0,69850.54,2395.37437
1711756800,69850.53,70177.87,69710.0,69773.99,2533.94601
1711771200,69774.0,70321.1,69755.98,69852.18,2669.0432
1711785600,69852.18,70183.67,69811.37,70183.55,2073.90457
1711800000,70183.54,70269.15,69925.87,69999.99,1960.15928
1711814400,69999.99,70280.06,69670.0,69896.34,2564.18678
1711828800,69896.34,69896.35,69540.0,69582.18,1843.37158
1711843200,69582.17,70165.86,69562.99,69916.61,2971.88718
1711857600,69916.6,70460.0,69874.54,70301.73,3491.10805
1711872000,70301.72,70470.0,70147.77,70369.99,1973.67988
1711886400,70369.99,70759.1,70289.72,70381.13,3579.74008
1711900800,70381.13,71227.22,70321.86,71023.5,3712.47384
1711915200,71023.51,71366.0,70639.93,71280.01,3667.4553
1711929600,71280.0,71288.23,70520.51,70588.01,3360.81417
1711944000,70588.01,70648.83,68888.0,69594.94,9756.49862
1711958400,69594.94,69799.98,69165.35,69460.01,4785.74482
1711972800,69460.0,70080.0,68161.48,68237.15,11010.9048
1711987200,68237.15,69816.24,68062.86,69648.01,8342.53739
1712001600,69648.01,69900.0,69327.66,69649.8,4188.82059
1712016000,69649.81,69674.23,66000.0,66703.97,14727.55061
1712030400,66703.97,67120.0,66120.75,66455.5,8828.4082
1712044800,66455.5,66705.08,65075.0,65622.69,13036.59722
1712059200,65622.69,66249.83,64588.58,64890.0,17665.0445
1712073600,64889.99,66200.0,64550.0,65914.9,11481.41905
1712088000,65914.91,66120.0,65200.0,65463.99,6060.80835
1712102400,65463.99,66288.88,64493.07,66225.79,9351.12963
1712116800,66225.79,66483.87,65920.0,66135.99,4521.80948
1712131200,66135.98,66642.36,65538.06,66059.76,6489.92426
1712145600,66059.75,66903.63,65635.01,65836.01,7323.44464
1712160000,65836.02,66550.0,65451.62,65784.0,6431.99952
1712174400,65784.01,66297.4,65476.63,65963.28,5768.91025
1712188800,65963.27,66354.83,65454.55,65620.01,3770.13451
1712203200,65620.0,66290.32,65064.52,66091.6,4739.31707
1712217600,66091.59,66468.99,66028.0,66353.67,3428.64196
1712232000,66353.68,67927.69,66330.56,67647.99,10795.2997
1712246400,67648.0,69309.91,67526.5,68500.0,11282.70659
1712260800,68500.0,68565.54,67320.0,68487.79,7494.3847
1712275200,68487.8,68756.67,67435.67,67863.99,5774.35522
1712289600,67864.0,68028.0,66380.0,66930.74,5658.20928
1712304000,66930.75,67684.26,66383.01,66478.0,5920.7343
1712318400,66478.0,68566.66,65952.56,68190.62,11781.15101
1712332800,68190.62,68380.0,67316.0,67412.4,6064.18449
1712347200,67412.41,67966.67,67342.0,67820.62,2716.59643
1712361600,67820.63,68065.2,67447.83,67788.01,3176.77641
1712376000,67788.0,68232.14,67602.0,67992.02,3070.43208
1712390400,67992.02,68120.0,67615.22,67668.16,2642.86157
1712404800,67668.16,68299.0,67527.78,68104.0,3568.26804
1712419200,68104.01,68484.09,67948.83,68259.98,2363.11858
1712433600,68259.99,69692.0,68166.66,68896.0,5312.83251
1712448000,68896.0,69777.0,68824.0,69408.05,4070.3115
1712462400,69408.04,69493.98,69053.97,69364.01,2506.83696
1712476800,69364.0,69555.0,69199.01,69357.0,2408.97704
1712491200,69357.0,69886.03,69210.0,69543.74,3508.85654
1712505600,69543.73,70326.29,68849.77,69068.01,6365.63132
1712520000,69068.01,69477.18,68901.0,69360.39,2674.13097
1712534400,69360.38,69841.03,69043.24,69458.95,2783.56347
1712548800,69458.95,70850.0,69280.0,70698.63,5743.89017
1712563200,70698.64,72650.0,70642.0,72404.0,17583.55254
1712577600,72404.0,72797.99,71245.17,71773.98,11394.24682
1712592000,71773.98,72104.05,71300.0,71766.0,5209.50842
1712606400,71766.0,72000.0,71500.37,71620.0,3009.11482
1712620800,71620.0,71758.19,70833.33,71285.0,4291.79016
1712635200,71285.0,71339.79,70110.0,70383.99,6190.35905
1712649600,70383.98,70905.26,69576.61,70794.85,6972.66696
1712664000,70794.84,70977.0,68535.03,69264.0,12156.24815
1712678400,69264.0,69320.0,68210.0,69000.77,6642.90689
1712692800,69000.78,69439.6,68888.47,69146.0,3039.93121
1712707200,69146.0,69594.15,68466.63,69150.18,4540.58603
1712721600,69150.18,69515.0,69005.55,69336.28,2643.50253
1712736000,69336.27,69336.28,68629.99,69043.0,4809.39998
1712750400,69043.0,69204.28,67518.0,68657.32,13749.00779
1712764800,68657.31,70098.89,68556.0,70083.99,9298.63372
1712779200,70084.0,71172.08,69581.03,70631.08,6964.89372
1712793600,70631.08,71062.0,70285.13,70851.67,4013.72496
1712808000,70851.66,71305.89,70378.11,70735.99,3777.07402
1712822400,70736.0,71256.27,69881.31,69983.16,5151.60119
1712836800,69983.16,71100.0,69567.21,70000.0,11347.13026
1712851200,70000.0,70529.73,69574.88,70459.67,4574.37082
1712865600,70459.67,70746.09,69804.87,70006.23,3053.3547
1712880000,70006.22,70996.91,70002.22,70977.27,4545.17393
1712894400,70977.27,71227.46,70566.02,70764.01,3687.50378
1712908800,70764.0,70972.0,70509.58,70904.01,3928.05462
1712923200,70904.0,70975.54,69236.95,69347.3,10668.68172
1712937600,69347.3,69580.0,65086.86,66843.98,26206.56931
1712952000,66843.98,67440.0,66680.84,67116.52,7036.87893
1712966400,67116.52,67168.0,65731.27,67160.55,7747.05556
1712980800,67160.55,67929.0,67012.67,67446.52,5876.343
1712995200,67446.53,67825.91,67090.83,67360.0,3376.15097
1713009600,67360.01,67926.0,67169.97,67676.0,3454.16666
1713024000,67675.99,67752.85,63750.01,64788.01,12176.97124
1713038400,64788.01,65608.09,60660.57,63924.51,38764.53276
1713052800,63924.52,64303.87,62134.0,63437.55,14435.88247
1713067200,63437.55,64872.96,63394.0,64464.3,9667.37241
1713081600,64464.3,64887.99,63855.45,64166.05,7342.92314
1713096000,64166.05,64848.49,63437.55,64180.97,10578.65201
1713110400,64180.98,64747.25,62573.66,64168.62,10439.26301
1713124800,64168.62,65840.0,63326.42,65661.84,9135.08514
1713139200,65661.85,65867.45,64937.01,65138.19,6221.13657
1713153600,65138.2,66582.84,64683.01,66263.84,8889.70626
1713168000,66263.84,66867.07,65807.25,65860.12,6595.64794
1713182400,65860.12,66399.0,63810.0,64568.81,11897.77903
1713196800,64568.8,64868.28,62274.4,63301.11,13199.26326
1713211200,63301.11,63633.02,62632.0,63419.99,5585.99763
1713225600,63419.99,63899.69,62750.0,62956.0,6780.05828
1713240000,62956.0,63800.0,61680.0,63516.19,10893.71179
1713254400,63516.18,63660.0,61600.0,63094.77,9560.71907
1713268800,63094.76,63422.97,61735.42,61762.2,11375.72504
1713283200,61762.19,63280.75,61694.02,62721.43,9939.37779
1713297600,62721.43,64365.0,62555.0,63793.39,4885.70134
1713312000,63793.4,64295.0,63581.16,63842.02,4408.10123
1713326400,63842.03,64499.0,63181.81,63297.84,4770.84819
1713340800,63297.85,63587.88,62541.13,62595.04,4528.8573
1713355200,62595.04,62974.88,59888.0,60304.95,19701.56268
1713369600,60304.95,61956.42,59678.16,61022.35,13090.32351
1713384000,61022.36,61763.07,60777.0,61277.37,4110.85218
1713398400,61277.38,62229.9,60939.92,61988.0,5112.05762
1713412800,61987.99,62075.46,60803.35,61178.08,5389.61634
1713427200,61178.08,63072.27,60864.0,62597.92,8854.03421
1713441600,62597.92,64117.09,61580.71,63498.7,13179.24657
1713456000,63498.69,63866.19,62310.03,63477.04,7383.52292
1713470400,63477.04,63825.74,63162.77,63470.08,3683.13152
1713484800,63470.09,63470.09,59600.01,61785.14,18924.46633
1713499200,61785.14,65179.0,61739.68,64547.18,16300.5042
1713513600,64547.18,65450.0,64098.13,64870.74,10760.55037
1713528000,64870.73,65440.57,63820.57,64437.17,10695.68779
1713542400,64437.18,64808.54,63506.57,64325.25,7338.37595
1713556800,64325.26,64494.03,62953.9,63818.01,5754.71807
1713571200,63818.01,64263.41,63090.07,63956.0,4907.95296
1713585600,63956.01,64268.58,63815.53,63961.22,2687.98622
1713600000,63961.22,63988.0,63277.0,63707.17,3210.87149
1713614400,63707.18,64960.37,63575.83,64808.35,3733.80603
1713628800,64808.35,65419.0,64456.54,64866.44,6438.0366
1713643200,64866.45,65031.25,64555.0,64940.59,2158.77645
1713657600,64940.58,65695.56,64608.0,65170.0,3453.01051
1713672000,65170.01,65244.65,64843.98,65150.66,2641.24775
1713686400,65150.67,65440.95,64763.15,65234.01,3450.14128
1713700800,65234.02,65375.41,64778.69,65043.69,2695.60703
1713715200,65043.7,65087.92,64237.5,64538.0,4176.1013
1713729600,64538.0,65167.19,64362.5,64941.15,2900.31365
1713744000,64941.15,66090.69,64500.0,65703.5,7919.96299
1713758400,65703.49,66479.8,65509.24,65980.0,6098.37541
1713772800,65980.01,66204.44,65702.0,65877.47,3405.5687
1713787200,65877.47,66477.53,65626.87,65994.38,5461.41672
1713801600,65994.39,66824.28,65913.52,66524.77,4574.61291
1713816000,66524.77,67232.35,66342.1,66819.32,3938.05698
1713830400,66819.32,67183.01,66419.55,66435.01,3243.03761
1713844800,66435.01,66646.0,66020.0,66099.79,3505.2568
1713859200,66099.79,66310.44,65852.35,66043.99,3664.65129
1713873600,66043.99,67130.0,65765.81,66419.56,7336.45218
1713888000,66419.56,66905.99,66350.91,66484.43,2615.80021
1713902400,66484.43,66484.96,65980.0,66414.0,2234.70195
1713916800,66414.0,66900.0,66390.0,66608.14,3046.35629
1713931200,66608.14,67070.43,66552.37,66630.9,3233.87893
1713945600,66630.89,66743.01,66203.05,66571.52,3109.38742
1713960000,66571.52,66737.0,64519.03,64610.11,11318.18882
1713974400,64610.1,65156.95,63736.7,63976.06,7661.7157
1713988800,63976.05,64447.91,63606.06,64289.59,5226.16921
1714003200,64289.58,64741.47,63860.0,64282.01,3701.42089
1714017600,64282.02,64397.78,63824.07,64017.99,2632.77055
1714032000,64017.99,64192.0,63337.25,63861.23,5784.37183
1714046400,63861.24,64302.99,62794.0,64135.94,9541.23587
1714060800,64135.93,64975.0,63971.48,64747.11,5893.40227
1714075200,64747.12,65297.94,64447.75,64498.34,3788.26197
1714089600,64498.33,64662.53,63890.82,64381.24,4501.10389
1714104000,64381.25,64610.82,64000.02,64276.95,3820.59365
1714118400,64276.94,64581.52,64059.8,64244.02,3562.57552
1714132800,64244.03,64820.01,63297.48,63503.22,9690.76928
1714147200,63503.22,64162.5,63318.75,63742.05,3712.95105
1714161600,63742.07,64107.32,63689.22,63770.01,1797.20007
1714176000,63770.0,63923.41,62391.24,63082.01,6657.76903
1714190400,63082.0,63175.0,62808.0,62966.83,2242.40457
1714204800,62966.84,63060.0,62673.37,62862.14,2079.69094
1714219200,62862.13,63408.53,62810.29,62951.75,3503.85622
1714233600,62951.75,63650.0,62750.0,63352.11,4913.85251
1714248000,63352.11,63555.56,63157.98,63461.98,1535.48725
1714262400,63461.98,64370.0,63456.86,64021.62,3385.63662
1714276800,64021.62,64060.0,63800.0,63915.5,2305.67426
1714291200,63915.5,63979.27,63345.55,63484.01,2754.13016
1714305600,63484.0,63869.09,63415.6,63540.0,2421.65968
1714320000,63540.0,63976.0,63483.18,63730.49,1787.98929
1714334400,63730.49,63745.91,62781.0,63118.62,4294.11004
1714348800,63118.62,63367.05,62150.52,62279.67,4182.37182
1714363200,62279.68,62639.4,61923.13,62399.98,4977.90568
1714377600,62399.98,62673.18,62179.99,62256.0,3033.90933
1714392000,62256.0,63112.29,61765.53,63039.07,8212.51545
1714406400,63039.07,63221.74,62546.37,62987.37,3504.07719
1714420800,62987.37,64228.35,62820.0,63866.0,4239.45
1714435200,63866.0,64734.0,62995.7,63647.99,6641.99134
1714449600,63647.99,63708.7,63069.68,63148.74,3035.08013
1714464000,63148.74,63244.0,61000.0,61204.42,14068.13369
1714478400,61204.41,61559.36,60546.22,60796.85,10504.86521
1714492800,60796.86,60947.55,59191.6,59292.95,13263.13146
1714507200,59292.95,61070.71,59274.75,60672.0,7434.45352
1714521600,60672.01,60841.63,59590.0,60246.03,6530.47723
1714536000,60246.02,60361.09,57100.0,57499.99,15737.62045
1714550400,57500.0,57909.0,56552.82,57898.47,18606.5614
1714564800,57898.46,58275.87,56674.51,56886.0,11686.74779
1714579200,56886.0,59468.0,56625.09,56954.47,20507.82488
1714593600,56954.46,58575.32,56760.02,58364.97,8097.23648
1714608000,58364.97,58610.55,56911.84,57442.88,11212.01702
1714622400,57442.88,57945.19,57202.49,57681.08,4030.5593
1714636800,57681.08,58689.55,57561.14,58559.66,7270.28163
1714651200,58559.66,59455.0,58222.0,59264.15,15027.94977
1714665600,59264.16,59575.29,58943.38,59351.11,5176.24271
1714680000,59351.1,59625.0,58637.62,59060.61,4866.76918
1714694400,59060.6,59999.0,58811.32,59720.3,5109.40917
1714708800,59720.3,59844.94,59061.63,59190.74,3909.0336
1714723200,59190.74,59575.48,58849.94,59291.09,3640.85276
1714737600,59291.1,62115.64,58991.99,61690.74,19191.72512
1714752000,61690.74,62179.99,61533.2,62067.32,4594.31487
1714766400,62067.32,63333.0,61974.0,62882.01,7183.06591
1714780800,62882.01,63595.14,62541.03,62724.0,4743.46495
1714795200,62724.0,63450.0,62686.0,62959.03,3268.58824
1714809600,62959.03,64540.0,62924.37,63873.31,6546.74516
1714824000,63873.3,64158.19,63434.53,63609.17,3811.93368
1714838400,63609.17,64019.83,63300.58,63921.18,3617.97274
1714852800,63921.17,64240.76,63550.0,63892.04,2379.98805
1714867200,63892.03,64188.0,62822.17,63235.93,4023.81118
1714881600,63235.93,63959.0,63119.32,63736.87,1984.95667
1714896000,63736.86,63937.17,63539.53,63859.63,2431.33573
1714910400,63859.63,64646.0,63618.91,64428.65,5405.83792
1714924800,64428.64,64554.68,63811.01,63879.94,2871.91182
1714939200,63879.94,64227.51,63582.08,64012.0,1808.89697
1714953600,64012.0,64465.0,63708.58,63866.59,3162.30361
1714968000,63866.59,64588.0,63768.72,64540.75,4129.26675
1714982400,64540.75,65500.0,63815.38,64203.56,9354.00852
1714996800,64203.55,64319.86,62909.61,63632.01,10782.37421
1715011200,63632.01,63747.59,62700.0,63220.0,5039.95966
1715025600,63220.0,63611.85,63051.94,63165.19,2207.00674
1715040000,63165.18,63967.19,62832.6,63239.49,4005.85545
1715054400,63239.5,63853.12,63092.76,63669.69,2871.47278
1715068800,63669.69,64422.41,63358.0,63490.43,5001.25779
1715083200,63490.43,64320.0,63050.77,63740.48,5420.86559
1715097600,63740.48,63895.46,62789.89,63060.01,3582.30191
1715112000,63060.0,63197.58,62261.0,62312.08,4717.0412
1715126400,62312.07,62973.18,62111.0,62893.99,3337.82292
1715140800,62894.0,63020.22,62020.09,62208.0,3859.89848
1715155200,62208.0,62519.7,62042.0,62243.4,3513.4572
1715169600,62243.4,62828.0,61761.0,62273.08,6158.24711
1715184000,62273.07,62760.0,61949.42,62179.45,3301.14049
1715198400,62179.45,62248.84,60888.0,61193.03,5950.62384
1715212800,61193.03,61806.98,61144.33,61680.4,2721.61729
1715227200,61680.4,61780.6,61129.0,61253.16,2905.35223
1715241600,61253.16,61447.06,60630.0,61053.99,5362.37094
1715256000,61053.99,62285.0,60882.19,62159.06,8288.33478
1715270400,62159.06,62668.67,61750.0,62454.92,6281.25123
1715284800,62454.92,63429.03,62346.36,63074.01,5101.87963
1715299200,63074.0,63094.01,62662.07,62916.16,2735.78507
1715313600,62916.16,63380.0,62660.42,63078.02,4829.47839
1715328000,63078.01,63320.0,62800.0,63299.63,3172.4998
1715342400,63299.63,63469.13,60690.0,60928.02,13444.88923
1715356800,60928.02,61294.82,60187.12,60716.97,9448.65481
1715371200,60716.96,61003.0,60456.91,60799.99,2898.03295
1715385600,60799.99,61096.27,60650.0,60731.9,2363.19506
1715400000,60731.89,61080.0,60712.0,61018.52,1958.49596
1715414400,61018.53,61058.75,60487.09,60684.01,2622.23696
1715428800,60684.0,61515.0,60643.94,61174.18,2983.17984
1715443200,61174.18,61410.09,61016.0,61144.0,1958.45382
1715457600,61144.01,61154.21,60743.51,60825.99,1489.00772
1715472000,60825.99,61104.05,60804.0,60930.0,1266.79428
1715486400,60930.01,61120.0,60610.0,60820.0,1414.28916
1715500800,60819.99,61366.59,60790.94,61146.0,2340.63752
1715515200,61145.99,61587.12,61090.0,61419.0,2048.43475
1715529600,61419.01,61888.0,61109.67,61406.1,3820.38147
1715544000,61406.11,61551.43,60910.58,61483.99,1862.59518
1715558400,61484.0,61812.0,60749.21,61170.0,5351.68295
1715572800,61170.0,62450.0,60797.79,62334.37,4765.16809
1715587200,62334.36,63295.48,62334.36,62738.0,9213.32472
1715601600,62737.99,63200.0,62399.35,63002.0,5842.90422
1715616000,63002.0,63450.0,62566.36,63172.69,5512.43015
1715630400,63172.7,63193.59,62715.57,62940.08,2047.90826
1715644800,62940.09,63118.36,62403.22,62488.46,4185.92634
1715659200,62488.46,62780.73,61404.34,62035.39,6129.65977
1715673600,62035.39,62045.8,61520.89,61798.57,2978.35656
1715688000,61798.57,62300.0,61142.77,61787.61,9371.49007
1715702400,61787.6,61816.34,61159.34,61596.52,4672.60874
1715716800,61596.51,61789.99,61472.41,61577.49,1750.67893
1715731200,61577.49,62033.48,61319.47,61949.99,2150.95758
1715745600,61949.99,62280.01,61818.18,62195.04,2500.5292
1715760000,62195.04,62999.44,61923.2,62467.18,5841.97337
1715774400,62467.18,65057.26,62402.03,64725.11,18482.64633
1715788800,64725.12,66419.15,64720.0,66006.23,9790.73766
1715803200,66006.23,66444.16,65738.0,66206.5,4792.90305
1715817600,66206.51,66666.0,65746.42,65975.39,4545.03782
1715832000,65975.39,66278.04,65652.92,66142.62,3539.9064
1715846400,66142.62,66585.7,66000.0,66503.8,3707.82709
1715860800,66503.81,66752.01,65361.51,65818.88,8417.05624
1715875200,65818.89,65827.47,64602.77,65186.85,8466.84763
1715889600,65186.84,65500.0,65050.0,65235.21,2429.69192
1715904000,65235.21,65901.46,65106.38,65584.53,3015.02361
1715918400,65584.53,66500.0,65367.51,66386.94,4966.49056
1715932800,66386.93,66564.23,66068.79,66218.0,3554.56752
1715947200,66217.99,67451.2,65828.03,67195.1,7892.28774
1715961600,67195.09,67300.0,66214.67,67047.99,5023.34456
1715976000,67047.99,67089.72,66669.72,67024.0,1840.5201
1715990400,67024.0,67095.88,66725.53,66945.05,2481.3965
1716004800,66945.06,67240.69,66730.0,66887.0,2081.50495
1716019200,66887.01,67400.01,66840.0,67190.82,3570.27427
1716033600,67190.81,67227.97,66600.0,66823.63,3512.39354
1716048000,66823.63,66992.53,66722.0,66912.62,1415.23897
1716062400,66912.62,67039.92,66810.0,66915.2,1380.44951
1716076800,66915.2,67294.35,66837.39,67170.21,1968.76906
1716091200,67170.2,67329.45,66930.4,67324.44,1770.85016
1716105600,67324.44,67700.0,66950.0,67330.0,4156.529
1716120000,67330.01,67330.01,66677.0,66889.88,3575.96349
1716134400,66889.88,66990.0,65857.25,66034.01,4551.01267
1716148800,66034.01,66463.0,66000.0,66274.01,2002.17971
1716163200,66274.0,66768.87,66060.31,66675.22,2810.74639
1716177600,66675.21,67295.99,66279.64,66825.14,4518.75286
1716192000,66825.15,67349.0,66750.0,66994.2,3926.45606
1716206400,66994.2,67487.0,66753.42,67419.99,5810.8034
1716220800,67420.0,70000.0,67374.42,69999.99,16377.91082
1716235200,70000.0,71515.56,68905.67,71446.62,17372.03157
1716249600,71446.62,71979.0,70706.0,71284.0,13088.39015
1716264000,71283.99,71394.2,70826.92,70878.29,6601.84071
1716278400,70878.3,71474.92,70839.63,71130.0,7293.08407
1716292800,71130.0,71455.09,69685.01,69826.99,11191.26336
1716307200,69827.0,70263.03,69162.94,69285.99,7682.81292
1716321600,69285.99,70377.77,69240.57,70148.34,3750.04239
1716336000,70148.34,70368.6,69822.76,69955.72,3712.34798
1716350400,69955.72,70059.89,69165.0,69715.0,3561.58064
1716364800,69715.0,70275.14,69636.01,69736.13,3338.95553
1716379200,69736.14,70591.0,69435.3,70455.9,6115.43217
1716393600,70455.89,70666.0,69228.64,69637.47,6273.89945
1716408000,69637.48,69976.0,68842.19,69166.62,4670.96449
1716422400,69166.62,69626.87,69166.61,69446.14,2519.07727
1716436800,69446.14,69862.44,69347.17,69734.04,2641.29925
1716451200,69734.05,70061.0,69520.02,69982.72,3721.08269
1716465600,69982.72,70096.12,67610.95,68076.0,12779.86105
1716480000,68075.99,68167.97,66764.7,67199.98,6871.2151
1716494400,67199.98,68365.81,66312.16,67969.65,11980.63838
1716508800,67969.66,68017.56,67628.01,67891.83,3527.41135
1716523200,67891.83,67922.79,66816.21,67155.93,5910.48089
1716537600,67155.93,67523.78,66600.12,67349.99,3483.32864
1716552000,67350.0,68420.0,66921.97,68326.46,7204.20269
1716566400,68326.46,69250.0,67924.39,69115.98,6124.27945
1716580800,69115.98,69214.0,68524.94,68549.99,1846.13362
1716595200,68549.99,68910.0,68500.0,68757.85,1641.62583
1716609600,68757.84,68831.88,68615.56,68753.92,1418.86107
1716624000,68753.93,69610.0,68749.2,69104.67,3074.05389
1716638400,69104.68,69299.99,68847.65,68930.4,3361.6813
1716652800,68930.39,69266.66,68849.5,69155.32,1460.29445
1716667200,69155.32,69356.6,69050.01,69290.57,1173.87764
1716681600,69290.56,69319.31,68808.37,69073.62,1604.1616
1716696000,69073.62,69435.36,68928.22,69340.15,1384.96206
1716710400,69340.16,69562.23,68974.55,69134.91,2431.33857
1716724800,69134.91,69399.0,68668.6,68847.99,2691.07965
1716739200,68847.98,68973.15,68692.11,68903.54,1856.42507
1716753600,68903.53,68911.56,68128.01,68507.67,1904.15102
1716768000,68507.67,69298.0,68481.31,68873.43,3075.08732
1716782400,68873.43,68901.74,68321.95,68643.36,2593.08429
1716796800,68643.36,68944.2,68250.0,68434.26,2936.86739
1716811200,68434.26,70520.3,68384.0,70373.85,7055.83517
1716825600,70373.86,70687.56,69069.0,69260.01,5008.7635
1716840000,69260.02,69887.9,69177.01,69436.43,2467.2897
1716854400,69436.43,69591.81,67753.0,68050.3,6835.12436
1716868800,68050.3,68134.0,67486.65,67694.0,4924.25467
1716883200,67694.01,68902.71,67582.13,68389.87,5753.28941
1716897600,68389.87,68559.99,67529.62,68374.08,7315.8352
1716912000,68374.08,68598.33,67277.91,68424.29,5785.87242
1716926400,68424.28,68661.28,68124.04,68398.39,2008.59436
1716940800,68398.4,68923.0,68266.04,68829.42,2939.72633
1716955200,68829.41,68935.68,67936.35,67946.9,3436.4985
1716969600,67946.89,68033.33,67602.34,67763.59,3936.67261
1716984000,67763.59,68280.0,67262.34,67379.13,7094.29394
1716998400,67379.13,67742.0,67124.65,67266.78,3771.18556
1717012800,67266.78,67826.09,67151.35,67652.42,1981.45455
1717027200,67652.41,68199.97,67471.67,68118.2,2683.70027
1717041600,68118.2,68422.89,67508.42,67584.56,4433.93438
1717056000,67584.57,68100.0,67128.0,67817.01,4585.8536
1717070400,67817.01,68826.31,67755.0,68530.76,7062.79888
1717084800,68530.77,69500.0,68384.0,68653.02,7037.66907
1717099200,68653.02,68657.41,68050.01,68352.17,2674.2622
1717113600,68352.17,68729.73,68274.0,68535.81,2131.97288
1717128000,68535.81,68654.33,68075.99,68174.99,2754.48155
1717142400,68175.0,68461.0,67876.0,68349.73,3296.46239
1717156800,68349.73,69044.1,67200.0,67215.58,9839.14106
1717171200,67215.58,67999.0,66670.0,67681.0,6363.51811
1717185600,67681.0,67798.0,67239.19,67540.01,2304.74585
1717200000,67540.01,67757.14,67428.44,67715.31,1777.35139
1717214400,67715.31,67810.0,67575.23,67632.08,1250.73388
1717228800,67632.07,67760.0,67611.61,67660.57,1293.15334
1717243200,67660.57,67872.5,67640.0,67691.28,1527.99394
1717257600,67691.28,67900.0,67556.72,67753.76,1933.67458
1717272000,67753.76,67885.0,67700.0,67766.85,1054.7542
1717286400,67766.84,67910.55,67643.33,67789.47,1287.2317
1717300800,67789.48,67867.6,67720.41,67721.0,1056.53192
1717315200,67721.01,68320.08,67367.2,68251.52,2959.02252
1717329600,68251.53,68460.0,67800.0,68142.17,4215.16637
1717344000,68142.18,68200.0,67257.47,67736.95,4668.17947
1717358400,67736.95,67984.01,67577.65,67765.63,1240.19331
1717372800,67765.62,68793.97,67612.48,68382.81,3808.91033
1717387200,68382.8,69221.0,68285.29,68906.7,5525.34568
1717401600,68906.7,69333.0,68824.0,69080.0,3826.91777
1717416000,69080.0,70288.0,68500.0,69615.28,10231.02887
1717430400,69615.27,69715.61,68800.0,69204.0,3716.39069
1717444800,69204.0,69509.38,68730.51,68809.9,2524.78066
1717459200,68809.89,69370.01,68629.9,69170.22,2195.99092
1717473600,69170.22,69268.27,68745.68,69013.63,2550.75405
1717488000,69013.62,69191.99,68567.32,68955.85,3143.28299
1717502400,68955.84,70480.0,68843.73,70445.0,10001.68378
1717516800,70445.0,71063.45,70092.5,70423.6,9252.35453
1717531200,70423.61,70736.0,70168.67,70537.84,2475.71862
1717545600,70537.83,71275.0,70423.51,70947.58,4747.42504
1717560000,70947.58,71379.21,70826.15,71200.0,4692.49958
1717574400,71199.99,71243.6,70694.61,70971.71,3455.32686
1717588800,70971.7,71731.35,70383.66,71580.0,7724.60004
1717603200,71580.01,71758.0,70871.2,71279.95,5604.75987
1717617600,71279.95,71357.68,70700.0,71108.0,2478.56943
1717632000,71108.0,71237.02,70900.0,71050.0,1838.31631
1717646400,71050.0,71106.46,70800.0,71021.47,2441.77446
1717660800,71021.46,71204.59,70862.5,71170.01,2311.02713
1717675200,71170.01,71700.0,71000.0,71300.0,6417.45132
1717689600,71300.0,71379.93,70450.0,70479.49,5514.55376
1717704000,70479.49,70958.89,70117.64,70799.06,3318.88151
1717718400,70799.06,71015.2,70663.59,70989.68,1822.51982
1717732800,70989.69,71449.98,70989.68,71110.0,4173.52745
1717747200,71110.01,71700.0,71048.12,71699.99,3176.10664
1717761600,71700.0,71997.02,70633.21,71111.54,9856.47926
1717776000,71111.55,71208.89,68420.0,69255.0,13917.20632
1717790400,69255.01,69585.96,68978.52,69355.6,2652.61096
1717804800,69355.6,69525.0,69287.28,69432.0,1791.64307
1717819200,69432.0,69582.2,69232.15,69582.2,1721.33097
1717833600,69582.2,69582.2,69318.19,69365.93,1625.99373
1717848000,69365.94,69491.36,69168.02,69430.01,2118.57239
1717862400,69430.01,69490.0,69292.22,69460.01,1578.06404
1717876800,69460.0,69475.18,69290.28,69310.46,938.22547
1717891200,69310.46,69346.9,69130.24,69259.38,1184.61971
1717905600,69259.38,69425.7,69234.73,69295.64,1031.53735
1717920000,69295.64,69397.19,69283.45,69367.69,869.09305
1717934400,69367.68,69777.0,69250.01,69508.64,3778.30362
1717948800,69508.64,69857.14,69500.0,69710.26,1982.06406
1717963200,69710.26,69821.53,69590.33,69648.14,1044.9493
1717977600,69648.15,69801.34,69426.0,69613.2,1986.09511
1717992000,69613.2,69677.5,69249.99,69303.99,2111.8604
1718006400,69304.0,69550.0,69172.29,69473.89,2217.29737
1718020800,69473.89,70195.94,69201.59,70066.12,4204.58568
1718035200,70066.12,70141.1,69386.81,69490.8,4296.16146
1718049600,69490.81,69700.51,69334.46,69540.0,2306.66939
1718064000,69540.0,69590.01,67900.0,68464.0,8068.669
1718078400,68464.0,68464.0,67325.0,67570.18,7797.79833
1718092800,67570.18,67662.49,66732.0,66890.01,7282.49886
1718107200,66890.0,67278.88,66051.0,66244.48,9349.62363
1718121600,66244.48,67586.64,66161.26,67407.01,6551.1506
1718136000,67407.02,67588.22,67173.92,67314.24,2386.27546
1718150400,67314.23,67596.15,66905.0,67407.0,2922.2534
1718164800,67407.01,67624.89,67195.97,67453.63,2712.51803
1718179200,67453.64,68059.01,67353.02,67778.43,3358.7204
1718193600,67778.43,69999.0,67736.0,69734.0,12403.63584
1718208000,69734.0,69862.4,67250.0,67532.92,11888.022
1718222400,67532.92,68667.44,67413.51,68263.99,3890.17389
1718236800,68263.98,68393.63,66969.98,67474.94,5168.64979
1718251200,67474.95,67729.41,67300.3,67724.81,2963.75859
1718265600,67724.8,67971.2,67168.0,67739.99,3762.21969
1718280000,67740.0,68449.3,66368.76,66470.01,10171.91317
1718294400,66470.01,67080.13,66251.78,66604.01,5091.83328
1718308800,66604.01,66980.0,66530.84,66773.01,1921.18119
1718323200,66773.01,67027.32,66480.0,66744.0,2704.93799
1718337600,66744.0,67221.32,66707.76,66904.98,2943.04425
1718352000,66904.98,67256.32,66746.4,67036.0,3383.9336
1718366400,67035.99,67370.24,66344.67,66392.0,5730.45832
1718380800,66392.0,66520.0,65078.0,65520.02,9683.77753
1718395200,65520.02,66627.52,65480.0,66043.99,3962.03628
1718409600,66043.99,66290.0,65967.5,66267.87,2008.24903
1718424000,66267.87,66416.66,66065.8,66076.99,2891.47187
1718438400,66076.99,66348.0,66076.98,66319.95,1493.77779
1718452800,66319.94,66478.48,66153.84,66316.02,2100.54737
1718467200,66316.02,66360.0,66071.47,66154.7,1431.64709
1718481600,66154.7,66287.76,65857.1,66228.25,1526.10927
1718496000,66228.25,66269.74,66076.55,66146.0,790.58916
1718510400,66145.99,66360.18,66034.5,66266.3,1179.96721
1718524800,66266.3,66770.0,66172.5,66492.83,2395.77885
1718539200,66492.83,66793.72,66480.0,66712.8,1854.32659
1718553600,66712.8,66744.71,66522.0,66562.52,1140.46531
1718568000,66562.52,66998.7,66460.0,66676.87,2031.39511
1718582400,66676.86,66913.69,66155.0,66222.0,3307.38167
1718596800,66222.0,66567.68,65939.67,66172.0,2843.05342
1718611200,66172.0,66317.64,65556.0,65817.2,4095.43003
1718625600,65817.2,65827.9,65130.0,65368.0,5353.73577
1718640000,65368.0,67298.81,65138.0,66691.99,8280.08295
1718654400,66691.99,66764.7,66164.01,66504.33,3506.48467
1718668800,66504.33,66588.23,64569.0,65500.0,11041.36558
1718683200,65500.0,65845.47,65344.24,65672.51,4340.32865
1718697600,65672.51,65750.01,65100.0,65366.0,3732.15562
1718712000,65366.0,65433.97,64261.12,64706.0,11395.51177
1718726400,64705.99,64904.91,64060.0,64412.19,6974.9316
1718740800,64412.18,65305.0,64178.1,65175.32,4865.80922
1718755200,65175.32,65603.91,64810.62,65404.0,5262.16662
1718769600,65404.0,65727.54,65158.05,65326.89,3599.20908
1718784000,65326.89,65544.0,65000.0,65210.0,3851.72512
1718798400,65210.0,65310.02,64756.28,64922.0,3230.69752
1718812800,64921.99,65284.37,64791.76,64882.01,2587.30051
1718827200,64882.02,65087.76,64666.0,64974.37,1529.69691
1718841600,64974.37,65407.4,64818.72,65189.99,2764.12678
1718856000,65190.0,65967.39,65070.91,65858.84,3218.48909
1718870400,65858.84,66482.94,65559.45,66169.85,3716.69714
1718884800,66169.86,66300.5,64658.06,64831.23,7331.76705
1718899200,64831.24,65217.21,64559.15,65050.0,5208.45123
1718913600,65049.99,65200.11,64848.7,64869.99,2025.75902
1718928000,64869.99,65066.66,64345.0,64506.14,3151.09938
1718942400,64506.15,64739.09,64190.76,64201.63,3017.09525
1718956800,64201.63,64372.15,63522.75,63770.0,6116.25686
1718971200,63770.01,64360.0,63379.35,63732.02,7918.52722
1718985600,63732.02,64264.95,63465.17,64232.01,4035.76865
1719000000,64232.01,64460.14,63828.09,64143.56,1754.81706
1719014400,64143.56,64342.54,63943.82,64327.45,1615.03389
1719028800,64327.46,64540.26,64253.07,64520.0,2121.70614
1719043200,64519.99,64546.81,64214.43,64265.26,1376.34835
1719057600,64265.27,64397.82,64246.52,64307.08,930.39133
1719072000,64307.09,64362.0,64218.5,64295.01,729.0975
1719086400,64295.01,64330.0,64246.01,64262.01,536.37821
1719100800,64262.01,64521.0,64262.0,64416.14,1222.9115
1719115200,64416.14,64433.03,64349.49,64415.27,526.41413
1719129600,64415.27,64437.28,64252.85,64341.45,945.7319
1719144000,64341.46,64429.1,64049.41,64094.0,1383.12991
1719158400,64094.01,64187.62,63918.58,64149.78,1430.37834
1719172800,64149.78,64159.0,63178.32,63210.01,2715.88869
1719187200,63210.01,63369.8,62695.02,62862.0,4626.61921
1719201600,62862.0,62952.0,62160.72,62456.0,5068.08372
1719216000,62456.0,62975.6,60567.01,61291.95,12136.79401
1719230400,61291.95,61700.0,60670.36,60843.99,5796.95477
1719244800,60843.99,61044.44,59058.0,59306.72,16409.89475
1719259200,59306.72,60442.71,58402.0,60293.3,8123.00768
1719273600,60293.3,61598.87,60257.06,61302.59,4817.65654
1719288000,61302.59,61420.0,60624.63,60685.16,4078.38689
1719302400,60685.16,61583.18,60668.01,61187.64,4679.07209
1719316800,61187.64,62134.0,60953.23,61810.0,8735.80046
1719331200,61810.0,62420.0,61135.37,61975.46,6527.99194
1719345600,61975.46,62162.49,61664.0,61806.01,2350.33569
1719360000,61806.01,62487.81,61643.48,61936.07,3538.82122
1719374400,61936.07,61990.0,61520.0,61720.02,3492.11682
1719388800,61720.02,61754.6,61149.64,61445.26,3493.404
1719403200,61445.26,61980.0,61182.8,61467.86,4713.90642
1719417600,61467.85,61547.02,60715.3,61000.01,5015.68985
1719432000,61000.01,61155.66,60712.0,60864.99,2231.72632
1719446400,60864.98,61300.0,60764.73,61037.31,2391.00432
1719460800,61037.31,61192.0,60606.63,60794.01,2714.73648
1719475200,60794.01,61455.15,60736.62,61196.02,2628.05752
1719489600,61196.01,62389.22,61154.6,61576.0,6247.05892
1719504000,61576.0,62015.52,61411.7,61450.0,2557.37367
1719518400,61450.0,61719.92,61338.56,61706.47,1806.0554
1719532800,61706.46,62225.31,61472.37,61828.17,3950.34413
1719547200,61828.17,61834.41,61236.0,61350.01,2679.62058
1719561600,61350.01,61792.34,61212.11,61690.0,3397.52649
1719576000,61690.0,61875.0,60751.0,61062.01,7645.83227
1719590400,61062.0,61119.58,60079.41,60123.73,5131.47495
1719604800,60123.73,60450.0,60063.0,60427.84,2016.39413
1719619200,60427.84,61009.29,60383.77,60762.0,3105.17344
1719633600,60762.0,61146.64,60704.46,61052.3,1662.89798
1719648000,61052.3,61224.0,60890.03,61102.33,2290.41854
1719662400,61102.33,61182.7,60949.67,61106.0,1996.83297
1719676800,61106.0,61124.0,60915.12,61057.39,1250.42383
1719691200,61057.38,61090.0,60839.51,60986.68,1203.81228
1719705600,60986.68,61078.01,60740.94,60898.32,1806.11748
1719720000,60898.32,61782.0,60712.21,61528.01,3143.78973
1719734400,61528.01,61713.65,61393.07,61560.0,2353.60654
1719748800,61560.0,61860.0,61346.0,61717.9,2664.88075
1719763200,61717.9,62109.81,61590.01,62026.83,2493.15916
1719777600,62026.83,63058.76,61835.2,62772.01,4864.7477
1719792000,62772.01,63818.33,62573.32,63437.69,6859.32328
1719806400,63437.69,63466.92,63223.2,63277.84,1948.86897
1719820800,63277.84,63314.99,62593.07,62662.09,3745.11478
1719835200,62662.09,63166.11,62497.2,63132.9,4514.7061
1719849600,63132.9,63861.76,62966.77,63226.78,5479.95754
1719864000,63226.78,63423.48,62804.6,62899.99,1999.13471
1719878400,62900.0,63288.83,62787.42,63138.67,1678.91798
1719892800,63138.68,63245.8,62580.0,62629.99,2518.53154
1719907200,62630.0,62866.2,62401.23,62832.01,4139.03014
1719921600,62832.01,63152.0,61823.74,61948.08,5966.58949
1719936000,61948.08,62368.81,61806.28,61939.1,2841.63377
1719950400,61939.1,62181.24,61875.55,62135.47,1428.41583
1719964800,62135.46,62285.94,60600.0,60987.99,5145.57685
1719979200,60988.0,61181.84,60816.0,60870.01,2356.603
1719993600,60870.01,60978.19,59600.0,60386.01,8846.07874
1720008000,60386.01,60740.2,59752.29,60186.25,7199.97498
1720022400,60186.25,60655.56,59666.0,59671.1,4933.93774
1720036800,59671.11,60374.82,59400.0,60208.58,3677.93996
1720051200,60208.57,60498.19,57800.01,59102.0,13491.78125
1720065600,59102.0,59150.0,58104.0,58219.99,4995.15301
1720080000,58219.99,58506.18,56952.0,57761.94,13240.07067
1720094400,57761.95,58350.19,56771.0,58140.0,12117.63525
1720108800,58140.0,58676.24,57752.27,58283.62,5009.28193
1720123200,58283.62,58813.13,56866.0,57050.01,5714.85065
1720137600,57050.02,57546.0,55000.0,55227.99,18842.91117
1720152000,55228.0,55356.42,53485.93,54415.05,18348.50944
1720166400,54415.04,55650.0,53900.0,55486.5,14058.05864
1720180800,55486.51,56678.19,54828.52,56662.0,16600.37842
1720195200,56662.99,57040.02,55779.33,56465.42,10590.10229
1720209600,56465.41,56866.0,56315.0,56628.79,2908.2876
1720224000,56628.79,56998.0,56170.5,56410.0,4430.41318
1720238400,56409.99,56683.9,56018.0,56606.0,3090.15552
1720252800,56606.0,56876.33,56436.78,56731.42,2361.38025
1720267200,56731.42,57441.1,56500.0,57317.98,4879.13871
1720281600,57317.99,58113.0,57185.76,57857.99,4272.51181
1720296000,57857.99,58475.0,57806.92,58230.13,2617.71611
1720310400,58230.13,58449.46,57838.0,57963.45,3130.97845
1720324800,57963.46,58007.87,57073.36,57369.99,3555.09321
1720339200,57369.99,57911.71,57350.94,57460.0,2240.99923
1720353600,57460.0,57631.02,56563.46,56825.42,4001.28632
1720368000,56825.42,57392.0,56755.55,57151.1,1983.16539
1720382400,57151.1,57319.1,55724.37,55857.81,4207.41658
1720396800,55857.81,56023.07,54260.16,55160.01,11551.58728
1720411200,55160.0,55900.0,54963.62,55852.01,4404.65688
1720425600,55852.0,58236.73,55741.11,57154.01,11849.7342
1720440000,57154.01,57621.1,54800.0,55761.52,12916.02666
1720454400,55761.52,56574.99,55425.74,56477.31,4703.86519
1720468800,56477.3,56971.94,56200.0,56714.62,2664.33469
1720483200,56714.61,57362.66,56289.45,57168.36,4128.26169
1720497600,57168.36,57754.0,57011.5,57116.84,4342.95753
1720512000,57116.84,57900.0,57024.01,57428.01,3810.42794
1720526400,57428.01,58131.09,56903.0,57477.01,8788.77381
1720540800,57477.0,58296.0,57362.08,57862.01,4164.8292
1720555200,57862.01,58260.0,57704.3,58050.0,2496.95771
1720569600,58050.0,58208.0,57309.09,58180.01,2762.2326
1720584000,58180.0,59470.0,58180.0,58977.99,6066.4939
1720598400,58977.99,59032.82,58311.66,58492.0,4042.42633
1720612800,58492.0,58550.0,57471.12,57699.69,6905.27165
1720627200,57699.69,58019.89,57353.84,57392.03,3000.7172
1720641600,57392.03,57879.58,57157.79,57725.85,2174.59631
1720656000,57725.85,58407.05,57050.0,57568.0,4166.29718
1720670400,57568.0,58300.0,57488.28,58191.5,3450.47132
1720684800,58191.5,58936.52,58052.0,58777.99,4104.41357
1720699200,58777.99,59650.0,57266.58,57402.01,12045.90104
1720713600,57402.01,58000.61,57178.0,57378.01,3674.1921
1720728000,57378.0,57636.0,57150.0,57339.89,2319.78214
1720742400,57339.89,57571.86,56542.47,56914.01,3755.44316
1720756800,56914.01,57416.13,56716.68,57106.94,2909.38206
1720771200,57106.95,57334.32,56767.05,57203.54,3142.52354
1720785600,57203.54,58278.0,57000.0,58214.0,6704.3943
1720800000,58213.99,58526.68,57500.0,57576.01,4912.50519
1720814400,57576.01,57906.1,57150.06,57889.1,2228.20865
1720828800,57889.09,57991.5,57762.39,57814.0,1446.83324
1720843200,57814.0,58216.08,57756.63,58170.32,1632.17504
1720857600,58170.33,58854.98,57900.57,58534.0,3065.17976
1720872000,58534.0,58899.46,58434.38,58830.63,2936.67433
1720886400,58830.62,58964.89,58572.98,58624.38,1692.04143
1720900800,58624.38,59850.0,58288.19,59204.02,4584.84139
1720915200,59204.01,59838.0,59194.01,59466.15,3229.454
1720929600,59466.16,60324.61,59418.68,60062.01,4786.53502
1720944000,60062.01,60400.0,59904.0,60099.1,2939.8847
1720958400,60099.1,60236.13,59466.67,60084.0,3186.29928
1720972800,60084.0,60184.99,59894.16,59915.99,1320.94796
1720987200,59916.0,61420.69,59880.0,60797.91,5715.21811
1721001600,60797.91,62796.01,60632.3,62647.87,8302.39428
1721016000,62647.87,63084.0,62433.01,62840.12,4843.17921
1721030400,62840.12,63243.71,62290.0,62454.0,4225.17162
1721044800,62454.0,63328.0,62444.67,63026.0,6566.03185
1721059200,63026.01,63820.15,62852.0,63342.0,8649.43196
1721073600,63342.0,64900.0,63251.65,64724.14,6104.76928
1721088000,64724.06,64955.49,64436.2,64752.14,4459.14074
1721102400,64752.14,64993.95,62721.79,62895.01,9913.30874
1721116800,62895.01,63872.2,62373.24,63746.11,6280.01898
1721131200,63746.11,64960.86,63063.83,64878.24,8930.8138
1721145600,64878.24,65200.0,64111.56,65165.43,7931.24617
1721160000,65165.42,65388.97,64115.0,65043.99,5016.00072
1721174400,65044.0,66128.63,64932.31,65701.66,5877.77737
1721188800,65701.66,65993.14,65198.62,65258.0,4387.02514
1721203200,65258.01,65500.0,64560.0,64723.73,4608.68913
1721217600,64723.73,65400.0,64537.41,64724.01,6216.23738
1721232000,64724.01,64766.99,63854.0,64585.78,5893.07209
1721246400,64585.78,64672.89,64058.0,64087.99,2584.72843
1721260800,64087.99,65133.3,63910.0,64865.08,4071.27925
1721275200,64865.09,65061.5,64402.35,64668.0,2950.56928
1721289600,64668.0,64950.0,64441.94,64758.0,2394.45662
1721304000,64758.0,65111.29,63400.0,63538.12,6967.85898
1721318400,63538.12,63958.51,63238.48,63555.0,4155.67605
1721332800,63555.0,64122.43,63438.21,63987.92,2028.88232
1721347200,63987.92,64368.62,63300.67,64325.0,3161.96417
1721361600,64324.99,64486.0,63600.0,63694.01,4022.16332
1721376000,63694.01,64182.77,63409.01,64116.0,3490.01318
1721390400,64115.99,65888.0,64005.57,65836.77,10348.62908
1721404800,65836.76,67386.0,65827.62,67157.26,11099.18996
1721419200,67157.25,67352.44,66616.19,66660.0,3512.76768
1721433600,66660.01,66822.22,66222.46,66602.01,2794.0079
1721448000,66602.0,66775.11,66436.0,66562.28,1871.55513
1721462400,66562.27,66733.09,66458.83,66483.69,1353.5524
1721476800,66483.69,66832.0,66273.62,66825.0,1565.74689
1721491200,66824.99,67598.0,66679.01,67224.0,4139.41482
1721505600,67224.0,67430.01,66790.9,67139.96,2662.6472
1721520000,67139.97,67436.22,66962.0,67171.33,1473.02827
1721534400,67171.33,67220.52,66592.1,66701.99,1958.03031
1721548800,66702.0,67062.77,66680.0,66879.99,1335.82107
1721563200,66879.99,67499.99,66616.0,67164.0,2766.07202
1721577600,67164.0,67713.0,65777.0,67422.02,9311.54907
1721592000,67422.03,68366.66,67274.69,68165.34,4974.61117
1721606400,68165.35,68474.55,67753.72,67880.01,2930.46409
1721620800,67880.01,67996.01,67122.22,67236.0,2950.64733
1721635200,67236.01,67599.0,66944.1,67516.01,2471.17079
1721649600,67516.01,67952.39,66559.97,67063.87,5487.87343
1721664000,67063.87,68250.0,66798.36,68232.07,3909.8301
1721678400,68232.08,68256.0,67224.11,67532.01,3701.05729
1721692800,67532.0,67750.98,67183.98,67473.99,2359.78706
1721707200,67473.98,67526.01,66256.39,66576.0,5421.15607
1721721600,66576.0,67166.01,66454.0,66676.01,4791.70581
1721736000,66676.0,67349.03,65962.0,66584.01,8657.6177
1721750400,66584.01,66780.01,65441.08,65536.01,6601.90145
1721764800,65536.0,66054.0,65472.54,65936.01,3573.98507
1721779200,65936.0,66146.01,65476.84,66052.71,2432.59154
1721793600,66052.71,66080.01,65610.0,66078.0,2427.93275
1721808000,66078.0,66600.0,66008.0,66367.99,3288.02602
1721822400,66368.0,67102.01,66093.99,66176.0,5901.95291
1721836800,66176.0,66709.55,65558.89,65652.0,5503.70728
1721851200,65652.01,66066.66,65111.0,65376.0,3528.35227
1721865600,65376.01,65620.0,63861.0,64093.59,9391.42907
1721880000,64093.58,64390.0,63800.0,64134.0,3961.34648
1721894400,64134.0,64480.0,63878.0,64096.0,4126.90854
1721908800,64096.01,65005.0,63456.7,64790.88,7825.83383
1721923200,64790.89,65187.82,64388.46,64692.01,5638.02977
1721937600,64692.01,66175.49,64425.0,65799.95,4182.88165
1721952000,65799.95,67480.0,65722.63,67042.01,5791.72468
1721966400,67042.0,67190.0,66870.82,66890.56,3400.66108
1721980800,66890.56,67498.0,66890.56,67322.0,3011.50616
1721995200,67321.99,68000.0,66892.0,67560.01,6230.76783
1722009600,67560.0,68144.01,67303.07,67990.0,3294.11637
1722024000,67990.0,68200.0,67413.5,67907.99,2515.58411
1722038400,67908.0,68081.57,67630.0,67798.0,1546.232
1722052800,67797.99,68295.39,67782.73,68036.68,1915.58616
1722067200,68036.68,68275.64,67892.24,68209.88,1834.00547
1722081600,68209.88,69399.99,68195.43,68844.0,6195.41252
1722096000,68844.0,68990.03,67658.68,68246.0,5271.56991
1722110400,68246.0,69182.94,66650.0,67896.5,14947.41315
1722124800,67896.49,68285.43,67260.54,67940.95,2215.70821
1722139200,67940.94,68024.18,67066.66,67560.86,2398.3193
1722153600,67560.86,68000.0,67220.0,67836.0,1770.93628
1722168000,67836.01,68123.32,67577.63,67645.0,1768.83501
1722182400,67645.0,68318.43,67624.0,68112.0,1510.5162
1722196800,68112.0,68277.83,67801.62,68249.88,1204.37894
1722211200,68249.88,69800.0,68168.0,69347.67,5973.42365
1722225600,69347.66,69888.0,69263.07,69528.01,4146.35577
1722240000,69528.01,69838.62,69375.0,69580.01,3013.88754
1722254400,69580.01,70079.99,67668.34,68104.0,11386.58792
1722268800,68103.99,68118.0,66428.0,67303.05,9083.51955
1722283200,67303.05,67553.66,66600.0,66784.69,2863.5219
1722297600,66784.68,66886.0,65862.0,66610.0,5989.73926
1722312000,66610.0,67000.0,66322.49,66952.0,2496.27288
1722326400,66952.0,66999.92,66404.53,66574.01,2327.27576
1722340800,66574.0,66948.0,65555.0,66216.01,6086.17893
1722355200,66216.01,66550.01,65556.56,65931.02,3450.64877
1722369600,65931.03,66356.89,65302.67,66188.0,2782.13881
1722384000,66188.0,66413.28,65881.96,66058.0,1725.24015
1722398400,66058.0,66554.4,65496.0,66224.0,3376.79106
1722412800,66224.0,66374.01,65954.54,66094.01,1829.74564
1722427200,66094.01,66849.24,65963.25,66379.99,4367.38069
1722441600,66379.99,66836.3,64957.14,65256.83,6409.37317
1722456000,65256.83,65422.0,64530.0,64628.0,4916.90834
1722470400,64628.01,64841.29,63750.0,63936.01,5768.43332
1722484800,63936.01,64488.0,63584.0,64328.59,4107.52186
1722499200,64328.6,64701.41,64299.87,64674.25,2655.04695
1722513600,64674.26,64949.58,62666.07,62906.6,8006.54547
1722528000,62907.44,63509.83,62302.0,63422.01,8541.89631
1722542400,63422.01,65659.78,63336.61,65354.02,6462.82463
1722556800,65354.02,65596.14,63668.0,64609.18,4163.15932
1722571200,64609.17,64655.17,63807.29,64164.07,3823.07721
1722585600,64164.07,64974.0,64044.0,64660.01,3302.57023
1722600000,64660.01,65524.01,62432.9,63416.01,14382.81934
1722614400,63416.0,63611.24,62515.0,62633.57,5054.98681
1722628800,62633.58,63187.26,61230.01,61498.33,8093.81646
1722643200,61498.34,61975.0,60505.0,61895.99,7057.47647
1722657600,61895.99,61981.43,61398.01,61662.01,2027.63322
1722672000,61662.02,62002.39,61457.89,61919.38,1996.26325
1722686400,61919.38,62198.22,60833.33,60879.0,3681.34999
1722700800,60879.01,61288.0,59920.0,60246.0,9231.05335
1722715200,60246.01,60849.93,59850.0,60697.99,4040.93939
1722729600,60697.99,61117.63,60320.0,60735.0,2502.72642
1722744000,60735.0,60938.54,60260.0,60373.99,1972.26761
1722758400,60374.0,61000.0,60081.57,60896.0,2180.15909
1722772800,60896.0,61097.55,58960.0,59086.01,7395.68169
1722787200,59086.01,59497.21,57122.77,59257.66,12940.59003
1722801600,59257.67,59583.0,58001.81,58161.0,4625.09519
1722816000,58161.0,58305.59,52300.17,53890.87,36136.4623
1722830400,53890.87,54576.71,49000.0,52674.19,43384.9307
1722844800,52674.2,53218.37,50633.47,51340.0,19223.46997
1722859200,51340.0,54980.0,49542.83,54321.09,39760.49257
1722873600,54321.08,55600.0,52555.0,53470.09,16277.76056
1722888000,53470.08,55200.0,53462.0,54018.81,7282.47576
1722902400,54018.82,56276.0,53950.0,55665.73,10506.64519
1722916800,55665.73,56169.48,55255.0,55999.99,7730.59021
1722931200,55998.02,56122.0,54600.01,55210.01,9386.98945
1722945600,55210.0,56605.55,54371.94,56405.99,13732.96595
1722960000,56405.99,57040.99,56234.8,56765.48,8827.28343
1722974400,56769.98,56935.56,55800.0,56022.01,5700.30253
1722988800,56022.0,57287.99,55557.88,56862.0,6756.5481
1723003200,56862.01,57250.0,56544.7,56920.91,5447.23988
1723017600,56920.91,57736.05,56870.39,56963.38,6601.32871
1723032000,56963.39,57479.6,55650.0,56094.5,10005.68143
1723046400,56094.51,56300.0,54676.35,54759.22,9406.48722
1723060800,54760.97,55566.24,54558.62,55134.16,6052.0915
1723075200,55133.76,57636.36,54730.0,57049.74,8647.80188
1723089600,57049.74,57434.35,56670.47,57193.49,3670.90212
1723104000,57193.48,57670.04,56978.52,57320.51,3688.92815
1723118400,57320.51,59505.0,56700.0,59428.03,14315.42395
1723132800,59428.03,59863.0,59237.59,59414.51,6749.57668
1723147200,59414.52,62745.14,59297.34,61685.99,11276.89671
1723161600,61686.0,61744.37,60720.0,61358.39,5373.57013
1723176000,61358.39,61390.7,60588.63,60863.57,4475.52913
1723190400,60863.58,61210.31,60170.16,60655.24,4238.45087
1723204800,60655.25,61115.11,59535.0,59810.23,8756.37366
1723219200,59810.24,60750.0,59700.0,60681.42,3794.60746
1723233600,60681.79,60986.03,59909.16,60837.99,4333.94892
1723248000,60837.99,61470.58,60266.03,60437.84,2866.07526
1723262400,60437.85,60851.91,60242.0,60842.0,1152.48879
1723276800,60842.01,61116.65,60601.96,60920.88,1618.24524
1723291200,60920.88,60949.99,60400.0,60515.89,1529.47703
1723305600,60515.9,61196.63,60400.0,61016.45,1789.44845
1723320000,61016.44,61160.0,60757.39,60923.51,1039.47144
1723334400,60923.51,61382.73,60892.0,61085.01,1397.39336
1723348800,61085.01,61271.43,60881.36,61257.0,1213.74092
1723363200,61257.0,61858.0,60425.0,60669.15,3535.80151
1723377600,60669.14,60761.09,59941.0,60127.29,4006.7116
1723392000,60127.29,60350.0,59542.57,59621.11,2598.58022
1723406400,59621.11,59674.38,58286.73,58712.59,6437.61751
1723420800,58712.59,59088.33,58100.06,58509.5,4095.99147
1723435200,58509.5,58984.85,57642.21,58674.61,4501.23624
1723449600,58674.62,59990.0,58125.75,59851.7,6603.96568
1723464000,59851.71,60711.09,57800.0,60207.37,12079.0591
1723478400,60207.38,60420.34,58440.54,59043.98,5640.99625
1723492800,59043.99,59745.99,58555.26,59346.64,4088.66869
1723507200,59346.64,59923.28,58846.95,59040.0,4305.36618
1723521600,59040.0,59476.0,58830.23,59238.05,2580.7308
1723536000,59238.05,59331.99,58392.88,58830.0,3375.9081
1723550400,58830.01,59776.7,58709.57,59472.26,5686.11926
1723564800,59472.25,61578.1,59446.22,60820.15,9342.46623
1723579200,60820.16,61138.87,60389.75,60587.15,2568.36794
1723593600,60587.16,61302.88,60425.01,60952.83,2371.7811
1723608000,60952.83,61162.2,60637.3,60914.02,1820.0908
1723622400,60914.02,61453.0,60640.4,61296.87,3475.66893
1723636800,61296.88,61800.0,58823.52,59435.69,13499.00032
1723651200,59435.69,59462.61,58615.06,58891.13,4924.68347
1723665600,58891.13,59183.99,58433.18,58683.39,2331.53864
1723680000,58683.39,59044.44,58010.0,58442.98,5000.29248
1723694400,58442.99,58639.0,57713.88,58060.37,4142.71713
1723708800,58060.36,58872.85,57964.85,58745.36,3345.64247
1723723200,58745.36,59787.37,58532.42,59682.84,7723.07742
1723737600,59682.85,59849.38,56680.0,57047.46,10434.70512
1723752000,57046.34,57885.0,56078.54,57541.06,7039.7416
1723766400,57541.05,58517.47,57098.62,57890.0,4146.62428
1723780800,57890.0,58666.77,57800.47,58456.99,3244.35689
1723795200,58456.99,58683.47,58218.71,58400.0,2450.75569
1723809600,58400.0,58915.18,57526.31,58071.06,8248.43744
1723824000,58071.07,59817.76,58000.0,59683.39,6963.94372
1723838400,59683.39,59715.69,58703.99,58874.6,2556.72542
1723852800,58874.59,59389.18,58785.05,59158.37,1769.95814
1723867200,59158.36,59263.47,59051.98,59248.0,1106.84453
1723881600,59248.0,59477.16,59060.0,59137.12,1327.01136
1723896000,59137.12,59654.9,59100.28,59388.11,1490.86412
1723910400,59388.11,59700.0,59294.31,59473.19,1157.01055
1723924800,59473.19,59500.0,59113.68,59491.99,870.04061
1723939200,59491.99,60259.01,59300.0,59337.42,2850.6571
1723953600,59337.41,59698.0,59256.56,59573.39,1521.38536
1723968000,59573.39,60200.0,59436.0,60024.01,2556.86768
1723982400,60024.0,60284.99,59669.85,59863.99,2229.08779
1723996800,59863.99,59945.83,59377.14,59708.38,1411.05054
1724011200,59708.38,59869.77,58408.92,58427.35,3065.8087
1724025600,58427.35,58763.83,58210.03,58736.85,4986.95947
1724040000,58736.85,58746.0,58359.5,58502.19,2077.63203
1724054400,58502.19,58671.38,57787.3,58396.95,4744.05742
1724068800,58396.94,58970.0,58029.77,58539.24,4628.31977
1724083200,58539.25,59290.0,58380.0,58967.53,3169.47813
1724097600,58967.54,59617.63,58914.0,59438.5,3202.86569
1724112000,59438.5,60910.55,59363.31,60619.18,6392.34637
1724126400,60619.19,61400.0,60576.06,60924.33,5275.93633
1724140800,60924.33,60975.0,60401.9,60518.82,3208.7774
1724155200,60518.83,60955.99,58680.01,58825.53,10444.8448
1724169600,58825.53,59597.28,58548.23,59511.99,3678.04238
1724184000,59512.0,59722.72,58802.35,59013.8,2477.4982
1724198400,59013.8,59519.99,58783.47,59320.0,2364.50372
1724212800,59320.0,59739.52,59183.13,59712.0,2017.26415
1724227200,59711.99,59924.13,59085.88,59361.14,2931.20089
1724241600,59361.14,60201.98,58850.0,59511.8,8008.24548
1724256000,59511.79,61625.2,59375.0,61570.0,7137.29601
1724270400,61570.0,61820.93,60902.13,61156.03,5525.13195
1724284800,61156.03,61229.0,59724.87,60548.9,4109.54112
1724299200,60548.9,61114.23,60459.98,60984.31,2676.87579
1724313600,60984.31,61400.0,60802.38,61336.09,3099.60131
1724328000,61336.09,61398.18,60100.0,60407.4,6849.31563
1724342400,60407.39,60600.2,60131.0,60308.0,2663.66757
1724356800,60307.99,60707.88,60288.0,60375.84,1842.20446
1724371200,60375.83,60968.24,60342.14,60593.31,2184.3747
1724385600,60593.31,61367.74,60582.68,61069.27,2937.25078
1724400000,61069.26,61337.57,60691.11,60741.68,2313.52775
1724414400,60741.68,62320.36,60741.68,61533.05,11626.90263
1724428800,61533.04,63819.16,61349.99,63628.84,11503.37
1724443200,63628.84,64955.0,63484.18,64037.24,7552.64503
1724457600,64037.24,64206.7,63626.58,63832.01,3091.41323
1724472000,63832.0,64332.0,63822.0,64315.0,2843.18939
1724486400,64315.0,64494.5,63868.0,63905.01,2357.89821
1724500800,63905.0,64244.0,63872.0,63976.0,2293.96419
1724515200,63976.0,64444.0,63903.58,64210.6,2874.78934
1724529600,64210.6,64328.0,63531.0,64157.01,2395.9018
1724544000,64157.02,64507.04,64000.0,64101.01,2623.24737
1724558400,64101.01,64196.0,63785.76,63868.26,1645.44133
1724572800,63868.27,64010.0,63773.27,63873.91,1728.68012
1724587200,63873.92,64288.0,63805.0,64132.16,1834.2167
1724601600,64132.17,64248.66,64000.0,64187.41,1118.62168
1724616000,64187.42,65000.0,64122.49,64220.0,3355.27257
1724630400,64219.99,64481.0,63790.0,64114.99,2477.44562
1724644800,64115.0,64205.31,63420.0,63627.01,2772.63585
1724659200,63627.01,64039.2,63220.95,63859.0,2882.34645
1724673600,63859.0,63958.95,63061.0,63532.53,4958.27097
1724688000,63532.54,63878.78,63192.04,63342.99,3487.08919
1724702400,63342.99,63557.58,62800.0,62834.0,2892.26468
1724716800,62834.0,63212.0,62657.0,62970.0,3568.52133
1724731200,62970.0,63200.0,62701.06,62902.31,3113.00318
1724745600,62902.32,63000.0,62230.0,62417.0,4189.56881
1724760000,62416.99,62495.0,61473.03,61709.13,8258.16317
1724774400,61709.13,62196.75,61518.74,62102.01,3043.78733
1724788800,62102.0,62102.01,58034.01,59415.0,12962.89796
1724803200,59415.0,59650.0,58917.12,59629.01,5551.9553
1724817600,59629.01,59661.0,58516.0,58600.98,4614.54952
1724832000,58600.98,60234.98,58534.35,59935.0,6405.76959
1724846400,59934.99,60160.0,58443.07,59000.0,8281.56232
1724860800,59000.0,59849.99,57860.0,58898.85,8303.26552
1724875200,58898.85,59602.0,58623.01,59034.9,3711.4405
1724889600,59034.9,59320.0,58878.46,59141.1,2188.72128
1724904000,59141.11,59764.0,59049.79,59583.88,2877.04011
1724918400,59583.88,60477.0,59374.0,60067.06,4113.75713
1724932800,60067.06,61166.99,59990.0,60779.99,7624.50121
1724947200,60779.99,60960.0,58915.01,59258.0,7172.50668
1724961600,59257.99,59638.37,58713.09,59359.01,3044.38102
1724976000,59359.0,59487.64,58899.7,59032.01,2743.70295
1724990400,59032.0,59582.86,58685.0,59271.1,4144.3024
1725004800,59271.11,59674.42,59271.0,59396.0,3176.58551
1725019200,59396.0,59944.07,57946.01,58094.99,10365.98684
1725033600,58095.0,59371.0,57701.1,58700.02,6417.58601
1725048000,58700.02,59298.89,58700.0,59123.99,1671.15824
1725062400,59123.99,59462.38,59070.4,59232.01,1647.80492
1725076800,59232.01,59350.0,59043.12,59095.0,1230.67061
1725091200,59095.01,59188.9,58831.88,59120.99,1404.08788
1725105600,59120.99,59244.04,58892.15,59006.54,1774.98601
1725120000,59006.54,59140.01,58744.0,58856.0,1637.2679
1725134400,58856.0,59141.72,58763.29,58973.99,1103.59168
1725148800,58974.0,59076.59,58276.01,58524.21,2314.00203
1725163200,58524.21,58599.98,57777.0,58478.64,3366.16193
1725177600,58478.64,58504.81,57840.0,58240.52,2520.59733
1725192000,58240.51,58360.38,57201.0,58217.0,5911.39633
1725206400,58217.0,58788.93,57864.3,58514.0,2668.74429
1725220800,58514.01,58656.77,57205.0,57301.86,3924.2555
1725235200,57301.77,57767.14,57128.0,57742.01,4604.88008
1725249600,57742.0,57987.99,57362.06,57547.99,2616.60584
1725264000,57548.0,58680.76,57520.12,58422.01,5072.33101
1725278400,58422.01,58808.0,58104.0,58537.99,4023.88935
1725292800,58537.99,58666.64,58293.12,58439.99,2856.4724
1725307200,58440.03,59425.69,58384.61,59132.13,3720.83593
1725321600,59132.12,59809.65,59021.62,59110.99,3188.73817
1725336000,59111.0,59259.0,58872.0,59112.0,2786.55038
1725350400,59112.01,59195.63,58717.0,59072.0,2434.05695
1725364800,59072.01,59350.0,57568.0,57725.0,8190.06416
1725379200,57725.01,58251.09,57589.01,58046.0,3746.4115
1725393600,58045.99,58247.0,57415.0,57487.73,2482.36331
1725408000,57487.74,57943.53,55606.0,56653.98,10008.5459
1725422400,56653.99,56881.0,56201.0,56746.0,5570.10401
1725436800,56746.0,56909.94,56453.0,56573.0,3012.85274
1725451200,56573.0,58181.43,56187.61,58134.0,9903.94203
1725465600,58134.0,58519.0,57646.0,58058.01,5284.73247
1725480000,58058.0,58390.0,57792.46,57970.9,1780.64431
1725494400,57970.9,58327.07,56891.07,57135.42,4718.02876
1725508800,57135.42,57291.1,56541.68,57155.1,3337.56535
1725523200,57155.1,57232.0,56623.0,56698.01,2824.97809
1725537600,56698.01,57350.0,55817.51,55976.01,10200.08948
1725552000,55976.01,56710.0,55800.0,56060.01,4306.58366
1725566400,56060.0,56259.97,55643.65,56180.0,2419.66879
1725580800,56180.0,56858.88,55989.0,56588.0,3089.15324
1725595200,56588.01,56747.91,55280.0,55804.29,5943.85272
1725609600,55804.28,56262.11,55639.0,55999.09,4116.26102
1725624000,55999.09,57008.0,53808.0,54045.01,21136.96377
1725638400,54045.0,54435.0,53267.54,53534.28,11314.50356
1725652800,53534.27,53969.99,52550.0,53962.97,8847.03395
1725667200,53962.97,54095.65,53745.54,53818.91,2283.19066
1725681600,53818.92,54405.37,53814.0,54286.0,4210.82665
1725696000,54286.0,54492.98,54168.23,54326.0,2289.86562
1725710400,54326.01,54829.0,54326.0,54780.0,2510.87487
1725724800,54780.0,54850.0,54000.0,54404.01,3137.77696
1725739200,54404.01,54437.97,53814.01,54160.86,2261.51298
1725753600,54160.86,54509.0,53964.0,54402.99,1979.50014
1725768000,54402.98,54575.0,54261.1,54436.25,1722.23364
1725782400,54436.25,54722.85,54356.0,54556.08,1765.73164
1725796800,54556.08,54567.0,53640.0,53687.0,3500.41607
1725811200,53686.99,54531.1,53629.01,54337.01,2289.20807
1725825600,54337.02,55318.0,54184.0,54869.95,5017.05823
1725840000,54869.95,55370.23,54688.69,55115.0,4899.59127
1725854400,55115.0,55150.0,54591.96,54974.01,3091.16196
1725868800,54974.01,55555.0,54960.0,55264.87,3429.17626
1725883200,55264.87,55799.0,54804.0,55386.0,6542.48233
1725897600,55385.99,57177.0,55348.54,57089.54,9053.91852
1725912000,57089.53,58088.0,56810.0,57042.0,5368.18703
1725926400,57042.01,57065.34,56522.86,56524.74,3589.26607
1725940800,56524.74,57290.0,56386.4,57218.57,2969.98514
1725955200,57218.56,57378.0,56878.65,57228.0,3523.74246
1725969600,57228.01,57468.98,56502.31,56596.0,6137.02725
1725984000,56596.01,58044.36,56566.0,57952.01,5036.50689
1725998400,57952.01,57975.99,57453.0,57635.99,2370.25345
1726012800,57635.99,57750.0,56681.32,56819.55,4635.08566
1726027200,56819.56,56819.56,56100.0,56712.0,4361.14028
1726041600,56712.01,56895.82,56325.7,56797.99,4294.63231
1726056000,56798.0,57166.66,55545.19,56701.23,10825.4419
1726070400,56701.22,57981.71,56646.0,57585.5,7312.7816
1726084800,57585.5,57676.83,57211.1,57338.0,1597.48582
1726099200,57338.0,58470.01,57324.0,58232.72,4925.10026
1726113600,58232.73,58430.56,57836.28,58138.16,3805.17892
1726128000,58138.15,58350.0,57894.0,58057.99,3403.41297
1726142400,58058.0,58588.0,57345.23,57512.03,9147.61704
1726156800,57512.03,58450.99,57494.01,58388.0,5931.38887
1726171200,58388.0,58388.0,57781.1,58132.32,3861.70825
1726185600,58132.31,58290.4,57798.49,57845.97,2349.18013
1726200000,57845.97,58137.68,57742.0,58109.31,2043.6269
1726214400,58109.31,58350.0,57815.0,57871.1,2642.80891
1726228800,57871.1,59723.97,57632.62,59667.38,10230.19313
1726243200,59666.01,59999.0,59312.01,59743.99,6438.89464
1726257600,59743.99,60625.0,59633.4,60498.0,6120.52962
1726272000,60497.99,60610.45,60285.55,60329.37,2276.07277
1726286400,60329.38,60348.24,59900.0,60138.14,2520.20691
1726300800,60138.14,60156.0,59605.98,59706.39,2203.8962
1726315200,59706.4,60010.0,59626.01,59876.0,1704.29511
1726329600,59875.99,59983.39,59400.0,59810.0,2133.99814
1726344000,59810.01,60134.13,59774.0,59993.03,1299.43988
1726358400,59993.02,60280.06,59986.01,60155.93,1236.11942
1726372800,60155.93,60216.0,60032.9,60196.0,1021.60267
1726387200,60195.99,60204.0,59880.0,60000.51,1163.54597
1726401600,60000.51,60395.8,59871.0,60335.41,2112.8118
1726416000,60335.41,60352.65,59707.08,59878.22,3245.74935
1726430400,59878.23,59939.1,58691.05,59132.0,4978.0944
1726444800,59132.0,59210.7,58112.0,58575.09,5370.8386
1726459200,58575.09,58970.0,58312.54,58911.1,3433.45011
1726473600,58911.1,59179.35,58506.0,58663.99,3270.35511
1726488000,58664.0,58789.93,57553.38,57881.69,6950.28148
1726502400,57881.7,58263.84,57493.3,57943.99,4927.89314
1726516800,57943.99,58410.0,57608.0,58213.99,2524.74576
1726531200,58213.99,58343.99,57610.01,58060.0,2399.69133
1726545600,58060.0,58779.08,58028.0,58695.39,2401.70353
1726560000,58695.39,59300.0,58636.36,59080.99,3403.05073
1726574400,59080.99,61320.0,58872.02,61135.5,14518.51056
1726588800,61135.49,61261.0,59618.26,59967.99,7151.64931
1726603200,59967.98,60424.25,59715.42,60313.99,3241.65332
1726617600,60313.99,60769.0,59854.6,60509.99,3991.84107
1726632000,60510.0,60689.62,60199.68,60428.01,1833.32107
1726646400,60428.01,60428.01,59348.88,59846.0,4528.13103
1726660800,59846.0,60160.0,59308.61,59429.18,5117.9094
1726675200,59429.19,61318.6,59174.8,60057.99,14645.02961
1726689600,60057.99,61786.24,59473.68,61759.99,5970.79251
1726704000,61759.98,62589.52,61555.0,62117.99,8344.2925
1726718400,62117.98,62179.99,61814.0,62093.99,3360.24822
1726732800,62094.0,62727.52,61888.18,62645.44,3685.66229
1726747200,62645.44,63500.84,62582.14,63154.04,10166.54165
1726761600,63154.03,63850.0,62940.0,63251.99,6054.8445
1726776000,63251.99,63254.14,62650.0,62947.99,2720.93692
1726790400,62948.0,63750.0,62606.0,63742.16,3621.8169
1726804800,63742.15,64133.32,63390.32,63524.8,6638.35306
1726819200,63524.81,63700.0,63090.43,63440.0,3743.75146
1726833600,63440.01,63544.37,62553.9,63153.99,6589.92794
1726848000,63153.99,63282.0,62350.0,62809.13,3393.59501
1726862400,62809.13,63300.0,62709.3,63201.05,1478.93357
1726876800,63201.05,63310.37,62816.47,62889.57,1640.98964
1726891200,62889.58,63134.0,62758.0,63091.02,1209.98344
1726905600,63091.02,63136.0,62966.01,63089.77,1035.11805
1726920000,63089.76,63306.0,63036.92,63167.98,1603.27919
1726934400,63167.98,63400.0,63086.0,63203.59,1787.68953
1726948800,63203.59,63559.9,63058.0,63348.96,1098.28623
1726963200,63348.97,63450.0,62830.01,63106.0,1863.74001
1726977600,63106.0,63200.0,62838.0,62936.0,967.92007
1726992000,62936.0,63034.99,62544.94,62784.0,1840.93484
1727006400,62784.0,62930.0,62429.16,62652.12,2271.34613
1727020800,62652.12,63229.5,62468.01,63160.0,2262.34879
1727035200,63160.0,64000.0,62357.93,63578.76,5035.90908
1727049600,63578.76,64745.88,62538.75,64354.0,7140.31946
1727064000,64354.0,64455.13,63400.0,63548.82,3443.68917
1727078400,63548.83,63710.0,63300.0,63435.04,2927.2427
1727092800,63435.03,63806.0,63059.93,63618.0,5683.13836
1727107200,63617.99,63825.96,63098.97,63298.56,3051.89312
1727121600,63300.01,63489.0,63088.69,63339.99,1831.77006
1727136000,63339.99,63401.21,62700.0,63124.0,4362.37127
1727150400,63124.01,63569.99,62900.0,63559.92,2295.13582
1727164800,63559.93,63948.0,63380.0,63478.34,2935.03801
1727179200,63478.35,63768.0,62731.1,63159.99,5750.10021
1727193600,63159.99,64375.0,63088.02,64292.34,4151.18148
1727208000,64292.35,64688.0,63966.66,64262.7,3691.2208
1727222400,64262.7,64817.99,63990.41,64460.0,3313.63849
1727236800,64460.01,64460.23,63645.49,63843.33,2493.73409
1727251200,63843.34,63915.07,63407.7,63838.01,2671.75745
1727265600,63838.01,63999.0,63283.37,63495.66,3683.29568
1727280000,63495.66,63670.0,63000.0,63181.5,3421.13755
1727294400,63181.51,63551.81,62947.08,63152.01,2229.54842
1727308800,63152.01,63544.0,62670.0,63514.34,3182.8406
1727323200,63514.35,63874.41,63340.0,63852.07,1978.65426
1727337600,63852.07,64500.0,63595.67,64393.99,4265.52614
1727352000,64393.98,65550.0,64150.0,65229.03,10972.58828
1727366400,65229.03,65839.0,64693.26,64711.06,5421.22806
1727380800,64711.07,65244.0,64633.52,65173.99,2552.46859
1727395200,65173.99,65425.0,64819.9,65366.01,2512.15165
1727409600,65366.01,65550.0,65099.99,65460.02,3455.03541
1727424000,65460.02,65986.0,65342.78,65437.35,3894.1937
1727438400,65437.36,66498.0,65314.31,66006.01,7244.94249
1727452800,66006.01,66360.0,65524.0,65657.99,3581.38796
1727467200,65657.99,65962.0,65625.0,65769.95,1361.09366
1727481600,65769.95,66260.0,65720.0,66063.76,1667.03312
1727496000,66063.76,66087.0,65738.0,65824.01,1261.99889
1727510400,65824.01,65824.01,65453.0,65798.01,1658.51739
1727524800,65798.01,65816.0,65422.23,65619.13,1613.79987
1727539200,65619.14,65823.08,65492.59,65724.0,1744.50199
1727553600,65724.0,65982.16,65432.0,65858.0,1181.3819
1727568000,65858.0,65984.0,65647.28,65815.92,1175.81973
1727582400,65815.93,65815.93,65432.0,65477.01,1284.12437
1727596800,65477.01,65720.0,65433.0,65691.92,1041.46532
1727611200,65691.92,65850.0,65576.21,65751.34,1924.67822
1727625600,65751.34,65972.17,65654.01,65958.82,1134.64262
1727640000,65958.81,66076.12,65528.0,65602.01,1777.01085
1727654400,65602.01,65618.8,64190.0,64553.68,6048.78935
1727668800,64553.68,64750.01,64310.0,64562.01,3209.21927
1727683200,64562.01,64576.01,63249.68,63819.44,7287.18568
1727697600,63819.45,64161.08,63508.0,63561.41,4845.53912
1727712000,63561.42,63738.25,63056.0,63488.0,5487.90402
1727726400,63488.0,63860.0,62856.3,63327.59,3132.45008
1727740800,63327.6,63744.0,63006.7,63723.48,3879.35185
1727755200,63723.47,64130.63,63652.06,64045.92,3515.39368
1727769600,64045.92,64118.0,63707.89,63734.0,3230.34622
1727784000,63734.01,63809.97,61814.01,62628.85,12629.85952
1727798400,62628.85,62778.73,61092.0,61755.99,12278.90165
1727812800,61755.99,61760.74,60164.0,60805.78,8137.62816
1727827200,60804.92,61883.0,60733.81,61750.47,4288.88242
1727841600,61750.46,61940.0,61350.0,61727.4,2824.36251
1727856000,61727.39,61914.34,60888.88,61164.01,3827.59582
1727870400,61164.01,61926.9,60524.21,61874.01,7565.27679
1727884800,61874.01,62390.31,60000.0,60190.01,7929.51771
1727899200,60190.01,60999.24,60128.0,60649.28,5099.06593
1727913600,60649.27,61464.0,60536.0,61463.99,3657.31206
1727928000,61464.0,61477.19,60814.12,60926.0,3351.19716
1727942400,60926.0,61070.47,60126.56,60764.74,4407.11899
1727956800,60764.73,60900.0,59828.11,60641.5,8572.02693
1727971200,60641.5,61058.0,59917.02,61036.0,4408.85414
1727985600,61036.0,61100.0,60596.4,60752.71,1824.92544
1728000000,60752.72,61272.73,60459.9,60951.99,2373.59688
1728014400,60951.99,61544.98,60936.66,61443.64,2454.00481
1728028800,61443.64,61646.27,61266.42,61449.84,2343.66551
1728043200,61449.84,62004.48,60753.97,61873.04,8500.985
1728057600,61873.05,62468.0,61644.01,62368.0,4031.14494
1728072000,62368.0,62484.85,61965.14,62086.0,1591.2628
1728086400,62086.0,62214.0,61689.26,61861.99,1490.81546
1728100800,61861.99,62268.28,61824.01,62076.19,1052.59709
1728115200,62076.2,62326.48,62076.19,62180.0,1522.84096
1728129600,62179.99,62370.56,62100.0,62167.66,1317.65584
1728144000,62167.65,62180.0,61790.0,61848.48,1408.81584
1728158400,61848.48,62100.0,61700.0,62058.0,1014.73622
1728172800,62058.01,62150.0,61876.0,61878.66,882.65112
1728187200,61878.66,62010.0,61798.97,61949.01,907.06061
1728201600,61949.01,62176.75,61922.0,62101.92,936.78235
1728216000,62101.92,62777.0,62065.31,62720.01,3063.00545
1728230400,62720.01,62975.0,62550.0,62631.38,1681.72471
1728244800,62631.38,62912.33,62302.0,62819.91,1435.63753
1728259200,62819.91,63970.19,62657.44,63530.51,4456.00399
1728273600,63530.51,63753.91,63300.48,63531.99,2115.0378
1728288000,63532.0,63706.0,62649.95,63135.44,4457.19558
1728302400,63135.45,64478.19,62825.37,63651.6,7602.50861
1728316800,63651.59,63906.57,62735.9,63382.0,4094.49583
1728331200,63381.99,63410.0,62128.0,62224.0,3240.94339
1728345600,62224.01,62820.0,62156.02,62629.8,2759.18935
1728360000,62629.8,62778.04,62005.0,62319.99,2588.87096
1728374400,62319.99,62670.16,62193.63,62624.01,2240.95507
1728388800,62624.02,63200.0,61864.89,62288.01,6977.22252
1728403200,62288.01,62598.0,61860.31,62245.53,3585.78327
1728417600,62245.99,62565.95,62026.13,62160.49,1550.20254
1728432000,62160.5,62494.0,62002.5,62394.07,2218.57179
1728446400,62394.07,62543.75,62200.0,62276.78,2041.93089
1728460800,62276.79,62287.07,62046.69,62200.0,1718.42818
1728475200,62199.99,62412.09,61634.61,62316.0,5229.60107
1728489600,62316.0,62350.0,60835.0,61031.98,5071.40002
1728504000,61031.99,61122.53,60301.0,60636.02,3731.22489
1728518400,60636.01,60956.0,60355.0,60865.29,2727.57646
1728532800,60865.29,61149.58,60814.9,60900.0,1627.37524
1728547200,60900.01,61321.68,60630.71,61262.0,2559.67177
1728561600,61262.01,61320.0,60444.99,60789.36,5227.91174
1728576000,60789.36,61030.31,58946.0,59727.28,8517.95777
1728590400,59727.27,60329.27,59586.29,60326.39,3307.43183
1728604800,60326.4,60768.64,60087.64,60614.0,2415.18063
1728619200,60614.01,60925.16,60578.0,60674.69,2034.06082
1728633600,60674.68,61263.4,60650.44,61174.87,2754.98816
1728648000,61174.88,62450.0,61129.72,62259.05,6907.87356
1728662400,62259.04,63417.56,62123.0,63086.01,6450.8743
1728676800,63086.0,63160.0,62357.7,62540.0,3078.37462
1728691200,62539.99,63073.78,62487.23,62568.0,2510.94662
1728705600,62568.0,62800.0,62565.51,62767.57,1198.66803
1728720000,62767.57,63260.53,62672.34,62936.91,1999.15341
1728734400,62936.91,63480.0,62824.03,63157.49,2690.48359
1728748800,63157.5,63400.0,62911.0,63000.01,1537.73891
1728763200,63000.01,63388.0,63000.0,63206.22,974.3106
1728777600,63206.23,63285.72,62654.91,62712.31,1978.86462
1728792000,62712.31,62990.0,62707.21,62843.48,976.93771
1728806400,62843.48,62962.0,62520.18,62561.33,2072.26507
1728820800,62561.34,62818.0,62050.0,62229.31,2882.28535
1728835200,62229.32,62887.78,62177.67,62734.32,2186.22682
1728849600,62734.31,63125.0,62610.67,62870.02,1812.64038
1728864000,62870.02,64392.49,62457.81,64299.99,5202.69582
1728878400,64300.0,64686.0,63778.62,64620.87,6540.2077
1728892800,64620.87,65188.57,64340.98,64920.06,5338.83523
1728907200,64920.05,66299.93,64660.56,65870.0,11165.96157
1728921600,65870.0,66072.3,65459.0,65939.4,5541.11281
1728936000,65939.41,66500.0,65730.0,66083.99,3881.13909
1728950400,66084.0,66330.0,65324.4,65400.0,3574.82599
1728964800,65399.99,65846.0,65201.0,65638.74,3319.36953
1728979200,65638.74,65850.0,65280.0,65399.69,3798.65244
1728993600,65399.68,67950.0,64800.01,66022.0,20567.31949
1729008000,66022.01,67390.89,65982.55,66970.18,8440.07018
1729022400,66970.18,67156.47,66130.64,67074.14,3983.7166
1729036800,67074.14,67561.04,66750.49,67095.98,3508.4024
1729051200,67095.99,67361.41,66775.67,66972.53,3070.41603
1729065600,66972.53,68424.0,66917.52,67894.72,8671.10496
1729080000,67894.73,68308.91,67117.18,67749.99,9342.2106
1729094400,67750.0,68100.0,67482.0,67728.0,3575.32974
1729108800,67728.01,67954.03,67500.0,67620.01,1770.79171
1729123200,67620.0,67939.4,67406.99,67601.4,2503.78211
1729137600,67601.4,67601.4,67087.35,67303.18,3552.90409
1729152000,67303.18,67530.01,66741.09,66872.43,4840.70419
1729166400,66872.44,67680.0,66666.0,67590.66,6644.01683
1729180800,67590.67,67590.67,66720.0,66840.0,5364.13174
1729195200,66840.0,67480.0,66827.68,67421.78,2422.68965
1729209600,67421.78,68260.92,67192.36,67555.4,4815.67963
1729224000,67555.41,68378.95,67544.0,67969.7,4436.03787
1729238400,67969.69,68050.0,67674.98,67702.0,3604.45968
1729252800,67702.0,68870.68,67642.71,68735.35,8981.93414
1729267200,68735.34,69000.0,68360.0,68608.01,5094.2734
1729281600,68608.01,68690.0,68204.1,68428.0,1793.25028
1729296000,68427.99,68693.26,68303.03,68450.01,1376.73627
1729310400,68450.0,68560.0,68302.31,68346.54,1113.67315
1729324800,68346.54,68475.7,68090.3,68090.3,1655.36285
1729339200,68090.3,68350.0,68088.0,68226.93,1346.90882
1729353600,68226.94,68242.43,68010.0,68181.98,1019.59496
1729368000,68181.98,68413.96,68168.45,68378.0,1681.39132
1729382400,68377.99,68446.0,68100.0,68188.0,1054.72024
1729396800,68188.01,68433.5,68176.26,68378.0,1441.04305
1729411200,68378.01,68500.0,68355.0,68420.01,1130.42068
1729425600,68420.01,68772.7,68198.22,68625.99,3025.00337
1729440000,68625.99,68660.0,68422.0,68508.29,1137.38491
1729454400,68508.3,69400.0,68461.93,69031.99,4653.90153
1729468800,69032.0,69519.52,68588.51,68939.99,4025.34961
1729483200,68940.0,69185.18,68488.33,68514.0,2657.04256
1729497600,68513.99,68661.0,68119.01,68238.01,4244.21652
1729512000,68238.0,68328.68,66840.67,67341.02,12814.65836
1729526400,67341.02,67941.17,66894.0,67763.0,5541.16575
1729540800,67763.99,67933.79,67366.66,67377.5,2091.98904
1729555200,67377.5,67694.92,66571.42,67390.02,4530.23136
1729569600,67390.01,67800.0,67278.02,67402.0,2582.69229
1729584000,67402.0,67526.67,66740.0,67299.15,5952.92995
1729598400,67299.15,67693.34,66644.18,67282.27,6233.58519
1729612800,67282.27,67635.72,66920.0,67482.98,3629.34667
1729627200,67482.99,67836.01,67292.0,67426.0,1670.17722
1729641600,67426.01,67472.83,66890.0,67082.1,2192.04981
1729656000,67082.1,67302.83,66800.0,66852.34,2205.04466
1729670400,66852.33,67048.0,66200.0,66414.0,4678.16343
1729684800,66414.0,66910.15,65923.01,66223.44,6555.45611
1729699200,66223.45,66573.58,65260.0,66472.0,7747.67519
1729713600,66472.0,66807.37,66338.99,66668.65,2151.8515
1729728000,66668.65,67612.12,66510.0,67213.16,4069.13262
1729742400,67213.16,67479.55,67068.75,67123.08,2168.24652
1729756800,67123.09,67322.26,66700.0,67285.99,3627.57529
1729771200,67286.0,67998.0,67262.0,67701.22,5556.69154
1729785600,67701.21,68323.0,67350.01,68309.79,4018.19794
1729800000,68309.79,68850.0,67978.04,68198.28,3149.99486
1729814400,68198.27,68286.56,67836.0,68008.0,2103.46788
1729828800,68007.99,68045.36,67250.0,67531.97,3239.24812
1729843200,67531.96,68183.78,67286.28,68105.79,3432.59534
1729857600,68105.79,68771.49,67429.87,67690.01,6063.80083
1729872000,67690.01,67890.52,66006.6,66850.0,12819.56162
1729886400,66849.99,67392.52,65596.29,66698.33,6821.03746
1729900800,66698.32,67050.2,66439.9,66914.0,3685.00548
1729915200,66914.0,67240.02,66784.26,67007.99,1628.86516
1729929600,67007.99,67264.34,66953.02,67138.0,1491.87488
1729944000,67138.0,67180.0,66744.0,66886.49,2610.78256
1729958400,66886.49,67181.82,66788.0,67177.99,1318.30448
1729972800,67178.0,67454.55,67084.0,67092.76,1108.07514
1729987200,67092.76,67325.46,66913.73,67289.57,986.04169
1730001600,67289.57,67317.78,67120.0,67204.01,668.95382
1730016000,67204.0,67266.49,67036.85,67128.04,1089.42823
1730030400,67128.03,67858.0,67121.45,67791.99,2061.49126
1730044800,67792.0,68000.0,67540.88,67850.0,1636.67932
1730059200,67850.0,68332.05,67688.09,68021.7,2210.6016
1730073600,68021.69,68116.78,67677.77,67727.59,1748.50819
1730088000,67727.59,68680.0,67618.0,68415.52,3228.44557
1730102400,68415.52,68833.57,68238.81,68753.78,2668.85534
1730116800,68753.78,69280.0,68426.67,68494.2,7619.52629
1730131200,68494.2,69900.0,68452.54,69629.98,7959.90622
1730145600,69629.99,70270.0,69427.79,69962.21,5821.51298
1730160000,69962.21,71587.88,69760.0,70938.14,9260.69533
1730174400,70938.15,71370.0,70837.83,71017.97,5390.71759
1730188800,71017.96,71578.95,70974.0,71452.01,4333.82377
1730203200,71452.02,72429.99,70929.0,72402.01,11510.0098
1730217600,72402.0,73620.12,72350.7,72536.16,14375.99601
1730232000,72536.38,72978.9,71864.65,72736.42,5257.36344
1730246400,72736.41,72785.72,72000.01,72234.0,3553.7595
1730260800,72234.0,72610.0,72100.0,72227.99,3065.87039
1730275200,72227.99,72604.97,71926.82,71983.99,3249.22754
1730289600,71984.0,72470.0,71436.0,72061.34,7786.81964
1730304000,72061.34,72197.5,71641.77,71822.01,3301.81939
1730318400,71822.01,72961.0,71644.19,72344.74,5928.4941
1730332800,72344.75,72599.99,72030.08,72353.74,2955.82677
1730347200,72353.75,72478.0,72150.0,72417.19,2300.55532
1730361600,72417.19,72700.0,72149.79,72226.0,3129.22143
1730376000,72226.0,72276.0,70431.77,70620.0,10391.35314
1730390400,70620.01,70949.51,70036.0,70092.07,5987.52232
1730404800,70092.07,70654.76,69685.76,70292.01,4587.62399
1730419200,70292.01,70470.0,68830.0,69369.99,6736.08255
1730433600,69369.99,69699.14,69080.0,69273.7,3840.13342
1730448000,69273.7,70228.0,69237.26,70002.01,4258.62726
1730462400,70002.01,71632.95,69044.0,69387.77,12583.25292
1730476800,69387.78,70515.16,68820.14,69268.0,8722.26319
1730491200,69268.0,69627.0,68854.5,69496.01,2161.50821
1730505600,69496.0,69914.37,69479.91,69599.99,1888.97948
1730520000,69599.99,69823.94,69446.0,69813.91,1298.14761
1730534400,69813.91,69838.62,69417.88,69608.0,1279.6003
1730548800,69608.0,69711.59,69000.14,69393.17,3365.13104
1730563200,69393.18,69616.0,69215.0,69510.0,1553.51785
1730577600,69510.0,69571.99,69149.0,69374.74,1136.29615
1730592000,69374.74,69391.0,67864.16,68379.89,5846.4092
1730606400,68379.9,68771.58,68303.99,68397.42,1961.6419
1730620800,68397.42,68603.58,68200.01,68358.86,2460.80349
1730635200,68358.86,68560.0,67478.73,68090.9,6042.77974
1730649600,68090.91,68693.81,67667.21,68679.0,4811.23179
1730664000,68679.0,69358.0,68492.82,68775.99,3872.83631
1730678400,68775.99,69500.0,68240.61,69047.86,3531.81884
1730692800,69047.86,69401.55,68618.0,68618.0,2753.25815
1730707200,68618.0,69036.0,68470.0,68792.71,3061.68173
1730721600,68792.72,69264.52,68202.99,68646.01,6502.898
1730736000,68646.01,68814.32,67251.5,67856.0,7022.60435
1730750400,67856.01,68106.07,66835.0,67850.01,6928.1308
1730764800,67850.01,68255.0,67476.63,68243.0,3631.30352
1730779200,68243.01,68976.0,68218.51,68893.99,3527.68448
1730793600,68894.0,69100.0,68615.11,68810.03,3105.13722
1730808000,68810.03,70325.06,68666.0,69639.99,9273.82987
1730822400,69640.0,70577.91,68732.77,68995.99,8251.89006
1730836800,68995.99,69898.02,68786.91,69372.01,5565.22373
1730851200,69372.01,75000.0,69298.0,74348.53,29431.196937
1730865600,74348.53,75407.1,72727.0,73370.89,26064.898021
1730880000,73370.89,74475.47,72656.31,74272.01,13990.39249
1730894400,74272.0,74757.58,73488.0,74298.0,13980.04537
1730908800,74297.99,75850.0,74150.0,75823.55,11500.391072
1730923200,75823.55,76400.0,75507.1,75571.99,9160.070897
1730937600,75571.99,76022.79,75003.83,75048.01,7170.25219
1730952000,75048.01,75048.01,74416.0,74757.58,5435.11503
1730966400,74757.58,75150.11,74649.54,74746.0,3766.42463
1730980800,74745.99,76059.69,74512.19,76059.69,7599.95
1730995200,76059.68,76718.99,75555.17,76530.39,13850.283425
1731009600,76530.4,76849.99,75494.0,75857.89,7047.39707
1731024000,75857.89,76358.0,75555.0,75890.79,4416.57747
1731038400,75890.79,76220.0,75686.0,76148.49,5001.36124
1731052800,76148.49,76320.0,75760.0,75934.46,3321.2486
1731067200,75934.47,76584.6,75630.76,76427.72,9261.36209
1731081600,76427.72,77199.99,75822.07,76912.58,9446.863703
1731096000,76912.58,77097.0,76300.23,76509.78,5073.68648
1731110400,76509.78,76639.84,76136.0,76341.47,2498.29713
1731124800,76341.47,76795.69,76294.0,76529.08,2824.88315
1731139200,76529.07,76735.59,76358.91,76487.11,1956.64753
1731153600,76487.11,76541.53,76272.72,76319.9,2576.33768
1731168000,76319.91,76700.0,75714.66,76204.92,3958.68374
1731182400,76204.91,76900.0,76179.0,76677.46,3127.22992
1731196800,76677.46,77498.0,76492.0,77205.96,6237.464965
1731211200,77205.97,79788.96,77138.0,78832.37,15561.725502
1731225600,78832.36,80040.0,78832.36,79844.01,7359.556072
1731240000,79844.0,80080.0,79200.0,79694.03,9016.63483
1731254400,79694.03,81069.99,79324.59,79748.99,11314.767361
1731268800,79748.99,81500.0,78473.13,80370.01,12339.951705
1731283200,80370.01,81846.71,80216.01,81612.23,7866.798202
1731297600,81612.23,81727.47,80432.0,81109.1,6018.85178
1731312000,81109.11,82380.94,81023.29,82134.0,8046.625461
1731326400,82133.99,84263.51,81460.19,84059.54,17558.062176
1731340800,84059.53,86650.0,83831.84,86102.21,19271.655334
1731355200,86102.21,89530.54,86052.0,88647.99,23561.672823
1731369600,88648.0,89470.0,86561.35,88047.46,19452.23586
1731384000,88047.45,89940.0,87700.0,88983.35,13408.122211
1731398400,88983.35,89372.0,85229.0,87155.55,21526.29235
1731412800,87155.55,87860.0,85072.0,86632.0,19109.59223
1731427200,86632.0,89764.38,85730.35,88704.28,14486.43433
1731441600,88704.28,89876.94,87379.59,87952.01,9317.21093
1731456000,87952.0,88562.94,87004.0,87136.0,10008.6189
1731470400,87136.0,87692.69,86127.99,87356.0,9544.53162
1731484800,87356.01,88083.0,87082.42,87669.39,6000.39557
1731499200,87669.4,92690.0,87502.49,92540.01,25126.849483
1731513600,92540.0,93265.64,89969.87,90193.51,22766.283954
1731528000,90193.5,91184.02,87970.98,90375.2,13317.1746
1731542400,90375.21,90566.0,89458.13,89937.02,7354.10555
1731556800,89937.03,90850.0,89104.54,90769.42,6197.35157
1731571200,90769.42,91657.77,90329.8,91491.86,8132.00542
1731585600,91491.85,91790.0,87829.57,87947.99,15118.0437
1731600000,87947.99,89775.24,87526.74,89463.99,8531.95926
1731614400,89463.99,89464.0,86668.21,87325.59,11396.04536
1731628800,87325.59,88473.7,87252.0,88218.21,6032.5219
1731643200,88218.22,88391.99,87073.38,87612.0,6883.97605
1731657600,87612.01,89771.99,87368.0,89741.25,6640.4585
1731672000,89741.24,90709.74,87754.45,88445.41,11903.82559
1731686400,88445.4,90844.9,88386.99,90377.89,8672.84127
1731700800,90377.89,91850.0,90324.85,91032.07,7794.32737
1731715200,91032.08,91709.06,90850.0,91252.03,4249.95392
1731729600,91252.04,91779.66,91064.24,91117.53,3028.27512
1731744000,91117.52,91598.13,90993.15,91169.69,3972.70297
1731758400,91169.69,91320.0,90056.17,90521.2,5422.19653
1731772800,90521.2,91396.03,90186.64,91100.24,3466.38119
1731787200,91100.23,91181.82,90300.0,90586.92,2578.36716
1731801600,90587.98,90888.0,89364.0,90247.86,4950.72397
1731816000,90247.86,90888.0,90158.56,90550.8,2974.11564
1731830400,90550.8,91449.99,90478.99,90684.19,3929.09518
1731844800,90684.19,91189.88,89925.91,90260.01,4166.81415
1731859200,90260.01,90640.18,89664.34,90044.0,3112.39163
1731873600,90044.0,90212.13,88722.0,89855.99,4734.41552
1731888000,89855.98,90935.44,89617.96,90668.58,3252.23252
1731902400,90668.58,92300.0,90438.85,91719.9,6378.66485
1731916800,91719.9,92211.99,90051.1,90275.13,6488.59666
1731931200,90275.13,92594.0,89376.9,92309.51,12873.97296
1731945600,92309.51,92584.95,89667.66,90608.26,9954.79626
1731960000,90608.26,91980.0,90224.02,90464.08,7596.77123
1731974400,90464.07,91529.0,90357.0,91428.0,3575.26612
1731988800,91428.0,92000.0,91238.09,91620.01,3893.80469
1732003200,91620.0,91950.0,91200.0,91652.02,3730.94665
1732017600,91652.01,92788.0,90975.8,92391.99,13823.62822
1732032000,92391.99,93905.51,92147.12,93227.87,11450.7773
1732046400,93227.87,93571.08,91320.0,92310.79,7185.62384
1732060800,92310.8,92418.68,91500.0,92039.99,4096.22399
1732075200,92039.99,92851.09,91850.0,92850.38,3477.17855
1732089600,92850.38,93669.98,92720.0,93454.65,6216.74888
1732104000,93454.65,94807.62,93314.49,94739.97,12702.544432
1732118400,94739.98,94831.97,93138.0,94000.0,10761.1069
1732132800,94000.0,94599.98,93770.07,94286.56,4949.39596
1732147200,94286.56,95904.0,94040.0,95798.12,9339.057505
1732161600,95798.12,97852.0,95798.11,96912.01,13220.183819
1732176000,96912.01,98384.86,96723.96,97974.99,10048.90103
1732190400,97975.0,98250.0,95600.0,96672.0,16850.11898
1732204800,96672.0,98988.0,96276.69,97829.83,13009.781133
1732219200,97829.84,98723.65,97533.18,98317.12,6760.31801
1732233600,98317.12,99299.99,97840.0,98836.5,7532.474903
1732248000,98836.49,99419.99,98517.21,99173.7,6632.8656
1732262400,99173.7,99267.19,98219.84,98870.38,6290.74803
1732276800,98870.39,98949.0,97122.11,98664.0,11263.93551
1732291200,98663.99,99588.01,98220.0,99079.74,9541.05621
1732305600,99079.74,99449.0,98535.0,98892.0,4928.22899
1732320000,98892.0,98908.85,98300.0,98666.67,3918.314
1732334400,98666.66,98800.0,98284.61,98560.85,3360.38068
1732348800,98560.84,98623.76,98300.0,98429.99,3176.75105
1732363200,98430.0,98847.68,98400.0,98400.0,4138.68982
1732377600,98400.01,98459.56,97336.06,97504.0,7486.78427
1732392000,97504.0,98015.82,97136.0,97672.4,2676.92385
1732406400,97672.4,98564.0,97620.74,98200.1,3989.58138
1732420800,98200.1,98431.06,97872.2,98431.05,3583.35015
1732435200,98431.05,98472.98,97239.29,97280.03,3606.92172
1732449600,97280.04,97606.52,95900.01,95901.51,9382.31921
1732464000,95901.52,96747.98,95734.77,96320.02,5662.8696
1732478400,96320.01,98369.46,96195.47,97900.04,4975.93632
1732492800,97900.05,98050.0,96888.0,97898.8,3838.26336
1732507200,97898.81,98376.99,97491.66,98047.34,5230.71565
1732521600,98047.34,98871.8,97850.0,98188.09,5195.73129
1732536000,98188.09,98313.08,94525.0,96000.56,14345.48831
1732550400,96000.57,96500.0,94400.0,94669.48,10283.14008
1732564800,94669.49,95300.0,92600.19,93010.01,11954.11227
1732579200,93010.01,94923.69,92727.9,94464.0,6245.66011
1732593600,94464.0,94973.37,93500.08,93785.71,4722.02616
1732608000,93785.72,93785.72,91466.52,92356.85,13592.93588
1732622400,92356.84,93559.0,91739.7,92813.0,13179.13015
1732636800,92812.99,94685.6,91554.11,91683.89,10628.56926
1732651200,91683.9,92364.0,90791.1,91965.16,9490.40982
1732665600,91965.16,93037.38,91792.14,92588.0,5555.58018
1732680000,92588.0,93648.0,92361.66,93597.16,4840.27212
1732694400,93597.16,93885.6,93109.12,93367.99,3994.01189
1732708800,93367.99,95850.0,92847.84,95556.01,9868.59893
1732723200,95556.0,96631.68,95184.79,96627.99,9525.88556
1732737600,96627.99,97208.21,95731.72,95863.11,7369.07866
1732752000,95863.11,96564.0,94822.54,95471.43,6275.70277
1732766400,95471.44,95922.39,95063.15,95299.66,5014.99892
1732780800,95299.66,95780.0,94640.0,95452.01,4752.0259
1732795200,95452.0,96221.8,94900.0,95007.14,5548.28802
1732809600,95007.15,95435.68,94817.0,95119.48,3678.82621
1732824000,95119.48,96023.48,94698.0,95643.98,3544.70175
1732838400,95643.99,96859.0,95364.99,96590.36,3208.77651
1732852800,96590.35,96630.09,95600.03,95625.05,2916.98299
1732867200,95625.05,97358.21,95616.0,97237.91,4164.43477
1732881600,97237.91,98619.99,96768.0,98019.47,8857.57633
1732896000,98019.46,98440.0,96853.82,97329.73,5993.35722
1732910400,97329.73,97624.62,96981.01,97460.0,2560.65449
1732924800,97460.0,97463.95,96309.85,96640.02,3052.5744
1732939200,96640.02,97234.02,96532.7,96783.38,3397.39114
1732953600,96783.38,96968.78,96092.01,96267.99,2445.61538
1732968000,96267.99,96732.15,96242.14,96645.41,2060.42388
1732982400,96645.42,97062.5,96531.35,97019.68,1822.59102
1732996800,97019.69,97040.0,96320.99,96407.99,1725.23724
1733011200,96407.99,96672.49,95693.88,96336.75,3622.03491
1733025600,96336.76,96515.52,96195.99,96472.97,1284.90142
1733040000,96472.97,97179.04,96424.99,97108.89,2803.36709
1733054400,97108.89,97388.78,96660.88,97028.02,3260.08114
1733068800,97028.02,97523.41,96958.48,97178.73,2968.12339
1733083200,97178.73,97836.0,96800.01,97185.18,3000.09657
1733097600,97185.17,98130.0,96350.0,96483.75,5392.949
1733112000,96483.75,96924.0,95749.97,95999.99,5378.4519
1733126400,95999.99,96112.0,94820.41,95128.68,6299.85507
1733140800,95128.67,97214.77,94766.0,97048.0,8297.68046
1733155200,97048.01,97356.69,94395.0,95816.0,8796.99302
1733169600,95816.01,96327.87,95112.01,95840.62,3792.74036
1733184000,95840.61,96305.52,95400.0,96079.36,3671.38924
1733198400,96079.36,96238.1,95277.35,95550.0,3510.45774
1733212800,95550.0,95662.94,94595.38,94988.01,4056.48891
1733227200,94988.0,96250.0,93578.17,95682.54,13543.07849
1733241600,95682.54,96169.99,94860.0,95428.6,5936.97324
1733256000,95428.61,96140.01,95272.5,95849.69,5108.93521
1733270400,95849.69,96614.16,95224.17,95770.32,4788.30848
1733284800,95770.32,96714.41,95717.54,96588.81,3607.43743
1733299200,96588.81,96950.0,96172.0,96190.41,3780.1103
1733313600,96190.41,96560.0,95352.41,95742.81,7959.19099
1733328000,95742.8,97232.01,94587.83,97209.64,9467.01122
1733342400,97209.64,99000.0,97128.52,98587.32,14248.47886
1733356800,98587.32,104088.0,97888.89,102964.0,29911.489432
1733371200,102964.0,103544.71,101324.16,102236.1,14930.57327
1733385600,102236.1,103159.76,102236.1,102566.91,9004.86605
1733400000,102566.91,103550.0,100925.97,101292.01,15250.81785
1733414400,101292.0,101999.0,98599.36,99028.0,14788.63995
1733428800,99028.01,99479.72,90500.0,96945.63,26035.34311
1733443200,96945.63,98828.7,95981.72,97735.29,10502.77687
1733457600,97735.29,98288.0,97370.19,98138.54,4600.17485
1733472000,98138.53,98705.23,97622.86,98069.62,5508.51297
1733486400,98069.61,99483.81,97512.26,99309.99,9368.1804
1733500800,99310.0,101799.0,98762.6,101439.99,9652.35617
1733515200,101439.99,101898.99,99053.03,99740.84,5417.53184
1733529600,99740.84,100428.0,99285.71,99299.63,2803.39835
1733544000,99299.64,99666.31,98844.0,99405.2,3254.00298
1733558400,99405.2,99821.83,99260.0,99620.0,2290.29479
1733572800,99620.0,99800.0,99036.01,99756.01,2409.08289
1733587200,99756.0,100263.64,99460.37,100077.45,2257.58478
1733601600,100077.45,100439.18,99595.11,99831.99,1917.58211
1733616000,99831.99,100328.88,99632.28,99934.82,1688.21452
1733630400,99934.83,100030.0,99336.0,99675.11,1590.3559
1733644800,99675.11,99844.28,98657.7,99701.16,2557.39593
1733659200,99701.17,100500.0,99357.16,99912.01,3388.44325
1733673600,99912.01,100198.0,99480.0,100100.98,2219.63339
1733688000,100100.99,101351.0,99736.06,101109.59,3168.95389
1733702400,101109.6,101215.93,98432.18,99090.84,6131.57247
1733716800,99090.84,99729.88,98328.0,99576.51,4641.05371
1733731200,99576.51,99679.71,98035.57,98088.47,5754.936
1733745600,98088.47,100421.8,97508.58,97812.0,10565.60263
1733760000,97812.0,98398.0,97000.0,97070.32,7646.39206
1733774400,97070.33,97572.52,94150.05,97276.47,19209.55908
1733788800,97276.48,98138.0,95565.41,96931.99,7967.90111
1733803200,96931.99,97519.2,95900.0,97196.44,4851.30267
1733817600,97196.44,97937.5,96938.19,97722.52,3732.90811
1733832000,97722.53,98270.0,95555.0,95658.79,11589.32855
1733846400,95658.79,96500.0,94256.54,95856.5,17282.11364
1733860800,95856.5,97200.7,95616.0,96593.0,6285.13525
1733875200,96593.0,97625.76,95658.24,97398.43,6101.81371
1733889600,97398.42,97790.36,97181.7,97334.6,2882.63101
1733904000,97334.59,98472.57,97316.78,98292.61,3915.0582
1733918400,98292.61,100800.0,98072.33,100361.64,10646.28169
1733932800,100361.64,101141.01,99608.23,101122.71,9214.79257
1733947200,101122.71,101888.0,100866.42,101125.0,4993.20573
1733961600,101125.0,101829.0,100331.61,101025.87,4584.27765
1733976000,101025.88,101191.85,100402.82,100499.99,3018.02596
1733990400,100499.99,101126.54,100178.32,100358.42,2593.08394
1734004800,100358.42,101861.6,100348.35,101797.14,7527.72986
1734019200,101797.14,102540.0,99311.64,99481.32,7934.57131
1734033600,99481.33,100476.19,99465.33,100004.29,3574.39873
1734048000,100004.29,100356.85,99205.0,99729.09,3169.68724
1734062400,99729.09,100225.52,99500.0,100130.0,2722.44317
1734076800,100130.01,100789.0,99896.0,100353.37,2260.04806
1734091200,100353.37,101375.26,99700.0,99873.16,4395.11384
1734105600,99873.16,101895.26,99800.0,101462.34,6176.84479
1734120000,101462.34,101879.98,101090.9,101424.25,3179.90213
1734134400,101424.24,102650.0,101148.35,102088.0,4102.31163
1734148800,102088.0,102138.0,101590.9,101824.0,2355.50886
1734163200,101824.0,101863.64,101321.0,101583.99,1246.03828
1734177600,101584.0,101742.43,100826.38,101625.12,2737.98405
1734192000,101625.12,101737.7,100831.63,101313.54,2313.84837
1734206400,101313.54,101499.08,100609.41,101420.0,1436.01207
1734220800,101420.0,102196.97,101237.14,101733.82,2717.2499
1734235200,101733.83,102850.0,101534.01,101732.09,3091.00658
1734249600,101732.09,102691.01,101581.07,102671.44,1800.59415
1734264000,102671.44,103359.97,102473.01,102704.01,4918.19696
1734278400,102704.0,103490.0,102583.65,103252.95,2441.92022
1734292800,103252.96,105250.0,102621.5,104463.99,7259.953965
1734307200,104463.99,106648.0,104259.48,104582.28,8803.848246
1734321600,104582.28,105420.76,104469.89,104992.79,3083.27266
1734336000,104992.79,105016.85,103625.78,103757.99,3972.26006
1734350400,103758.0,106499.99,103333.0,106332.01,9289.30941
1734364800,106332.0,107793.07,105797.41,106583.12,11995.104264
1734379200,106583.13,106648.48,105480.02,106058.66,4158.6081
1734393600,106058.65,107000.0,105657.34,106866.49,3882.88127
1734408000,106866.5,107143.29,106368.45,106805.75,2937.82223
1734422400,106805.75,107550.02,106708.86,106808.31,3622.94784
1734436800,106808.31,108353.0,105725.99,106478.47,8939.180456
1734451200,106478.48,107633.0,106148.0,106475.89,5875.35581
1734465600,106475.89,106903.99,105321.49,106133.74,3806.74886
1734480000,106133.74,106524.98,104581.58,104763.98,5784.93924
1734494400,104763.99,104763.99,103137.82,104250.75,7256.63713
1734508800,104250.75,105033.33,103729.18,105028.33,2927.64166
1734523200,105028.33,105350.0,103650.0,104428.54,7242.86665
1734537600,104428.54,104999.98,102817.82,102817.82,9166.33778
1734552000,102817.82,102997.77,100000.0,100204.01,17929.57509
1734566400,100204.01,101310.25,98802.0,101193.15,11011.14924
1734580800,101193.15,101727.28,100629.99,101656.57,3199.07619
1734595200,101656.57,102609.72,101380.1,102449.99,4074.86626
1734609600,102450.0,102800.11,99500.0,100679.86,10496.80787
1734624000,100679.86,101200.0,96251.32,97199.72,15856.49892
1734638400,97199.72,98500.0,95700.0,97461.86,10508.99952
1734652800,97461.86,97814.09,96000.0,97106.02,8712.02871
1734667200,97106.02,98233.0,96374.03,97832.53,6871.39877
1734681600,97832.52,97864.91,92612.1,92723.98,19009.19125
1734696000,92723.99,97572.0,92232.54,96991.62,16343.30766
1734710400,96991.63,97748.0,96300.0,97116.0,7186.02296
1734724800,97116.0,97816.44,95393.84,97805.44,4762.18635
1734739200,97805.44,97813.59,97188.09,97487.46,2878.66863
1734753600,97487.47,99540.61,97378.5,99040.0,5467.95008
1734768000,99040.0,99187.95,97800.0,98262.08,3434.11954
1734782400,98262.08,98283.95,96398.39,97527.97,5930.1048
1734796800,97527.96,97723.18,96819.36,97269.03,2933.73741
1734811200,97269.03,98057.51,96539.91,97291.99,2838.96097
1734825600,97292.0,97448.08,96549.37,96994.37,1848.52784
1734840000,96994.37,97071.97,95890.28,96210.24,2981.41637
1734854400,96210.25,97351.57,96196.85,97101.28,2184.9888
1734868800,97101.29,97300.0,95109.13,95377.72,4444.90674
1734883200,95377.71,96444.45,94700.0,94836.55,3910.30845
1734897600,94836.55,95824.0,94250.35,95186.27,3983.68216
1734912000,95186.28,96043.99,93700.42,96025.15,6028.4424
1734926400,96025.15,96509.98,94705.07,95404.01,3919.1348
1734940800,95404.01,96538.92,95036.77,95932.42,3020.85272
1734955200,95932.41,96423.0,93107.52,93250.37,8316.98998
1734969600,93250.38,94260.0,92690.0,93044.79,6236.29663
1734984000,93044.79,95509.09,92520.0,94881.47,5289.0505
1734998400,94881.47,94881.47,93569.02,94348.75,3135.824
1735012800,94348.75,94653.45,93810.45,94233.19,1999.49298
1735027200,94233.2,94635.7,93840.0,94398.6,1936.10063
1735041600,94398.6,98300.0,94075.1,98300.0,6970.36477
1735056000,98299.99,99487.99,97546.57,97581.09,6446.91305
1735070400,97581.1,99068.9,97250.0,98663.58,3185.52945
1735084800,98663.58,98878.44,97725.27,98029.48,2347.026
1735099200,98029.49,98581.9,97844.18,98084.33,1454.63832
1735113600,98084.33,99349.31,97773.83,97907.61,3026.36685
1735128000,97907.61,98832.89,97632.02,98519.98,2843.35507
1735142400,98519.99,99299.99,98134.4,99018.52,2094.84554
1735156800,99018.52,99569.15,98384.61,99429.6,2707.93332
1735171200,99429.61,99963.7,98468.26,98995.17,3339.03441
1735185600,98995.18,98995.18,97711.17,97719.99,2538.93374
1735200000,97719.99,97772.13,95199.14,95695.81,6056.25765
1735214400,95695.81,96280.25,95234.93,96042.88,4267.56835
1735228800,96042.89,96621.95,95444.44,96102.25,2892.18792
1735243200,96102.24,96114.46,95302.0,95791.6,2098.3852
1735257600,95791.6,96443.68,95401.03,96417.84,2935.2441
1735272000,96417.84,96604.24,94646.03,95104.76,4600.52902
1735286400,95104.76,97544.58,95104.76,96952.38,4963.50857
1735300800,96952.38,97035.8,94011.11,94573.75,6425.73336
1735315200,94573.75,94996.16,93500.01,94750.0,5278.97717
1735329600,94750.11,94823.09,94100.6,94299.03,2297.27207
1735344000,94299.03,94720.0,94135.66,94594.91,1341.52605
1735358400,94594.91,94800.0,94307.0,94381.99,971.18403
1735372800,94381.98,94883.0,94312.67,94754.83,1063.67759
1735387200,94754.83,95340.36,94375.8,94447.29,2013.14298
1735401600,94447.28,95245.24,94389.45,95027.76,1698.97945
1735416000,95027.75,95733.99,94878.26,95300.0,1297.3828
1735430400,95300.0,95340.0,94808.0,95172.4,1053.11164
1735444800,95172.41,95283.99,94971.44,95272.04,875.93086
1735459200,95272.05,95315.5,95010.0,95032.57,788.50288
1735473600,95032.58,95231.58,94010.0,94511.12,2881.2142
1735488000,94511.11,94578.89,93367.52,93612.89,4040.48021
1735502400,93612.89,93949.52,93009.52,93738.2,3936.76599
1735516800,93738.19,94274.29,93368.93,93722.71,2898.63024
1735531200,93722.72,94060.35,93240.03,93731.65,2439.98241
1735545600,93731.66,94068.56,93469.56,93923.14,1683.90269
1735560000,93923.14,94277.23,91530.45,92130.21,9295.9625
1735574400,92130.21,94684.09,91800.0,94417.04,6130.98017
1735588800,94417.04,95024.5,91901.57,92792.05,5169.96449
1735603200,92792.05,92907.03,92033.73,92509.59,2673.26662
1735617600,92509.6,93040.1,92344.07,92860.75,1910.77295
1735632000,92860.75,94741.68,92842.88,94232.68,3728.42811
1735646400,94232.68,96250.0,94232.67,95412.0,5922.39263
1735660800,95412.0,95590.52,93189.59,94166.88,3654.49229
1735675200,94166.88,94222.5,93375.38,93576.0,1722.68129
1735689600,93576.0,94509.42,93489.03,93838.04,1840.29813
1735704000,93838.04,93937.19,93500.0,93684.1,958.86153
1735718400,93684.11,93756.02,92888.0,93444.64,1867.48363
1735732800,93444.65,94500.0,93407.07,94432.94,2077.71092
1735747200,94432.94,94823.75,93760.93,94627.07,1721.05382
1735761600,94627.08,95151.15,94542.0,94591.79,1907.9181
1735776000,94591.78,95516.0,94392.0,95010.33,3071.06776
1735790400,95010.34,96000.0,94984.84,95822.0,2597.83185
1735804800,95822.01,96876.38,95640.05,96732.99,3181.19751
1735819200,96733.0,97440.91,95924.6,96455.01,6594.73113
1735833600,96455.01,97777.0,96040.04,97317.74,4552.1019
1735848000,97317.74,97839.5,96666.66,96984.79,1973.55933
1735862400,96984.79,97342.44,96650.0,97062.3,1301.75815
1735876800,97062.3,97066.18,96280.65,96304.0,1511.25736
1735891200,96304.0,96830.0,96100.01,96757.58,1875.17783
1735905600,96757.57,97660.0,96472.43,97521.35,3996.57846
1735920000,97521.36,98976.91,97406.54,98592.01,4583.69677
1735934400,98592.02,98748.0,98067.99,98174.18,1985.36079
1735948800,98174.17,98314.15,97800.0,98200.0,1400.83188
1735963200,98200.01,98350.04,97862.87,98271.88,1220.86223
1735977600,98271.87,98306.22,97532.58,97889.39,1585.26406
1735992000,97889.4,98152.02,97514.79,97657.94,1867.22331
1736006400,97657.95,98350.0,97549.99,98166.26,1394.26571
1736020800,98166.26,98778.43,98143.2,98220.5,1521.60932
1736035200,98220.51,98391.59,98050.0,98187.96,830.57053
1736049600,98187.97,98522.76,98187.96,98268.77,719.22974
1736064000,98268.77,98268.78,97600.0,97641.63,1371.38309
1736078400,97641.62,98281.89,97276.79,98028.98,1867.30793
1736092800,98028.98,98332.54,97577.46,98079.63,1421.36695
1736107200,98079.64,98836.85,98024.0,98363.61,1885.77899
1736121600,98363.61,99333.0,97920.0,99037.57,3197.2233
1736136000,99037.57,99892.0,99037.57,99318.7,2944.63327
1736150400,99318.7,99625.69,98709.28,99259.99,2315.45844
1736164800,99259.99,102468.92,98711.94,102147.95,8408.22358
1736179200,102147.95,102480.0,101250.0,101817.22,5128.12803
1736193600,101817.22,102329.98,101600.05,102235.6,3269.76713
1736208000,102235.6,102724.38,101512.91,101708.08,2357.41538
1736222400,101708.09,102015.01,101582.79,101664.81,1492.76799
1736236800,101664.81,101995.64,100472.45,100830.86,3234.87532
1736251200,100830.86,100960.06,97153.5,97952.26,12652.02745
1736265600,97952.26,98347.81,96323.67,96451.98,7820.91705
1736280000,96451.99,97220.76,96181.81,96954.61,4501.87218
1736294400,96954.6,97268.65,96216.83,96525.2,3503.85267
1736308800,96525.2,96654.61,95250.76,95657.09,5008.27213
1736323200,95657.09,96132.47,94543.86,95134.92,4080.06431
1736337600,95134.92,96079.32,94624.43,95493.77,7524.11163
1736352000,95493.77,95555.25,92500.9,94243.89,10263.38282
1736366400,94243.89,95310.94,93600.0,95060.61,3324.99538
1736380800,95060.61,95382.32,93422.89,94027.9,5419.68508
1736395200,94027.91,94618.63,93186.38,93221.59,2824.32014
1736409600,93221.59,93877.46,92750.0,93465.23,4574.38662
1736424000,93465.23,94588.23,91800.0,94244.02,9108.35063
1736438400,94244.02,94685.25,91900.01,91909.59,6624.66398
1736452800,91909.59,92720.67,91203.67,92552.49,5993.4304
1736467200,92552.49,93727.83,92431.73,93696.13,2928.04066
1736481600,93696.13,95000.0,93500.0,94492.63,3602.28378
1736496000,94492.62,95293.4,94388.5,95073.95,2846.56733
1736510400,95073.95,95117.26,92206.02,93730.92,12008.10901
1736524800,93730.93,95836.0,93177.4,95327.06,7960.59139
1736539200,95327.07,95442.15,94586.02,94726.11,2137.27207
1736553600,94726.1,94746.37,94106.49,94206.95,1275.83371
1736568000,94206.96,94441.87,93831.73,94246.36,989.55966
1736582400,94246.36,94791.67,94031.22,94625.65,1009.69139
1736596800,94625.66,94655.2,94307.25,94410.26,891.77961
1736611200,94410.26,94708.12,93984.55,94249.26,1016.34928
1736625600,94249.27,95050.94,94200.89,94599.99,1864.69065
1736640000,94599.99,94699.0,94296.99,94622.4,984.48539
1736654400,94622.4,94650.0,94274.01,94323.85,555.17676
1736668800,94323.85,94393.57,93711.19,94255.1,1542.32088
1736683200,94255.1,95450.1,94173.48,95071.9,2128.13742
1736697600,95071.91,95314.12,94578.54,94650.26,1321.59389
1736712000,94650.26,94800.0,93800.0,94545.06,2075.15188
1736726400,94545.07,95940.0,93899.99,94269.23,3486.55763
1736740800,94269.23,94913.03,93281.0,93590.24,2651.8386
1736755200,93590.24,93661.55,90833.12,90851.22,10070.64435
1736769600,90851.23,93100.0,89256.69,92123.75,15768.82719
1736784000,92123.75,92534.1,91250.0,92312.18,5597.12697
1736798400,92312.18,94727.15,91908.2,94536.1,5044.56949
1736812800,94536.11,95280.8,94346.22,94861.4,3303.28378
1736827200,94861.39,95464.71,94753.42,94864.0,2358.7602
1736841600,94863.99,97371.0,94860.11,96548.04,6495.82711
1736856000,96548.04,97265.48,95748.93,96471.65,8394.33223
1736870400,96471.65,97088.57,95351.76,96537.8,5134.58254
1736884800,96537.23,96921.13,96152.31,96560.86,2159.83167
1736899200,96560.85,97554.63,96500.0,97317.12,3289.96951
1736913600,97317.12,97724.96,96750.0,97301.35,3059.85859
1736928000,97301.35,97524.0,96521.0,96762.18,2662.70368
1736942400,96762.19,99799.98,96539.77,98992.42,11578.95097
1736956800,98992.42,99990.0,98602.05,99844.9,5037.81977
1736971200,99844.91,100681.94,99460.8,100497.35,4880.68927
1736985600,100497.35,100866.66,99170.0,99478.03,4764.75349
1737000000,99478.04,99921.86,99322.19,99799.99,1971.85838
1737014400,99800.0,99820.0,98617.55,99158.71,4224.49604
1737028800,99158.7,99517.93,97335.13,99296.17,7952.93002
1737043200,99296.17,100448.72,99079.05,100417.2,5345.71609
1737057600,100417.2,100641.99,99377.0,99987.3,3573.09915
1737072000,99987.3,102148.13,99950.77,101051.73,6891.54414
1737086400,101051.73,101899.49,100952.1,101440.5,3198.4853
1737100800,101440.51,102581.45,101439.77,102237.6,5380.48317
1737115200,102237.6,104254.19,102195.9,104000.0,9298.37508
1737129600,104000.0,105865.22,103841.18,105834.93,9336.85365
1737144000,105834.93,105847.02,104065.25,104077.48,5066.11158
1737158400,104077.47,104656.87,103000.25,103559.82,3518.82558
1737172800,103559.82,103771.21,102602.48,102821.75,4937.1314
1737187200,102821.75,103883.01,102277.55,103589.29,4114.11548
1737201600,103589.29,104988.88,103107.65,104568.96,5002.17801
1737216000,104568.96,104719.29,103156.02,104382.01,4197.15572
1737230400,104382.0,104750.0,103765.44,104556.23,2538.42379
1737244800,104556.23,105458.55,104013.51,104984.01,3271.33432
1737259200,104984.01,105634.78,104191.19,105167.12,4785.51322
1737273600,105167.11,105496.03,103450.69,104363.23,7895.87414
1737288000,104363.24,105706.48,104300.75,104936.35,6026.11475
1737302400,104936.35,106200.74,104520.01,106200.0,3579.79556
1737316800,106200.0,106422.43,99651.6,101331.57,17838.65099
1737331200,101331.57,102321.42,99550.0,101891.93,13939.26024
1737345600,101891.94,109588.0,101535.28,107120.65,21204.587662
1737360000,107120.65,109193.23,107093.33,108239.19,9010.89785
1737374400,108239.19,108700.01,104480.0,104957.99,13711.24313
1737388800,104957.99,107050.0,100333.0,103691.63,25962.9026
1737403200,103691.64,104331.0,101701.01,102260.01,5700.34025
1737417600,102260.0,103260.1,100119.04,102936.01,10133.69299
1737432000,102936.01,102974.14,101111.68,101989.05,5400.15858
1737446400,101989.06,103973.02,101740.82,103758.25,6235.66073
1737460800,103758.25,105320.0,102803.43,103943.0,9899.25066
1737475200,103942.99,107240.81,103822.02,107031.34,9757.23378
1737489600,107031.34,107199.99,105420.0,106143.82,4515.02328
1737504000,106143.82,106394.46,105448.99,105600.01,3019.25833
1737518400,105600.01,105952.0,105043.88,105084.77,2894.59275
1737532800,105084.77,105464.83,104647.75,105100.39,3008.01462
1737547200,105100.38,105584.23,103662.58,104180.01,6007.84866
1737561600,104180.01,104754.64,103339.12,104630.0,4362.47109
1737576000,104630.0,104830.12,103611.66,103706.66,2956.50709
1737590400,103706.66,103819.99,102100.0,102461.25,4960.28164
1737604800,102461.24,102968.31,101575.5,102710.27,3922.18053
1737619200,102710.28,102724.94,101262.28,101944.49,3213.96175
1737633600,101944.5,106050.86,101281.62,105263.52,17241.02811
1737648000,105263.52,106850.0,103399.98,103770.04,10175.26517
1737662400,103770.05,106421.03,102195.7,103910.34,14440.40311
1737676800,103910.35,104298.0,102750.0,103891.75,3785.23369
1737691200,103891.75,105355.0,103804.77,105046.8,3142.49691
1737705600,105046.79,105759.0,104922.41,105420.1,2980.3942
1737720000,105420.11,106321.66,104669.17,105859.98,4922.31503
1737734400,105859.99,107120.0,105589.0,105760.94,5483.37032
1737748800,105760.93,105781.0,104456.89,104870.5,3295.43002
1737763200,104870.51,105280.82,104361.89,105202.4,2029.85839
1737777600,105202.4,105202.4,104216.81,104385.98,1407.20452
1737792000,104385.99,104700.01,104106.09,104670.99,1254.5969
1737806400,104670.99,105111.11,104456.0,104897.79,1464.11662
1737820800,104897.79,105286.52,104449.75,105055.16,1831.57775
1737835200,105055.16,105250.0,104696.0,104746.85,1080.96959
1737849600,104746.86,105273.24,104503.7,105062.42,1315.60742
1737864000,105062.41,105500.0,104950.0,104998.35,1228.94709
1737878400,104998.36,105221.36,104444.01,104818.69,1340.56686
1737892800,104818.68,105126.11,104703.58,104967.01,1136.95799
1737907200,104967.02,105260.36,104896.0,105081.63,866.43502
1737921600,105081.64,105200.0,102520.44,102620.0,3923.998
1737936000,102620.01,103260.0,100720.53,101395.64,8353.88719
1737950400,101395.64,101399.99,97777.77,99048.02,12651.63419
1737964800,99048.01,99533.33,98263.49,98761.13,6790.38919
1737979200,98761.12,102317.94,98714.28,101112.03,11346.0746
1737993600,101112.03,101250.56,98864.0,99700.02,6873.59773
1738008000,99700.01,102405.0,99606.46,102082.83,4742.5512
1738022400,102082.83,102892.0,101334.55,102636.32,3670.23637
1738036800,102636.32,103371.24,102527.39,102789.72,2654.45746
1738051200,102789.72,103181.82,102393.94,102762.01,2051.60214
1738065600,102762.02,103800.0,101815.26,102777.99,5106.451
1738080000,102777.99,103108.0,101820.15,102424.24,4696.05403
1738094400,102424.24,102538.0,100272.68,101335.52,3843.25665
1738108800,101335.52,102319.69,101328.01,102038.2,1696.38336
1738123200,102038.21,102853.53,101955.51,102755.82,1764.20643
1738137600,102755.81,103000.0,102180.65,102646.0,2209.71378
1738152000,102646.0,102842.04,101582.37,101980.78,4382.66276
1738166400,101980.78,103999.0,101400.01,103583.99,7259.9178
1738180800,103584.0,104782.68,102868.0,103733.24,5842.47389
1738195200,103733.25,105300.0,103278.54,105196.0,3876.90317
1738209600,105196.0,105595.81,104799.66,105132.07,2795.08494
1738224000,105132.07,105534.0,104925.26,105300.63,1690.21583
1738238400,105300.63,106457.44,104660.0,105564.0,5586.81148
1738252800,105563.99,106013.01,104762.59,105711.27,3142.75313
1738267200,105711.28,105821.62,104693.82,104722.94,2282.30617
1738281600,104722.94,105029.72,103930.09,104344.46,2510.54787
1738296000,104344.46,104814.46,103972.13,104188.56,1868.93867
1738310400,104188.57,104848.65,103936.54,104736.0,1992.8102
1738324800,104736.01,106012.0,104106.0,105464.01,4829.65222
1738339200,105464.0,105574.4,102122.0,102312.32,6376.84832
1738353600,102312.31,102482.94,101560.0,102429.56,4404.38465
1738368000,102429.56,102783.71,102198.52,102249.19,1810.34285
1738382400,102249.19,102588.57,102118.56,102166.49,1052.21801
1738396800,102166.49,102276.99,101412.0,102028.81,2029.14504
1738411200,102028.82,102329.01,101730.79,102073.89,1704.67519
1738425600,102073.89,102297.99,101448.0,101669.6,1472.58058
1738440000,101669.6,101669.6,100279.51,100635.65,4221.9958
1738454400,100635.66,101456.6,99148.91,99206.86,4565.34638
1738468800,99206.85,100515.99,99031.19,99643.3,3478.78338
1738483200,99643.3,100100.0,98645.0,98864.6,4107.2233
1738497600,98864.6,99439.05,98157.0,99346.87,5265.38592
1738512000,99346.87,99361.97,96821.54,98273.16,9695.73736
1738526400,98273.17,98628.74,96150.0,97700.59,7507.02305
1738540800,97700.59,97782.79,91231.0,94038.74,29729.4911
1738555200,94038.75,95426.63,92646.36,95333.01,7783.318
1738569600,95333.01,95950.68,94799.29,95107.89,6292.62471
1738584000,95107.89,99500.0,94131.14,98842.0,14148.56207
1738598400,98842.0,101880.0,98038.58,101880.0,10494.44455
1738612800,101879.99,102500.01,100918.0,101328.52,6716.29807
1738627200,101328.51,101732.31,100534.03,100629.7,3827.79756
1738641600,100629.7,100764.11,98229.82,98448.02,7495.21052
1738656000,98448.01,99445.17,97860.0,98967.7,4539.23391
1738670400,98967.7,100415.0,98275.98,99347.19,8422.36725
1738684800,99347.18,100777.93,98778.58,98859.77,6617.95049
1738699200,98859.78,99444.02,96150.0,97763.13,9365.42724
1738713600,97763.14,98930.44,97131.43,98040.0,4039.38442
1738728000,98040.01,98332.41,97352.77,97864.43,3233.50156
1738742400,97864.43,98256.0,97257.05,98198.0,3128.59694
1738756800,98198.0,99149.0,97734.69,98116.24,5192.00486
1738771200,98116.24,98277.02,96500.0,97370.0,4822.00148
1738785600,97370.0,97706.37,96155.0,96612.43,5817.81518
1738800000,96612.44,97493.07,96430.78,97355.67,2552.15194
1738814400,97355.66,98436.61,97273.71,98195.61,2075.46063
1738828800,98195.6,99120.0,97910.01,98877.99,2729.43375
1738843200,98877.99,99040.09,96930.17,97333.09,6201.57209
1738857600,97333.09,97547.71,95676.64,95983.0,6034.55958
1738872000,95982.99,97093.5,95800.0,96554.35,3922.02606
1738886400,96554.35,97805.6,96409.65,97444.04,3156.6758
1738900800,97444.04,97883.12,96566.0,96757.05,2473.49968
1738915200,96757.04,97750.0,96613.24,97750.0,2223.55235
1738929600,97749.99,100137.99,97165.51,98283.98,12394.34552
1738944000,98283.98,98563.55,96856.78,96898.56,6759.22647
1738958400,96898.56,96944.1,95620.34,96506.8,4786.92083
1738972800,96506.8,96880.0,96335.42,96699.23,2006.38123
1738987200,96699.24,96699.24,95785.09,96209.92,1789.48604
1739001600,96209.92,96293.48,95865.71,96120.0,1164.01705
1739016000,96120.0,96517.52,95688.0,95843.74,2499.53256
1739030400,95843.74,96750.0,95749.88,96579.99,1536.63554
1739044800,96579.99,96712.0,96358.5,96444.74,1151.19052
1739059200,96444.75,97300.0,96360.14,97300.0,2064.373
1739073600,97299.99,97323.09,96777.77,97057.83,1130.18566
1739088000,97057.83,97294.46,96509.96,96554.01,1810.78846
1739102400,96554.01,96703.99,95700.0,96488.15,3215.85687
1739116800,96488.14,96567.8,95888.88,96064.74,1504.3182
1739131200,96064.73,96760.0,94713.0,96462.75,4395.39394
1739145600,96462.75,97131.47,95256.0,96814.98,4441.97007
1739160000,96814.97,97640.02,96632.81,97429.83,3716.17533
1739174400,97429.83,97954.69,97358.79,97661.16,3520.47325
1739188800,97661.15,98345.0,96866.66,97218.69,4536.33685
1739203200,97218.68,97643.29,96866.39,97376.0,2785.34059
1739217600,97376.0,97490.71,97128.79,97430.82,1572.57928
1739232000,97430.82,98149.92,97416.62,97607.3,2024.92177
1739246400,97607.31,98478.42,97558.99,98268.97,2586.68133
1739260800,98268.98,98330.0,97885.62,98151.52,1703.70026
1739275200,98151.51,98158.89,96595.33,97007.53,4245.10245
1739289600,97007.54,97045.53,94876.88,95040.82,4884.73711
1739304000,95040.81,96512.7,94928.47,95778.2,3202.62087
1739318400,95778.21,96263.99,95100.0,95299.27,2407.32134
1739332800,95299.28,96188.68,95267.71,96069.58,1939.80551
1739347200,96069.58,96469.78,95913.49,96094.65,2296.45775
1739361600,96094.65,96631.66,94088.23,95816.18,11805.54003
1739376000,95816.18,97700.0,95120.3,97205.06,6689.55876
1739390400,97205.06,98119.99,96854.97,97869.99,4012.48286
1739404800,97870.0,98083.91,97367.45,97498.42,2127.33742
1739419200,97498.43,97564.83,95800.0,96070.23,3383.93788
1739433600,96070.23,96336.0,95599.57,95925.11,3154.64728
1739448000,95925.12,96480.06,95336.0,95998.0,5428.60469
1739462400,95998.0,96361.58,95217.36,95627.76,3689.67744
1739476800,95627.75,96774.71,95600.0,96608.14,2137.57145
1739491200,96608.13,97190.0,96356.41,97129.98,1805.7947
1739505600,97129.98,97248.6,96561.36,96944.09,1782.53303
1739520000,96944.09,97196.0,96799.99,96887.56,1758.38512
1739534400,96887.55,97568.28,96252.82,96924.39,3999.36783
1739548800,96924.57,98826.0,96494.17,97940.45,6009.55921
1739563200,97940.44,98264.85,96697.56,97500.48,2817.38657
1739577600,97500.47,97972.26,97223.58,97653.19,1506.43225
1739592000,97653.19,97780.73,97345.5,97346.26,1029.42986
1739606400,97346.27,97731.09,97301.77,97615.59,874.17838
1739620800,97615.59,97962.51,97426.57,97633.22,2009.35817
1739635200,97633.21,97714.39,97304.38,97531.9,921.83788
1739649600,97531.91,97741.35,97414.05,97569.66,1008.14029
1739664000,97569.67,97704.47,97411.11,97547.17,935.38493
1739678400,97547.17,97682.04,97212.0,97248.98,746.42703
1739692800,97248.98,97388.89,97061.58,97336.0,1186.96965
1739707200,97335.99,97336.0,96645.35,96911.01,1883.07426
1739721600,96911.01,97169.15,96609.05,97058.47,1187.57052
1739736000,97058.47,97282.38,96046.18,96118.12,2251.99851
1739750400,96118.12,96638.05,96023.17,96215.33,1866.57226
1739764800,96215.32,96463.2,95800.0,96068.22,2725.98131
1739779200,96068.21,96395.68,95937.05,96063.18,2282.57983
1739793600,96063.17,97046.59,95564.0,95659.46,4434.60458
1739808000,95659.45,95945.49,95205.0,95531.36,3482.13274
1739822400,95531.36,96413.43,95488.9,95780.0,1700.17438
1739836800,95780.01,96322.97,95538.01,96200.0,1602.3437
1739851200,96200.0,96300.73,95254.12,95456.93,3176.48546
1739865600,95456.92,95872.17,95050.0,95640.34,2483.18123
1739880000,95640.35,96753.91,95200.0,95546.48,4474.04458
1739894400,95546.49,95633.15,93388.09,94104.14,6846.15491
1739908800,94104.15,95685.0,93730.72,95671.74,4785.98483
1739923200,95671.74,95961.54,95055.0,95710.26,2158.62817
1739937600,95710.25,95846.15,95029.99,95687.71,3441.18957
1739952000,95687.71,96468.99,95616.6,96422.6,2411.90713
1739966400,96422.6,96700.0,95536.36,95943.74,3550.14153
1739980800,95943.74,96480.0,95407.41,96206.54,2763.82004
1739995200,96206.54,96899.99,96058.38,96644.37,2112.8231
1740009600,96644.37,97362.83,96415.09,97055.25,2723.25483
1740024000,97055.24,97339.11,96781.57,96867.92,2341.17162
1740038400,96867.92,97384.03,96801.61,97207.92,1589.77673
1740052800,97207.93,98062.15,96799.42,96903.77,4401.17328
1740067200,96903.76,98518.0,96888.0,98422.8,3819.64673
1740081600,98422.8,98711.36,98000.0,98305.0,2182.36858
1740096000,98305.01,98505.0,98084.06,98141.99,2303.6398
1740110400,98141.99,98610.17,98117.73,98179.76,2056.48148
1740124800,98179.77,98896.81,98111.11,98629.3,3470.69828
1740139200,98629.31,99475.0,97177.31,98104.04,8919.82124
1740153600,98104.04,98757.0,95247.15,95285.11,9442.11583
1740168000,95285.11,96202.68,94871.95,96181.98,6056.52477
1740182400,96181.99,96455.97,95770.49,96299.07,2247.9764
1740196800,96299.08,96578.99,96273.85,96288.09,1394.90999
1740211200,96288.09,96611.53,96151.0,96580.0,2059.63477
1740225600,96580.0,96980.0,96485.37,96592.0,2290.85469
1740240000,96592.01,96823.53,96345.49,96639.99,2305.94545
1740254400,96640.0,96700.0,96472.22,96551.01,968.85578
1740268800,96551.01,96650.0,96355.17,96414.0,1326.63672
1740283200,96414.0,96558.01,96143.99,96508.85,1245.52389
1740297600,96508.85,96508.86,96083.33,96115.99,1223.25286
1740312000,96115.99,96158.5,95414.25,95436.18,2752.94714
1740326400,95436.19,95876.0,95227.94,95755.99,2646.03752
1740340800,95756.0,96332.44,95522.78,96258.0,1690.451
1740355200,96258.0,96500.0,95311.0,95433.21,2641.40258
1740369600,95433.21,95945.0,95078.01,95872.02,3077.64753
1740384000,95872.02,96177.18,95355.0,95821.45,3284.07984
1740398400,95821.45,96095.32,93817.06,94323.95,7573.60951
1740412800,94323.95,95194.59,93666.22,93943.51,5598.80012
1740427200,93943.52,94571.43,91349.26,91552.88,9374.56341
1740441600,91552.88,92540.69,90912.01,92153.93,8746.45217
1740456000,92153.93,92327.88,88200.0,89320.01,14740.56517
1740470400,89320.01,90000.0,86888.1,89239.39,17685.20523
1740484800,89239.39,89544.4,86050.99,87231.26,18057.2139
1740499200,87231.63,88065.45,86157.69,87947.25,10667.84575
1740513600,87947.24,89460.17,87622.64,88680.4,8435.82889
1740528000,88680.39,89414.15,88148.48,88900.0,3505.34849
1740542400,88900.01,89245.29,88392.45,88720.02,3843.49941
1740556800,88720.01,89314.45,88138.0,88616.8,4175.40587
1740571200,88616.8,88674.0,85418.72,87567.53,13226.48272
1740585600,87567.53,87806.62,83418.0,83856.99,17635.66389
1740600000,83856.98,85400.0,82256.01,84250.09,14507.14371
1740614400,84250.09,85466.55,84026.96,85226.32,6905.3983
1740628800,85226.32,86737.0,84694.29,86272.01,5489.64417
1740643200,86272.01,87078.46,85846.87,86698.6,4102.58827
1740657600,86698.6,86795.9,84640.75,85500.84,12382.79075
1740672000,85500.84,85691.51,83614.75,84113.98,6757.93459
1740686400,84113.98,84927.84,82716.49,84708.58,6867.09831
1740700800,84708.57,84892.85,79532.0,80452.44,24103.21319
1740715200,80452.89,80969.69,78820.06,79204.59,17998.86851
1740729600,79204.6,80854.46,78258.52,80513.38,11953.82317
1740744000,80512.97,84425.89,80075.47,84005.05,15625.08311
1740758400,84005.05,85120.0,83196.71,84449.99,9640.81267
1740772800,84450.0,84795.03,83600.0,84349.94,4326.23904
1740787200,84349.95,85678.11,83824.78,85330.84,5097.79792
1740801600,85330.83,86558.0,84740.15,84740.15,7178.39161
1740816000,84740.16,85508.79,84382.62,84632.79,4837.66151
1740830400,84632.79,84943.08,84334.39,84800.0,3556.79693
1740844800,84800.01,85591.84,84700.0,85485.41,2835.4461
1740859200,85485.41,86262.74,85285.88,86064.53,2278.96057
1740873600,86064.54,86498.0,85611.79,85873.07,2403.83782
1740888000,85873.06,86589.97,85531.87,86232.42,2216.14356
1740902400,86232.42,86263.23,85633.13,86105.89,2080.95926
1740916800,86105.88,88673.09,85050.6,87427.99,9943.16012
1740931200,87428.0,95000.0,87278.51,93522.0,30318.42056
1740945600,93522.01,94883.51,93502.0,94270.0,7926.56913
1740960000,94269.99,94416.46,92433.5,92709.98,6622.76466
1740974400,92709.98,93361.46,91181.0,92363.58,5852.51871
1740988800,92363.58,92917.99,91142.0,92739.99,6314.25279
1741003200,92740.0,93721.37,89117.0,90035.37,14548.25192
1741017600,90035.38,91000.0,85555.45,85606.0,16115.70068
1741032000,85606.01,87038.46,85117.11,86220.61,9717.61342
1741046400,86221.16,86807.98,82464.84,83983.72,13267.80873
1741060800,83983.73,84581.6,83140.0,83186.4,4955.79624
1741075200,83186.4,84373.84,83040.29,83937.94,4466.29804
1741089600,83937.93,84977.65,81500.0,82985.06,14268.19869
1741104000,82985.05,88487.91,82013.11,88206.19,12128.06081
1741118400,88206.19,88967.52,86582.27,87281.98,6522.94455
1741132800,87281.98,87888.88,86334.53,86843.4,4769.77721
1741147200,86843.4,87727.27,86722.81,87619.49,3883.84662
1741161600,87619.49,90660.0,87600.0,89814.26,6751.29829
1741176000,89814.26,90933.82,87926.06,88344.25,12224.27232
1741190400,88344.25,90475.3,87600.0,89750.0,7755.99208
1741204800,89750.0,91000.0,89677.8,90606.01,2878.82511
1741219200,90606.0,92025.0,89986.73,91605.01,5338.79627
1741233600,91605.02,92810.64,91265.96,91346.48,4492.39994
1741248000,91346.49,91667.5,90613.17,91350.0,3894.92912
1741262400,91350.0,91457.03,89117.68,90820.69,8433.9883
1741276800,90820.69,91066.44,87836.0,88526.18,7147.7059
1741291200,88526.23,90781.2,88461.22,89931.89,5034.62949
1741305600,89931.88,91283.02,84667.03,86991.25,18693.33541
1741320000,86991.26,88612.96,86857.14,88365.18,3950.73454
1741334400,88365.19,89704.0,87985.3,88966.96,3368.87599
1741348800,88966.96,91100.0,88022.47,88457.99,12333.35824
1741363200,88457.99,89023.41,86554.77,87820.1,11414.32329
1741377600,87820.09,88511.0,85573.07,86801.75,8219.72966
1741392000,86801.74,86897.25,85218.47,85919.12,3430.23845
1741406400,85919.12,86662.0,85653.66,86197.14,1971.12967
1741420800,86197.14,86450.01,85762.72,85955.88,1775.33163
1741435200,85955.89,86627.51,85808.82,86400.0,2447.16492
1741449600,86400.0,86500.0,85661.76,86233.52,2221.39349
1741464000,86233.52,86500.0,85852.12,86222.45,1143.97238
1741478400,86222.46,86500.0,85939.85,86115.71,1223.4792
1741492800,86115.71,86158.83,85809.48,86004.61,1375.32537
1741507200,86004.61,86098.0,84625.01,85024.01,2983.48178
1741521600,85024.0,85058.34,82711.5,83080.41,6724.19753
1741536000,83080.4,83758.22,82223.0,82640.86,6255.15784
1741550400,82640.86,83539.66,80000.0,80734.37,7553.75173
1741564800,80734.48,82744.0,80037.62,82047.49,6631.01803
1741579200,82047.49,82797.95,81977.27,82318.77,2861.97669
1741593600,82318.78,84123.46,81151.0,83582.0,6692.07202
1741608000,83582.0,83771.94,79177.03,80043.85,12861.56913
1741622400,80043.84,80250.0,77459.91,79060.84,13469.61921
1741636800,79060.84,79886.03,78409.4,78595.86,5117.12897
1741651200,78595.86,79938.27,76606.0,79522.29,11122.24369
1741665600,79522.29,80614.89,79439.9,80424.95,4567.35903
1741680000,80424.94,82092.34,80325.22,81720.34,5598.25972
1741694400,81720.33,82225.21,79058.0,81232.24,16633.75229
1741708800,81232.23,83617.4,80609.96,83104.01,8085.50399
1741723200,83104.01,83306.87,82550.52,82932.99,2762.94981
1741737600,82932.99,83783.26,82100.61,82127.72,4711.9387
1741752000,82127.73,82541.47,81296.0,82447.79,4065.50034
1741766400,82447.78,83076.79,82000.29,83004.45,4874.62168
1741780800,83004.45,84539.85,80607.65,81738.97,11813.60583
1741795200,81738.97,83165.46,81626.64,82915.93,4215.51153
1741809600,82915.94,83887.26,82709.36,83680.12,2252.80792
1741824000,83680.12,84336.33,83312.92,83577.14,3767.48722
1741838400,83577.14,83709.03,82851.0,83151.99,3084.39535
1741852800,83152.0,83522.61,82400.04,82975.86,3199.56767
1741867200,82975.86,83900.0,80954.29,81044.72,7631.10248
1741881600,81044.72,81264.73,79939.9,80211.4,7395.86973
1741896000,80210.4,81484.23,80189.89,81115.78,2467.85167
1741910400,81115.78,82270.51,80818.84,81888.77,2746.60637
1741924800,81888.77,82454.5,81780.08,82170.85,2021.59745
1741939200,82170.84,83348.46,82170.84,83253.15,3340.43802
1741953600,83253.15,85309.71,82640.59,84724.58,11416.8729
1741968000,84724.58,84950.0,83949.19,84554.0,4662.53549
1741982400,84554.0,84554.01,83717.69,83983.2,2670.47732
1741996800,83983.19,84676.28,83964.57,84491.99,1801.07938
1742011200,84492.0,84559.0,83791.09,83827.31,1787.51614
1742025600,83827.32,84184.58,83618.0,84103.74,2551.69547
1742040000,84103.74,84499.74,84010.58,84346.02,2795.90086
1742054400,84346.03,84498.72,84076.92,84299.98,1681.69068
1742068800,84299.99,84467.7,84237.58,84338.44,706.85067
1742083200,84338.44,84393.72,83733.86,84332.34,1213.99013
1742097600,84332.35,84418.0,83972.57,84273.96,964.71247
1742112000,84273.95,84335.43,82381.46,82410.02,2982.64569
1742126400,82410.01,83508.95,82400.0,83320.83,3782.45365
1742140800,83320.83,85117.04,82562.36,83098.47,5881.93983
1742155200,83098.47,83453.01,81981.12,82574.53,2770.38354
1742169600,82574.52,83725.39,82523.0,83675.65,2140.41723
1742184000,83675.64,83869.77,82682.62,83567.87,2436.57299
1742198400,83567.88,83783.02,83220.11,83514.73,1904.26795
1742212800,83514.73,84000.0,82456.0,83531.06,5473.06801
1742227200,83531.07,84756.83,83103.6,84482.55,3834.07195
1742241600,84482.55,84506.8,83746.12,84010.03,1426.34545
1742256000,84010.02,84021.74,82960.0,83147.6,2227.16043
1742270400,83147.6,83280.0,82244.68,83163.81,3791.82354
1742284800,83163.81,83452.3,82500.0,82581.1,1859.60834
1742299200,82581.09,82821.6,81134.66,81610.21,5242.8777
1742313600,81610.22,82476.26,81245.65,82317.21,3040.4539
1742328000,82317.2,82810.95,81870.23,82715.03,1448.97492
1742342400,82715.03,83280.0,82547.16,83037.17,2751.69748
1742356800,83037.17,83364.16,82792.91,83190.0,1888.77416
1742371200,83190.0,84119.09,83178.74,83881.4,3556.56382
1742385600,83881.4,84888.0,83510.21,84733.05,5832.94768
1742400000,84733.05,85950.0,83578.32,85433.38,9865.43804
1742414400,85433.38,87000.0,85200.1,86845.94,4255.63256
1742428800,86845.93,87453.67,85619.56,85891.02,4306.12355
1742443200,85891.01,86013.05,85430.38,85816.39,2389.67499
1742457600,85816.39,86300.0,84755.14,85502.17,3049.10665
1742472000,85502.16,86532.04,84565.16,84691.76,5937.94941
1742486400,84691.27,84908.0,83655.23,84174.79,4615.68665
1742500800,84176.87,84609.21,83922.01,84223.39,1791.76338
1742515200,84223.38,84850.33,84180.09,84451.96,1402.80368
1742529600,84451.97,84798.93,83700.47,83937.98,2156.9138
1742544000,83937.99,84337.66,83732.09,84046.52,1486.42515
1742558400,84046.52,84358.51,83175.25,83565.48,3473.84885
1742572800,83565.47,84435.87,83379.0,83956.36,2229.62892
1742587200,83956.35,84584.0,83813.21,84088.79,1207.35403
1742601600,84088.79,84338.98,83989.58,84256.74,1006.94162
1742616000,84256.73,84429.09,84153.21,84274.72,754.99674
1742630400,84274.71,84539.17,84109.0,84239.25,871.57177
1742644800,84239.24,84296.39,83975.42,84109.09,1017.55631
1742659200,84109.08,84320.0,84063.53,84171.59,818.77482
1742673600,84171.59,84204.19,83625.1,83840.59,950.37988
1742688000,83840.59,84277.07,83809.75,84224.39,735.1977
1742702400,84224.39,84328.24,84070.22,84279.82,537.08204
1742716800,84279.82,85027.32,84263.05,84679.99,1637.95361
1742731200,84680.0,85254.17,84573.4,85189.41,1965.74104
1742745600,85189.41,85413.05,84800.0,85011.19,1581.19041
1742760000,85011.2,86129.64,84923.91,86082.5,2004.81333
1742774400,86082.5,86641.13,85519.09,86532.07,3571.64325
1742788800,86532.07,87300.0,86532.06,86874.52,4177.26747
1742803200,86874.52,87909.99,86838.76,87689.52,3734.28314
1742817600,87689.52,88765.43,87138.6,88350.01,8345.49659
1742832000,88350.01,88536.0,87690.59,88222.0,5650.83508
1742846400,88222.01,88481.14,87050.6,87498.16,4636.09558
1742860800,87498.16,87679.25,86330.66,86520.88,2967.91856
1742875200,86520.89,86879.77,86310.0,86436.82,2925.77929
1742889600,86436.82,87500.0,86406.49,87370.43,2680.08356
1742904000,87370.44,88258.8,86929.46,87774.37,5630.54013
1742918400,87774.37,88321.27,87588.59,88116.23,3269.38058
1742932800,88116.23,88539.63,87132.65,87392.87,5169.55036
1742947200,87392.88,87892.14,87030.56,87153.51,2376.15356
1742961600,87153.5,88275.0,87052.0,88140.45,2854.78166
1742976000,88140.45,88259.81,87837.49,87954.96,2414.73419
1742990400,87954.97,88000.0,86434.36,86752.52,5637.1011
1743004800,86752.52,87058.4,85860.0,86567.19,3006.95989
1743019200,86567.18,87404.34,86520.1,86909.17,2119.05445
1743033600,86909.17,87756.39,86796.26,87670.18,1891.16422
1743048000,87670.17,87691.34,87249.68,87399.99,1775.1179
1743062400,87399.99,87597.6,86787.0,86943.52,2195.77495
1743076800,86943.51,87575.0,85800.0,86974.07,7540.76727
1743091200,86974.07,87429.21,86796.0,87060.41,2215.08868
1743105600,87060.4,87728.27,86943.04,87232.01,1480.12595
1743120000,87232.01,87515.67,86750.0,86787.16,1911.72045
1743134400,86787.17,86832.64,85162.48,85212.99,5671.09628
1743148800,85212.98,85441.25,84800.0,85255.26,4950.75977
1743163200,85255.25,85609.74,83953.86,84051.16,8382.63832
1743177600,84051.15,84217.61,83585.0,83790.73,3857.86312
1743192000,83790.74,84538.69,83697.83,84424.38,2408.65375
1743206400,84424.38,84624.73,83709.67,84166.3,1526.01379
1743220800,84166.3,84258.45,83662.86,83731.82,1103.52164
1743235200,83731.83,83947.42,82007.0,82293.56,3638.90117
1743249600,82293.56,82882.01,82145.22,82414.23,1960.74799
1743264000,82414.22,82758.41,81644.81,82758.4,2509.70729
1743278400,82758.4,82787.29,82258.86,82648.54,957.50676
1743292800,82648.53,83503.53,82500.0,83088.81,1605.64112
1743307200,83088.82,83321.16,82868.96,83076.59,1238.4393
1743321600,83076.58,83534.64,82975.36,83111.76,1206.11965
1743336000,83111.76,83268.05,82543.83,82729.57,2154.4379
1743350400,82729.57,82908.11,82050.4,82548.81,1581.53343
1743364800,82548.8,82757.7,81565.0,82389.99,2078.32368
1743379200,82390.0,82444.89,81278.52,81530.0,3137.45901
1743393600,81530.0,82305.57,81400.0,81933.51,2427.84969
1743408000,81933.51,82272.0,81290.88,82205.51,3422.93239
1743422400,82205.5,83943.08,81656.0,83418.78,6957.92675
1743436800,83418.78,83694.29,82400.0,82462.27,2934.61931
1743451200,82462.26,82886.8,82265.1,82550.01,1688.3517
1743465600,82550.0,83256.8,82432.74,82962.84,2015.98624
1743480000,82962.84,83597.07,82886.87,83445.5,1822.06805
1743494400,83445.5,84504.74,83410.0,83930.3,4005.56934
1743508800,83930.31,85499.55,82544.0,85280.87,6895.46482
1743523200,85280.88,85493.0,84720.0,84972.01,3624.09611
1743537600,84972.0,85579.46,84773.58,85158.34,1827.21241
1743552000,85158.35,85255.95,84504.21,84550.0,2397.00391
1743566400,84550.0,84726.42,83904.72,84426.33,2284.55226
1743580800,84426.32,85450.0,84262.73,84566.91,2502.47319
1743595200,84566.91,87333.0,84462.69,86757.67,11182.5669
1743609600,86757.67,87333.0,86186.19,86900.02,6072.59633
1743624000,86900.01,88500.0,82320.0,82516.29,15492.26441
1743638400,82516.28,83998.02,82175.98,83483.97,5644.57078
1743652800,83483.97,83735.85,83000.0,83456.75,2431.18004
1743667200,83456.76,83788.23,83047.0,83096.01,3208.79996
1743681600,83096.01,83147.95,81211.24,82039.31,8823.0587
1743696000,82039.32,82448.21,81540.0,82008.7,4137.47371
1743710400,82009.76,83332.2,81800.0,83213.09,3092.75816
1743724800,83213.09,83413.46,82577.63,82818.52,3041.69884
1743739200,82818.53,84000.0,82615.36,83992.85,3091.86585
1743753600,83992.85,84720.0,81659.0,82680.45,9682.53553
1743768000,82680.44,83716.0,81849.05,82860.0,10092.60459
1743782400,82860.0,84620.01,82736.0,84009.99,5374.18478
1743796800,84010.0,84450.0,83492.95,83889.87,1632.65017
1743811200,83889.87,84266.0,83395.46,83624.01,1705.75257
1743825600,83624.01,83868.0,83297.66,83525.34,1280.95023
1743840000,83525.33,83894.7,83359.64,83452.69,1233.29028
1743854400,83452.69,83550.68,82379.95,82618.26,2576.97263
1743868800,82618.25,83146.0,82607.05,82860.0,974.18344
1743883200,82859.99,83688.0,82833.0,83537.99,1589.25553
1743897600,83537.99,83817.63,83163.45,83344.14,1209.45565
1743912000,83344.14,83533.01,83024.96,83024.96,1005.20003
1743926400,83024.97,83172.0,82666.0,82855.99,1208.00762
1743940800,82855.99,82981.14,82217.83,82548.36,2530.9727
1743955200,82548.36,82554.15,78694.99,79614.35,10204.27054
1743969600,79614.34,79890.16,77153.83,78430.0,11784.80782
1743984000,78430.0,79347.46,77354.0,77707.77,8315.40751
1743998400,77707.78,77984.0,74508.0,75126.01,18943.308
1744012800,75126.01,77577.88,75085.74,76685.62,10044.53318
1744027200,76685.62,81243.58,75789.01,78479.9,27708.97146
1744041600,78479.91,79365.46,77313.2,78130.44,8830.92097
1744056000,78130.43,80218.88,78102.91,79163.24,4544.38977
1744070400,79163.24,80867.99,78772.14,79904.0,4941.96291
1744084800,79904.0,80413.49,79219.9,79496.0,3302.12711
1744099200,79496.01,80077.65,78819.65,79982.0,4257.73055
1744113600,79982.0,80375.0,78175.14,78497.99,8857.72421
1744128000,78498.0,78522.72,76334.65,76854.05,10762.74484
1744142400,76854.05,77285.5,76239.9,76322.42,3195.03101
1744156800,76322.42,76868.28,74620.0,75073.33,9779.68513
1744171200,75073.34,77979.3,75000.0,77694.12,9140.27184
1744185600,77694.12,77880.0,75756.86,76230.01,7898.75408
1744200000,76230.01,78318.46,76010.21,77258.0,9835.2769
1744214400,77258.01,82990.0,77136.0,82332.08,26584.65756
1744228800,82332.08,83588.0,81987.89,82615.22,12249.64221
1744243200,82615.22,82753.21,81472.84,81775.2,5457.92235
1744257600,81775.2,82344.3,81292.99,81595.81,3599.59614
1744272000,81595.81,82130.43,81349.0,81882.01,3109.18957
1744286400,81882.0,82466.35,78606.06,78757.0,12186.07063
1744300800,78757.24,80058.96,78464.36,79649.34,6868.94347
1744315200,79647.37,80035.54,79377.04,79607.3,2063.08502
1744329600,79607.3,80906.63,78969.58,80842.99,4616.06429
1744344000,80843.0,81440.73,80512.22,81266.76,3739.3645
1744358400,81266.76,82985.71,80782.43,82129.67,7672.7781
1744372800,82129.67,83333.0,81341.22,82521.74,8580.71054
1744387200,82521.74,84220.0,82015.08,83858.28,6974.07284
1744401600,83858.28,84300.0,83162.0,83423.84,2852.4477
1744416000,83423.83,83572.0,82792.95,82973.13,2097.25786
1744430400,82973.14,83830.62,82856.86,83724.92,2219.56474
1744444800,83724.92,84031.87,83305.91,83528.3,2026.01827
1744459200,83528.3,85402.9,83474.94,85008.4,7502.18643
1744473600,85008.4,85258.29,84421.95,84943.4,2205.95168
1744488000,84943.39,85905.0,84877.61,85276.9,2419.76539
1744502400,85276.91,86100.0,84724.91,85432.31,6091.99475
1744516800,85432.31,85436.68,84399.42,84413.1,5329.09879
1744531200,84413.1,84949.86,84216.15,84528.66,2109.38782
1744545600,84528.66,84700.0,83480.67,83849.66,3752.76
1744560000,83849.66,84990.22,83050.0,83981.31,4094.28687
1744574400,83981.32,84446.31,83034.23,83760.0,3302.51358
1744588800,83760.0,85544.3,83678.0,84566.03,9144.98601
1744603200,84566.04,85110.0,84211.06,84580.76,3626.62247
1744617600,84580.77,84965.34,84250.0,84927.55,2672.53505
1744632000,84927.56,85799.99,83709.25,84101.16,6912.0794
1744646400,84101.16,85208.1,83863.63,84923.07,4493.01122
1744660800,84923.07,84971.7,84424.52,84591.58,1809.85933
1744675200,84591.58,85415.1,84347.97,85379.96,2777.45814
1744689600,85379.97,85879.1,85157.6,85716.77,3160.5593
1744704000,85716.77,86000.0,85351.0,85589.23,3075.38498
1744718400,85589.23,86496.42,84623.73,84918.14,6756.03523
1744732800,84918.15,85146.55,83921.19,83998.52,2674.08979
1744747200,83998.51,84235.85,83600.0,83643.99,2467.46784
1744761600,83643.99,83960.0,83111.64,83695.66,2463.72865
1744776000,83695.66,83814.0,83212.64,83363.17,3071.39491
1744790400,83363.17,84127.05,83140.89,84048.11,2832.84259
1744804800,84048.36,85270.27,83512.2,84846.58,4587.02932
1744819200,84846.58,85500.0,83275.0,84334.01,6228.17039
1744833600,84334.0,84679.53,84024.0,84030.38,1684.07933
1744848000,84030.38,84496.0,83814.48,83994.23,1420.43568
1744862400,83994.23,85053.38,83900.0,84669.98,2038.72764
1744876800,84669.98,84764.44,84191.17,84562.0,1333.31709
1744891200,84562.0,84862.93,83736.26,84531.71,3721.70869
1744905600,84531.72,85470.01,84393.59,84849.06,4072.8227
1744920000,84849.05,85140.0,84720.21,84947.91,1141.83592
1744934400,84947.92,85132.08,84724.6,84828.0,1247.74402
1744948800,84827.99,84838.52,84413.23,84654.68,1523.46331
1744963200,84654.68,84764.0,84472.25,84669.11,1166.67376
1744977600,84669.11,84769.95,84338.0,84374.59,1234.717
1744992000,84374.6,84649.99,84303.96,84562.83,718.53494
1745006400,84562.83,84684.49,84342.15,84474.69,638.83012
1745020800,84474.7,84986.76,84364.45,84883.71,1105.44308
1745035200,84883.72,85300.0,84883.71,85217.39,2259.71458
1745049600,85217.38,85436.72,85115.45,85217.4,1378.37688
1745064000,85217.4,85677.99,85070.0,85191.19,2584.44918
1745078400,85191.18,85330.06,84694.49,85085.55,1789.11723
1745092800,85085.56,85367.93,85015.63,85077.01,549.48058
1745107200,85077.0,85320.76,85050.27,85168.81,882.54344
1745121600,85168.82,85248.0,84678.18,84784.01,1167.69622
1745136000,84784.01,84785.0,83949.52,84129.83,1885.40107
1745150400,84129.82,84664.0,84099.3,84344.66,1721.01989
1745164800,84344.65,84664.09,84272.74,84651.61,769.05869
1745179200,84651.61,85298.0,84616.73,85179.24,1665.95794
1745193600,85179.24,87640.0,85144.76,87205.56,9533.33738
1745208000,87205.56,87738.0,87038.0,87434.78,2859.73764
1745222400,87434.79,87795.26,86644.29,86971.92,3305.90555
1745236800,86971.92,88465.99,86779.97,88044.8,8328.4863
1745251200,88044.81,88270.88,86389.78,87415.1,5561.20336
1745265600,87415.09,87625.68,86887.15,87516.23,2184.70239
1745280000,87516.22,88877.0,87076.03,88157.55,5948.6986
1745294400,88157.55,88486.0,87953.86,88476.83,2721.14964
1745308800,88476.82,88701.93,88241.33,88614.1,2659.83331
1745323200,88614.09,91439.46,88482.0,90934.61,15352.18318
1745337600,90934.61,91695.0,90624.03,91414.79,6380.71134
1745352000,91414.78,93888.0,91060.0,93442.99,10810.17098
1745366400,93442.99,93909.05,92580.18,93168.91,5215.33691
1745380800,93168.91,94264.0,93017.46,94133.82,3753.14233
1745395200,94133.82,94521.79,93324.45,93466.01,4309.7212
1745409600,93466.01,94696.05,91935.41,93195.28,8544.8591
1745424000,93195.28,94219.93,92913.04,93497.88,4018.92317
1745438400,93497.88,93917.53,93238.1,93691.08,1562.18537
1745452800,93691.07,93787.65,92650.0,92673.95,2768.12366
1745467200,92673.95,92903.94,92101.63,92203.55,3429.85771
1745481600,92203.54,92657.69,91660.01,92619.94,3940.58829
1745496000,92619.94,93450.0,92434.78,93202.51,4447.23602
1745510400,93202.52,93649.56,92666.62,93556.12,2504.05999
1745524800,93556.12,94005.0,93024.0,93980.47,2407.19504
1745539200,93980.47,94444.0,92855.96,93311.83,4492.13804
1745553600,93311.83,93860.0,93013.56,93772.26,3463.8711
1745568000,93772.27,94660.0,93539.82,94635.67,3498.44872
1745582400,94635.67,95758.04,93929.41,95061.22,10872.54033
1745596800,95061.21,95554.99,94370.35,95291.0,3536.11021
1745611200,95291.0,95345.45,94441.61,94638.68,1637.55808
1745625600,94638.68,95199.0,94527.84,94739.99,2542.70188
1745640000,94739.99,94830.93,94380.72,94570.31,1410.05819
1745654400,94570.31,94733.54,93990.6,94144.06,1747.48781
1745668800,94144.07,94394.0,93870.69,94373.24,1638.82978
1745683200,94373.24,94378.87,94041.0,94307.5,832.25743
1745697600,94307.51,94888.0,94087.0,94628.0,1243.73366
1745712000,94628.0,95369.0,94041.6,94156.21,3925.87324
1745726400,94156.22,94288.65,93655.0,94065.98,1858.72082
1745740800,94065.99,94331.85,93883.81,93920.01,1343.02543
1745755200,93920.0,94173.91,93602.58,93901.08,1432.64566
1745769600,93901.09,94434.79,93727.08,94433.5,1354.62397
1745784000,94433.49,94545.45,93641.7,93749.3,1247.95188
1745798400,93749.29,93987.3,92800.01,93849.93,3829.2548
1745812800,93849.93,94800.0,93849.93,94692.49,3173.45503
1745827200,94692.49,95550.0,94339.48,95319.99,4407.81686
1745841600,95319.99,95630.0,93583.9,93833.51,6874.85491
1745856000,93833.5,94920.0,93444.0,94787.2,2284.50465
1745870400,94786.73,95180.0,94305.95,95011.18,1587.64726
1745884800,95011.18,95461.53,94443.7,94658.76,2355.42851
1745899200,94658.75,94960.0,94200.0,94917.61,3096.90198
1745913600,94917.61,95285.71,94743.01,95129.74,2370.90825
1745928000,95129.74,95300.0,94531.85,94843.1,2872.24836
1745942400,94843.1,95459.99,94658.99,95300.79,3091.57412
1745956800,95300.79,95408.0,93742.54,94256.82,3168.27898
1745971200,94256.82,95111.01,94136.48,95032.84,1764.9576
1745985600,95032.84,95180.0,94500.0,94620.99,1847.65644
1746000000,94620.99,95228.45,94527.58,95176.66,1661.24557
1746014400,95176.66,95214.9,92910.0,94004.63,8257.162
1746028800,94004.63,94500.0,93528.71,94152.01,2035.58804
1746043200,94152.01,94784.1,94005.0,94172.0,2094.66545
1746057600,94172.0,95040.3,94130.43,94782.6,2877.4378
1746072000,94782.6,95180.0,94714.38,95025.84,1880.34885
1746086400,95025.84,96396.31,94913.04,96180.01,4237.08588
1746100800,96180.01,97424.02,95769.66,96854.3,7399.49215
1746115200,96854.31,97367.26,96424.44,96523.26,3200.80242
1746129600,96523.26,96885.77,96184.19,96489.91,1785.28633
1746144000,96489.9,97233.1,96466.21,97102.32,2134.18118
1746158400,97102.32,97309.78,96350.0,96350.0,2432.89056
1746172800,96350.01,97100.0,96350.0,96928.97,1860.2708
1746187200,96928.97,97895.68,96650.94,97330.19,5047.18173
1746201600,97330.19,97783.02,96769.84,96924.23,2332.70775
1746216000,96924.23,97136.0,96561.57,96887.14,1098.51609
1746230400,96887.13,96935.67,96300.02,96337.5,2058.72462
1746244800,96337.5,96593.0,96132.67,96322.68,1508.87428
1746259200,96322.68,96421.91,95852.29,95942.02,2622.43769
1746273600,95942.01,96509.44,95880.65,96418.68,1447.96366
1746288000,96418.68,96428.33,95869.68,96354.34,899.94616
1746302400,96354.34,96441.49,95753.01,95856.42,1185.40197
1746316800,95856.42,96304.48,95588.0,95722.23,1523.29654
1746331200,95722.22,96142.86,95692.7,95879.99,1780.05807
1746345600,95879.99,95923.54,95286.78,95423.2,2146.9622
1746360000,95423.19,95690.48,95209.07,95467.6,1981.94879
1746374400,95467.6,95640.98,95239.33,95584.07,863.77274
1746388800,95584.07,95758.08,94151.38,94277.62,2740.34508
1746403200,94277.61,94808.4,93514.1,94031.47,4140.14024
1746417600,94031.47,94825.46,94020.66,94761.91,2335.74375
1746432000,94761.91,94798.01,93888.0,94038.18,2541.09717
1746446400,94038.19,94531.74,93613.66,93770.31,4184.72517
1746460800,93770.32,94900.0,93759.63,94347.17,2339.27872
1746475200,94347.16,95199.0,93876.0,94733.68,1710.19684
1746489600,94733.68,94926.99,94012.78,94454.01,1586.4337
1746504000,94454.01,94638.01,94308.63,94400.99,1310.52658
1746518400,94400.98,94400.99,93720.63,93812.54,2666.58253
1746532800,93812.53,94733.38,93377.0,94558.95,3922.63869
1746547200,94558.94,95157.0,94216.0,94963.5,2336.80706
1746561600,94963.5,96920.65,94452.75,96834.02,4299.65657
1746576000,96834.02,97732.0,96208.1,96506.9,5180.41253
1746590400,96506.9,97013.53,96310.89,96994.82,2170.95622
1746604800,96994.82,97111.0,96833.33,97047.43,1298.75814
1746619200,97047.43,97478.27,96713.14,96923.91,2791.58426
1746633600,96923.91,96961.04,95784.61,96180.01,3605.87038
1746648000,96180.0,97390.0,96076.92,97030.5,1597.25701
1746662400,97030.5,99222.22,96876.29,99152.79,6410.02899
1746676800,99152.79,99419.0,98723.25,99252.34,4129.30669
1746691200,99252.34,99888.0,99209.04,99409.14,3702.67483
1746705600,99409.15,101525.03,99090.66,100758.08,7963.43171
1746720000,100758.08,101707.02,100596.0,101299.99,5099.76086
1746734400,101300.0,104145.76,101285.71,103261.6,7656.82539
1746748800,103261.61,103268.44,102364.0,102451.04,3733.8534
1746763200,102451.04,104361.3,102374.03,103628.77,5971.49947
1746777600,103628.76,103930.0,102421.0,102958.31,8403.08937
1746792000,102958.31,103793.66,102411.99,102895.99,5841.22214
1746806400,102895.99,103370.54,102315.14,103189.17,2349.89886
1746820800,103189.17,103408.0,102727.25,102971.99,1317.83583
1746835200,102971.99,103265.82,102818.76,103226.24,1788.89448
1746849600,103226.25,104100.0,103034.5,103759.71,2472.72488
1746864000,103759.71,104079.37,103366.0,103434.94,2876.2662
1746878400,103434.94,103825.4,103100.0,103138.77,1933.54411
1746892800,103138.76,103619.68,103005.33,103191.35,2330.41287
1746907200,103191.35,104984.57,103068.87,104809.53,3922.94357
1746921600,104809.53,104972.0,103466.05,104007.03,3855.57081
1746936000,104007.03,104400.0,103345.06,103385.47,2952.77072
1746950400,103385.46,104777.0,103380.95,104652.01,2472.65506
1746964800,104652.01,104888.0,103775.91,104150.0,4500.51294
1746979200,104150.0,104832.82,103750.0,104420.0,2312.17239
1746993600,104420.0,104578.62,103569.77,104118.0,1893.44005
1747008000,104118.0,105086.42,103702.15,104100.13,4046.32885
1747022400,104100.13,105819.45,103750.0,104467.99,6956.58682
1747036800,104467.99,104736.45,103625.0,103762.9,4195.60245
1747051200,103762.89,104629.96,102388.0,102527.26,7882.24448
1747065600,102527.27,103088.88,100718.37,101860.0,6054.64243
1747080000,101859.99,103127.92,101770.2,102791.32,2137.37289
1747094400,102791.32,102791.32,101429.7,101719.4,3352.34144
1747108800,101719.4,102943.28,101610.56,102665.5,3546.89229
1747123200,102665.5,103822.03,102540.18,103729.2,2797.46591
1747137600,103729.2,103966.0,102811.32,103682.55,4451.38278
1747152000,103682.54,104976.25,103532.18,104792.22,5053.45199
1747166400,104792.21,104928.0,103869.01,104103.72,2051.88968
1747180800,104103.72,104115.86,103453.26,103587.44,3010.71837
1747195200,103587.44,103971.0,103381.02,103716.55,2102.25399
1747209600,103716.55,104145.0,102875.22,103944.93,3535.76301
1747224000,103944.93,104356.95,102833.55,103514.24,5202.04446
1747238400,103514.24,103720.44,102602.05,103321.72,1856.97684
1747252800,103321.73,103667.52,103304.66,103507.82,745.15143
1747267200,103507.83,103866.51,102720.0,102753.63,1797.79721
1747281600,102753.62,102962.38,101724.17,101779.99,2353.66229
1747296000,101779.99,102441.0,101500.0,102371.61,2612.10704
1747310400,102371.62,103291.99,101383.07,103251.35,4312.54952
1747324800,103251.36,104192.7,102552.35,103157.26,4442.22626
1747339200,103157.26,103980.84,102708.46,103763.71,2480.64372
1747353600,103763.71,104466.01,103467.91,104023.49,3294.14952
1747368000,104023.49,104190.48,103694.18,103710.17,2338.96041
1747382400,103710.17,103900.0,103100.49,103651.71,3118.57852
1747396800,103651.72,104286.0,103343.07,104183.33,3503.77985
1747411200,104183.32,104550.33,103587.0,104032.6,2352.84073
1747425600,104032.6,104032.6,103397.5,103463.9,1075.57121
1747440000,103463.9,103600.0,102612.5,103508.48,2858.83928
1747454400,103508.48,103709.86,103285.71,103451.14,1318.92723
1747468800,103451.13,103568.58,102753.67,102994.17,2720.30154
1747483200,102994.18,103180.0,102640.02,102939.53,1272.66735
1747497600,102939.52,103350.0,102761.9,103158.6,1287.9669
1747512000,103158.6,103477.87,102900.72,103126.65,1792.19392
1747526400,103126.65,103409.98,103105.09,103295.7,913.9652
1747540800,103295.7,103988.0,103295.69,103919.39,1414.68073
1747555200,103919.39,104088.2,103800.0,103800.54,1574.15623
1747569600,103800.55,105680.0,103701.4,105518.0,4982.50382
1747584000,105518.0,105980.0,103851.01,103883.97,5395.35549
1747598400,103883.98,106660.0,103285.71,106454.26,7319.32579
1747612800,106454.27,107108.62,103534.47,103605.88,5830.4141
1747627200,103605.9,103779.99,102000.0,103226.29,7899.03768
1747641600,103226.29,103425.53,102782.6,102963.41,2683.33916
1747656000,102963.4,104968.75,102126.16,104786.41,6071.83103
1747670400,104786.42,105561.76,104491.53,105517.7,4503.35567
1747684800,105517.64,105829.99,105016.27,105573.74,3272.0576
1747699200,105573.73,106853.27,105533.01,105761.92,5750.55327
1747713600,105761.92,106399.0,104928.44,105021.71,3035.55334
1747728000,105021.7,105416.66,104847.16,105203.76,2326.54242
1747742400,105203.75,105391.27,104184.72,105333.68,3799.70194
1747756800,105333.67,107238.37,105090.9,107026.47,5057.29953
1747771200,107026.47,107320.0,105935.83,106849.99,3735.83225
1747785600,106850.0,107206.94,106186.79,106843.59,2584.02606
1747800000,106843.6,107985.05,106454.54,106527.16,5791.25242
1747814400,106527.17,106797.98,106100.01,106546.44,2982.12972
1747828800,106546.43,109458.0,106329.47,108973.35,11705.49449
1747843200,108973.34,109845.0,106117.67,108603.79,14958.19983
1747857600,108603.79,110797.38,107725.0,109643.99,7509.937825
1747872000,109643.99,111880.0,109177.37,111780.84,9017.73168
1747886400,111780.84,111795.04,110461.87,111045.45,7103.40338
1747900800,111045.45,111326.2,110272.72,110981.97,4014.18788
1747915200,110981.98,111626.43,110550.0,111290.86,6086.26018
1747929600,111290.85,111980.0,110916.4,111188.0,3260.6327
1747944000,111188.0,111717.34,110763.27,111696.21,2148.55731
1747958400,111696.22,111800.0,111000.13,111100.01,2834.29482
1747972800,111100.0,111181.82,110407.89,110715.42,3226.515
1747987200,110715.41,111381.61,108888.0,109076.35,4204.18634
1748001600,109076.36,109992.75,107316.0,108940.0,13163.25808
1748016000,108940.0,109809.53,108001.0,108716.07,4951.18081
1748030400,108714.01,108727.28,106800.0,107318.3,3358.28804
1748044800,107318.3,108367.54,106875.41,108366.3,2321.32073
1748059200,108366.31,108582.33,107566.37,107587.75,1982.27366
1748073600,107587.75,109506.03,107587.74,109208.56,5417.04518
1748088000,109208.57,109282.81,108540.0,108929.7,2666.17903
1748102400,108929.71,109200.0,108682.36,108960.0,1015.55537
1748116800,108960.0,109125.0,107500.0,107761.91,3380.15732
1748131200,107761.9,108257.14,107206.0,108095.75,2495.88081
1748145600,108095.76,108288.69,107454.54,107681.81,1293.71165
1748160000,107681.82,107700.65,106708.98,107260.0,3399.35699
1748174400,107259.99,107743.34,106600.64,106967.97,5093.14772
1748188800,106967.97,107940.95,106640.52,107717.01,2103.88371
1748203200,107717.02,109299.99,107176.0,109004.19,3324.06607
1748217600,109004.2,109844.91,108670.58,109623.53,3090.7964
1748232000,109623.54,110228.11,109365.29,110094.62,2472.4091
1748246400,110094.62,110173.92,109556.69,109772.72,1654.27634
1748260800,109772.73,110420.74,109494.74,110009.82,3113.22041
1748275200,110009.83,110422.22,108858.28,109130.44,3037.99696
1748289600,109130.44,109888.89,108940.0,109434.79,1280.41672
1748304000,109434.78,109666.0,107516.57,108892.16,4704.3073
1748318400,108892.15,109636.37,108550.0,109547.16,3340.1595
1748332800,109540.0,109899.0,109428.98,109585.49,1886.45358
1748347200,109585.49,110718.0,108670.29,110140.11,6777.89203
1748361600,110140.11,110499.64,109574.46,109877.87,2624.04806
1748376000,109877.87,109897.49,108600.0,108938.17,1943.79588
1748390400,108938.17,109284.7,108400.0,108863.64,2003.85357
1748404800,108863.64,109089.68,108624.43,108816.44,1391.51979
1748419200,108816.44,109130.44,108258.01,108870.38,1891.22828
1748433600,108870.39,109053.39,107045.45,107107.31,5751.05895
1748448000,107107.31,107842.29,106938.24,106946.01,2757.68701
1748462400,106946.0,108043.95,106769.43,107781.78,1838.44069
1748476800,107781.78,108484.61,107421.12,108044.88,3012.04609
1748491200,108044.87,108106.94,106948.01,107880.72,2287.08404
1748505600,107880.73,108891.91,107681.81,108779.84,2525.30968
1748520000,108779.83,108797.25,106474.0,107019.89,5170.87467
1748534400,107019.9,107168.23,105639.3,105731.74,4682.29852
1748548800,105731.74,106470.69,105322.86,105589.75,2157.08816
1748563200,105589.75,106214.93,104600.5,106024.33,4390.94984
1748577600,106024.33,106313.12,104727.72,105028.02,4187.15493
1748592000,105028.03,105981.75,104606.01,105880.51,3463.58178
1748606400,105880.5,106000.0,105047.61,105543.0,4176.35736
1748620800,105543.0,105560.98,103706.71,104640.5,5203.39187
1748635200,104640.49,104878.05,103621.0,103985.48,2285.06221
1748649600,103985.47,104292.69,103068.55,103684.01,3246.32605
1748664000,103684.0,103911.1,103487.99,103747.02,1424.77118
1748678400,103747.03,103809.51,103285.71,103498.18,1462.02815
1748692800,103498.17,104846.15,103480.11,104556.08,2862.31641
1748707200,104556.08,104780.49,104261.39,104698.02,1237.73843
1748721600,104698.03,104900.0,104473.2,104591.88,1056.179
1748736000,104591.88,104647.11,103924.52,104381.03,1332.51766
1748750400,104381.03,104729.99,104195.12,104275.95,935.26236
1748764800,104275.95,104459.07,103752.49,104082.68,1515.57248
1748779200,104082.67,104809.53,103783.01,104715.1,1868.98228
1748793600,104715.1,105299.21,104319.79,105121.94,2430.98984
1748808000,105121.95,105866.91,104893.72,105642.93,1626.37544
1748822400,105642.93,105735.42,104571.42,104829.27,1887.57513
1748836800,104829.27,105438.87,104610.13,105387.67,1324.62784
1748851200,105387.67,105935.63,103941.0,104047.64,3133.90977
1748865600,104047.63,104679.25,103659.88,104438.79,3457.5451
1748880000,104438.79,104731.95,104030.01,104425.63,1581.04916
1748894400,104425.64,105931.44,104425.64,105857.99,2069.28113
1748908800,105858.0,106500.0,105340.18,105482.02,2370.68744
1748923200,105482.03,105513.02,105116.2,105170.75,1808.4499
1748937600,105170.76,105349.94,104872.5,105287.24,1581.41246
1748952000,105287.24,106794.67,105031.6,106610.66,3944.17196
1748966400,106610.66,106666.67,105592.17,106238.81,2007.43502
1748980800,106238.81,106254.92,105266.02,105376.89,1547.36956
1748995200,105376.9,105839.63,105132.27,105519.27,1468.56182
1749009600,105519.26,105611.96,105250.0,105320.75,2243.32025
1749024000,105320.75,106000.0,105080.26,105084.36,3840.76425
1749038400,105084.36,105542.0,104179.0,105298.27,3906.47888
1749052800,105298.26,105483.14,104865.25,104913.52,1452.09412
1749067200,104913.52,105045.79,104407.16,104696.86,1123.6755
1749081600,104696.86,105240.84,104651.16,105047.15,1126.54275
1749096000,105047.15,105226.14,104380.0,104518.05,1593.6961
1749110400,104518.05,104920.0,104424.52,104827.8,1061.75675
1749124800,104827.79,105909.71,103900.0,104531.49,5067.78387
1749139200,104531.5,104598.87,101596.62,101914.77,6187.5316
1749153600,101914.76,102171.44,100372.26,101508.68,7284.19047
1749168000,101508.69,102520.0,101095.8,102493.3,2752.42188
1749182400,102493.3,103468.66,102387.38,103150.44,2278.64268
1749196800,103150.44,103991.45,103150.43,103927.99,2218.22642
1749211200,103927.99,105333.0,103513.7,105092.28,4660.37233
1749225600,105092.28,105284.0,104013.21,104219.8,2762.90707
1749240000,104219.8,104617.56,104167.98,104288.44,1166.50347
1749254400,104288.43,104910.77,103871.09,104871.58,1400.16428
1749268800,104871.59,105319.13,104643.62,104867.04,1309.06461
1749283200,104867.03,105264.0,104689.81,105150.01,1180.35371
1749297600,105150.01,105800.0,105150.0,105558.11,2197.72958
1749312000,105558.11,105884.46,105279.06,105725.91,1536.04392
1749326400,105725.91,105900.0,105534.88,105552.15,721.57596
1749340800,105552.15,105786.33,105394.03,105471.59,1084.68276
1749355200,105471.59,105653.13,105408.38,105426.45,623.06268
1749369600,105426.46,105720.94,104964.14,105686.71,1672.01298
1749384000,105686.71,106160.19,105520.25,105984.52,2200.98155
1749398400,105984.53,106360.0,105943.91,106289.99,1099.96633
1749412800,106289.99,106488.14,105545.71,105734.0,1367.35675
1749427200,105734.01,105966.33,105318.37,105659.13,1795.0497
1749441600,105659.14,105717.3,105319.0,105560.71,1470.33986
1749456000,105560.71,107806.0,105473.57,107759.21,4424.95656
1749470400,107759.21,108020.0,106860.0,107635.91,3544.41855
1749484800,107635.91,108767.24,107635.91,108564.72,2689.46607
1749499200,108565.86,110530.17,108456.08,110263.02,6051.14377
1749513600,110263.02,110311.82,109381.24,109568.02,2356.61975
1749528000,109568.03,109737.68,109095.67,109205.14,2317.07387
1749542400,109205.14,109851.8,109056.9,109541.28,2344.90457
1749556800,109541.93,109900.81,108331.03,109015.42,5247.00781
1749571200,109015.41,110400.0,108518.86,109526.3,2639.86004
1749585600,109526.3,110299.73,109239.68,110274.39,2166.36235
1749600000,110274.39,110274.4,109533.97,109722.95,1393.61311
1749614400,109722.95,109745.29,109373.67,109446.74,1000.47435
1749628800,109446.74,109675.69,109193.89,109252.09,1633.7552
1749643200,109252.1,110392.01,109008.82,109735.7,4399.26765
1749657600,109735.7,109815.84,108412.01,108742.37,2837.53217
1749672000,108742.37,109219.51,108064.0,108645.12,1851.2739
1749686400,108645.13,108813.55,107730.0,107860.05,3756.8345
1749700800,107860.04,107993.58,107320.0,107633.53,2337.6809
1749715200,107633.53,107835.83,106874.47,106900.95,1866.42836
1749729600,106900.95,107822.5,106600.0,107020.95,3201.2854
1749744000,107020.96,108450.16,106680.0,106788.8,2559.00784
1749758400,106789.8,106960.77,105671.72,105671.73,4057.43518
1749772800,105671.74,105694.0,102664.31,104277.22,11535.37443
1749787200,104277.22,104970.12,103782.75,104895.0,3355.01643
1749801600,104895.01,105434.34,104425.79,105039.48,3146.66203
1749816000,105039.48,105747.47,104118.0,105436.87,3901.15519
1749830400,105436.87,105981.0,104668.73,105110.0,2950.53869
1749844800,105110.01,106179.53,105020.87,106066.59,1292.07057
1749859200,106066.59,106252.0,105197.96,105228.82,3017.48753
1749873600,105228.83,105397.06,104792.98,105076.59,1002.68077
1749888000,105076.59,105132.36,104836.06,105082.01,786.7679
1749902400,105082.01,105131.25,104615.38,104841.3,1045.14048
1749916800,104841.29,105045.78,104359.08,104645.67,1687.29248
1749931200,104645.66,105480.0,104300.0,105414.64,1259.57053
1749945600,105414.63,105680.0,105264.75,105473.55,759.41728
1749960000,105473.54,106128.57,105200.0,105428.0,1381.52981
1749974400,105428.0,105482.4,104867.64,104970.51,1057.15319
1749988800,104970.51,105838.24,104955.48,105564.0,1245.40098
1750003200,105563.99,105777.09,105082.97,105294.19,975.97763
1750017600,105294.19,105617.82,104494.53,105594.01,1744.72158
1750032000,105594.02,105970.59,104980.37,105921.84,1680.0381
1750046400,105921.85,107262.31,105874.48,107061.8,2778.21159
1750060800,107061.8,107255.01,106582.25,106883.99,2148.92551
1750075200,106884.0,107784.26,106495.09,107424.96,2538.358
1750089600,107424.96,108888.0,107309.15,108652.0,2748.12533
1750104000,108652.01,108952.38,106700.0,106794.53,3029.00687
1750118400,106794.53,107771.34,106115.35,107590.41,3025.95246
1750132800,107590.41,107711.06,106481.6,106758.52,1696.95424
1750147200,106758.52,106822.78,105508.23,105641.47,2408.54535
1750161600,105641.48,105862.03,104130.95,104241.63,4308.26392
1750176000,104241.62,105336.82,103371.02,104686.12,4719.96669
1750190400,104686.12,104898.81,104203.85,104551.17,1706.64759
1750204800,104551.17,105240.0,104379.52,105184.84,1346.38636
1750219200,105184.84,105550.27,104713.24,104973.24,1758.92527
1750233600,104973.24,105310.62,104175.87,104840.59,1900.45623
1750248000,104840.58,105325.83,103814.04,104801.01,4024.47787
1750262400,104801.01,104836.64,103500.0,103808.41,3290.4773
1750276800,103808.41,105139.87,103652.0,104886.78,1647.91864
1750291200,104886.79,105226.17,104457.12,105100.02,1479.10507
1750305600,105100.01,105220.0,104617.69,104642.85,1132.25759
1750320000,104642.85,105073.53,104631.26,104776.23,949.58523
1750334400,104776.23,104917.05,104078.0,104096.93,1595.4989
1750348800,104096.94,104814.73,103929.27,104250.44,1624.22301
1750363200,104250.45,104898.31,104150.0,104658.59,897.93757
1750377600,104658.59,104820.0,104391.38,104596.63,1026.45735
1750392000,104596.64,105825.66,104238.02,105811.74,1878.07017
1750406400,105811.74,106524.65,105757.48,105977.82,2862.78664
1750420800,105977.82,106149.17,103888.0,104217.99,3668.86931
1750435200,104218.0,104269.64,102345.0,103307.22,5227.49835
1750449600,103307.21,103828.0,102963.67,103297.99,1755.38101
1750464000,103297.98,103691.67,103127.48,103495.87,750.73411
1750478400,103495.86,103599.04,103330.0,103458.5,686.61118
1750492800,103458.5,103982.64,103458.49,103874.64,1188.56205
1750507200,103874.63,103946.47,103281.82,103560.9,1449.27436
1750521600,103560.9,103640.0,102210.43,102245.1,2365.40427
1750536000,102245.11,102888.88,100837.9,102120.01,4713.62735
1750550400,102120.02,103399.62,101839.96,102375.4,4339.90882
1750564800,102375.4,102946.47,102256.01,102424.61,1481.73109
1750579200,102424.61,102804.05,102080.0,102739.48,1801.30685
1750593600,102739.47,102831.0,98889.35,98906.21,12422.58545
1750608000,98906.21,100380.0,98673.66,98882.84,4419.40202
1750622400,98882.85,101034.65,98200.0,100963.87,4281.47649
1750636800,100963.87,101620.0,100494.25,101154.14,2930.22354
1750651200,101154.13,102137.0,100980.0,101931.04,2509.06943
1750665600,101931.04,102080.0,101102.76,101289.01,2527.52051
1750680000,101289.0,102613.09,100792.16,101420.7,4451.665
1750694400,101420.71,103300.0,99613.33,103161.29,7496.3725
1750708800,103161.3,106074.2,102880.0,105333.93,7751.65511
1750723200,105333.94,105500.0,104720.82,104919.6,2882.14256
1750737600,104919.6,105811.0,104704.91,104933.74,3158.97987
1750752000,104933.74,105571.4,104622.02,105170.0,2216.8644
1750766400,105169.99,105731.92,104800.98,105244.73,2933.73072
1750780800,105244.72,106290.0,105172.64,105643.19,2366.40087
1750795200,105643.2,106119.11,105435.45,106083.0,1093.57493
1750809600,106083.0,106791.18,105808.03,106232.01,2385.0945
1750824000,106232.01,106702.0,106001.0,106600.01,1317.62334
1750838400,106600.0,107237.44,106343.13,107198.02,2272.81569
1750852800,107198.02,108135.3,106752.36,107028.0,7497.00314
1750867200,107027.99,107905.37,106931.0,107761.68,2109.69446
1750881600,107761.67,108000.0,107079.9,107340.58,1118.92438
1750896000,107340.59,108272.45,107105.43,107853.79,1896.83706
1750910400,107853.79,108085.92,107520.0,107813.99,1290.81871
1750924800,107813.99,108174.86,107117.65,107325.41,2010.44306
1750939200,107325.42,107765.55,106562.5,107313.6,2623.12904
1750953600,107313.61,107669.74,107009.28,107532.98,1252.6466
1750968000,107532.97,108000.0,106850.0,106947.06,1499.39832
1750982400,106947.06,107515.28,106438.33,107477.76,1472.30428
1750996800,107477.76,107735.34,106850.0,106869.71,1946.05962
1751011200,106869.72,107159.95,106679.98,106983.6,2318.07544
1751025600,106983.6,107407.14,106356.76,107308.25,3704.52866
1751040000,107308.25,107709.22,106446.45,106801.02,1987.48356
1751054400,106801.02,107277.99,106794.33,107047.59,803.98886
1751068800,107047.58,107347.1,106811.51,107300.13,775.04704
1751083200,107300.13,107496.12,107183.29,107485.0,497.62159
1751097600,107485.01,107493.07,107252.6,107373.39,416.2984
1751112000,107373.39,107577.75,107084.15,107449.28,714.87392
1751126400,107449.28,107542.5,107225.74,107225.74,499.08961
1751140800,107225.74,107378.37,107154.62,107296.79,379.24296
1751155200,107296.79,107500.0,107172.52,107210.78,534.03453
1751169600,107210.78,107402.18,107205.82,107402.18,340.57663
1751184000,107402.17,108484.0,107402.17,108477.11,1988.92767
1751198400,108477.12,108528.5,107650.0,107750.72,1320.45894
1751212800,107750.72,107792.05,107316.46,107406.81,1188.5295
1751227200,107406.8,108436.47,107250.0,108356.93,1459.20913
1751241600,108356.93,108789.99,108255.81,108503.74,1564.16827
1751256000,108503.74,108538.76,107481.31,107614.08,1581.27553
1751270400,107614.07,107964.33,107400.0,107654.2,1242.20442
1751284800,107654.21,107858.79,106733.33,107580.46,2980.03437
1751299200,107580.47,107807.94,107116.4,107745.97,1314.82691
1751313600,107745.97,107764.73,106900.02,107146.5,1071.61541
1751328000,107146.51,107540.0,107026.93,107192.38,973.46
1751342400,107192.39,107203.11,106615.97,107178.99,1267.97836
1751356800,107178.99,107178.99,106301.86,106605.8,1434.81634
1751371200,106605.79,107179.99,105623.39,105955.18,3974.69567
1751385600,105955.19,106287.95,105387.68,105398.53,1690.90273
1751400000,105398.52,106100.0,105250.85,105681.14,1163.77127
1751414400,105681.13,106216.08,105100.19,106194.7,1453.64233
1751428800,106194.7,107186.78,106131.55,107080.0,1903.51108
1751443200,107080.0,107860.23,107080.0,107479.99,2147.6808
1751457600,107479.98,108759.2,107186.1,108737.74,3227.14121
1751472000,108737.75,109730.0,108650.97,109676.14,5656.10907
1751486400,109676.14,109676.14,108720.0,108849.6,3303.81143
1751500800,108849.59,109115.03,108530.4,108628.21,1439.99562
1751515200,108628.2,109548.0,108566.14,109280.0,1560.58968
1751529600,109279.99,110273.21,109279.99,109599.19,3249.5488
1751544000,109599.18,110529.18,108749.99,109127.84,4201.7259
1751558400,109127.85,109910.1,109020.8,109803.41,1688.44383
1751572800,109803.41,110000.0,109510.0,109584.78,906.77842
1751587200,109584.77,109767.59,109103.71,109235.57,1002.72236
1751601600,109235.58,109329.6,108700.0,108700.0,1609.06105
1751616000,108700.0,109111.0,108518.83,108888.0,1086.39121
1751630400,108888.0,108978.64,107505.0,107573.29,3616.08946
1751644800,107573.29,107922.5,107245.0,107469.23,3431.70312
1751659200,107469.22,108279.33,107440.63,107984.24,1047.89895
1751673600,107984.25,108259.99,107756.31,108154.72,766.63785
1751688000,108154.72,108420.56,108000.0,108053.46,660.13042
1751702400,108053.46,108219.19,107870.42,108112.21,675.37974
1751716800,108112.2,108232.29,107971.0,108058.0,564.4708
1751731200,108058.0,108167.23,107864.75,108141.78,586.1961
1751745600,108141.78,108250.0,107993.39,108198.12,484.16079
1751760000,108198.12,108268.35,108025.97,108050.49,397.25464
1751774400,108050.49,108218.0,107930.45,108040.31,497.89684
1751788800,108040.31,108111.0,107800.01,108076.01,740.99603
1751803200,108076.0,109127.03,108045.76,108905.99,2193.35606
1751817600,108906.0,108966.62,108266.67,108538.46,922.00834
1751832000,108538.45,109700.0,108536.86,109203.84,1696.09509
1751846400,109203.85,109700.0,108679.75,109389.47,1313.66179
1751860800,109389.46,109447.54,108654.94,109061.08,1068.89272
1751875200,109061.07,109087.86,108572.52,108642.01,1793.43934
1751889600,108642.01,108660.0,107970.0,108292.59,2516.39623
1751904000,108292.59,108493.56,107513.2,108056.68,1826.11433
1751918400,108056.67,108300.0,107800.01,108262.94,886.8716
1751932800,108262.94,108525.0,107429.57,107901.52,2011.55999
1751947200,107901.52,108499.0,107750.0,108484.61,1010.06569
1751961600,108484.61,109005.0,108229.15,108756.37,1314.23794
1751976000,108756.37,109216.56,108217.07,108268.35,1848.45054
1751990400,108268.35,109147.56,108096.55,108771.88,2426.90745
1752004800,108771.87,108974.0,108624.0,108922.98,604.79919
1752019200,108922.99,109136.0,108348.0,108376.41,994.80226
1752033600,108376.41,108942.2,108324.53,108714.39,1001.59915
1752048000,108714.39,109117.0,108553.18,109058.27,1275.99616
1752062400,109058.27,109769.39,108503.0,109071.32,4108.39131
1752076800,109071.32,111999.79,109047.49,111750.0,6338.57455
1752091200,111749.99,111952.33,110559.4,111233.99,3562.92307
1752105600,111234.0,111581.0,110880.0,111074.51,1687.73466
1752120000,111074.52,111432.46,110898.0,111230.0,1667.11413
1752134400,111229.99,111398.96,110870.33,111019.99,1407.79297
1752148800,111019.99,111408.41,110500.0,111408.4,2221.21737
1752163200,111408.4,113788.23,111322.32,113301.81,7461.037691
1752177600,113301.8,116868.0,113270.98,116010.0,10438.553844
1752192000,116010.01,116950.0,115222.22,116881.7,4456.671301
1752206400,116881.69,118404.22,116500.0,117526.88,7940.173377
1752220800,117526.88,118869.98,117526.88,117821.91,4664.06161
1752235200,117821.91,118259.24,116724.66,116902.59,4711.37408
1752249600,116902.58,118138.75,116604.87,118108.81,2754.72647
1752264000,118108.81,118108.81,117146.8,117527.66,1346.51431
1752278400,117527.66,117847.66,117141.13,117774.42,1268.81982
1752292800,117774.42,118054.79,117506.37,117731.99,1157.69575
1752307200,117731.99,118200.0,117625.0,117810.0,1459.36466
1752321600,117810.0,117861.19,116900.05,117100.01,2887.39027
1752336000,117100.0,117639.98,117045.86,117550.96,961.54328
1752350400,117550.96,117563.75,117000.01,117420.0,711.79059
1752364800,117420.0,117824.76,117224.79,117753.6,696.41148
1752379200,117753.59,118054.79,117684.22,117999.0,867.97982
1752393600,117998.99,118086.66,117689.63,118072.01,685.44893
1752408000,118072.01,119376.0,117989.53,118672.24,3891.104317
1752422400,118672.23,119488.0,118382.56,118961.08,1749.40157
1752436800,118961.09,119367.37,118243.68,119086.64,1660.44683
1752451200,119086.65,119174.99,118916.17,119076.36,112.96074
