ts,open,high,low,close,vol
1672531200,1196.13,1196.74,1191.71,1194.04,20292.0602
1672545600,1194.05,1195.75,1190.57,1195.06,18654.4594
1672560000,1195.07,1197.41,1193.98,1196.34,10749.1851
1672574400,1196.35,1198.5,1193.54,1196.81,15490.8573
1672588800,1196.81,1204.51,1195.88,1201.78,31016.5151
1672603200,1201.77,1204.67,1199.36,1200.34,21558.9914
1672617600,1200.33,1203.53,1193.0,1201.94,32154.2478
1672632000,1201.94,1220.0,1199.87,1213.09,66008.5222
1672646400,1213.08,1224.29,1212.74,1217.35,66284.4263
1672660800,1217.35,1220.98,1214.04,1219.0,36928.9083
1672675200,1219.0,1220.29,1215.74,1218.87,19161.1508
1672689600,1218.88,1223.85,1211.22,1214.0,32256.8846
1672704000,1213.99,1216.81,1211.5,1215.59,24749.0492
1672718400,1215.58,1219.89,1213.41,1216.61,21528.6796
1672732800,1216.61,1218.57,1213.99,1214.98,29878.862
1672747200,1214.98,1219.24,1206.0,1211.76,58325.5432
1672761600,1211.77,1212.76,1204.93,1209.5,34435.0998
1672776000,1209.51,1216.39,1209.44,1214.55,36602.2606
1672790400,1214.56,1254.96,1212.71,1250.74,139538.0914
1672804800,1250.73,1254.54,1247.3,1252.0,68736.3706
1672819200,1252.0,1264.0,1248.59,1251.58,46922.3247
1672833600,1251.59,1258.09,1241.89,1255.88,71909.5254
1672848000,1255.89,1272.6,1251.12,1254.38,94491.386
1672862400,1254.39,1257.7,1245.44,1256.9,36201.9667
1672876800,1256.91,1259.95,1252.19,1252.77,44218.6322
1672891200,1252.77,1255.0,1247.48,1251.03,39603.8474
1672905600,1251.03,1256.14,1245.3,1255.91,51362.3283
1672920000,1255.9,1256.01,1242.81,1249.11,74344.8435
1672934400,1249.11,1254.98,1246.71,1253.62,27613.9471
1672948800,1253.62,1254.31,1248.19,1251.24,35661.7315
1672963200,1251.25,1257.98,1248.17,1251.02,36134.6253
1672977600,1251.01,1252.3,1246.0,1247.7,36517.4347
1672992000,1247.69,1250.0,1237.98,1243.4,43029.3828
1673006400,1243.4,1265.0,1236.0,1263.01,115164.3871
1673020800,1263.01,1276.7,1260.22,1273.13,74675.9477
1673035200,1273.12,1276.36,1265.17,1269.14,36822.4247
1673049600,1269.13,1271.09,1265.22,1266.54,20304.6899
1673064000,1266.53,1267.0,1262.24,1266.8,19896.1791
1673078400,1266.8,1267.11,1262.89,1263.79,20714.8241
1673092800,1263.79,1265.76,1261.3,1265.07,20223.1474
1673107200,1265.07,1266.0,1261.87,1265.38,14637.7041
1673121600,1265.39,1266.61,1261.87,1264.07,33697.7438
1673136000,1264.06,1264.61,1257.77,1262.84,30603.3252
1673150400,1262.84,1264.55,1262.2,1263.64,9805.3628
1673164800,1263.65,1266.22,1261.65,1261.67,19946.6609
1673179200,1261.68,1275.54,1261.27,1274.25,32142.49
1673193600,1274.25,1280.0,1261.91,1265.09,40483.9396
1673208000,1265.09,1296.0,1264.39,1290.16,80655.0063
1673222400,1290.15,1313.61,1285.44,1310.37,152374.4224
1673236800,1310.37,1314.73,1307.58,1311.92,60588.9468
1673251200,1311.93,1327.5,1308.34,1318.27,93762.7738
1673265600,1318.28,1341.86,1315.44,1335.68,113559.729
1673280000,1335.69,1344.91,1330.11,1330.12,94295.3534
1673294400,1330.11,1331.62,1315.08,1320.39,67146.4714
1673308800,1320.4,1329.45,1316.8,1324.71,86084.1504
1673323200,1324.71,1328.68,1322.49,1323.23,70803.2399
1673337600,1323.22,1334.73,1321.7,1329.32,53075.2166
1673352000,1329.32,1340.9,1323.07,1333.97,90717.9053
1673366400,1333.97,1344.04,1328.0,1339.48,94451.0665
1673380800,1339.48,1347.69,1333.8,1335.62,64528.652
1673395200,1335.63,1341.5,1327.29,1331.07,60339.7436
1673409600,1331.07,1335.7,1327.19,1335.52,41489.9617
1673424000,1335.53,1338.2,1331.39,1336.45,41252.3676
1673438400,1336.44,1336.45,1321.04,1323.04,59602.2869
1673452800,1323.05,1345.0,1321.86,1342.92,83148.8081
1673467200,1342.91,1398.0,1339.43,1389.39,186632.7877
1673481600,1389.4,1418.77,1386.0,1400.99,197850.4438
1673496000,1400.99,1405.12,1393.45,1398.45,69844.9954
1673510400,1398.44,1403.11,1394.86,1397.78,81416.3452
1673524800,1397.78,1408.0,1361.92,1386.07,254028.2723
1673539200,1386.07,1437.6,1383.25,1425.86,178938.8557
1673553600,1425.86,1438.0,1414.06,1415.92,95633.5368
1673568000,1415.91,1418.14,1401.03,1415.01,79837.8118
1673582400,1415.0,1415.64,1405.4,1408.12,34175.0075
1673596800,1408.11,1419.5,1404.0,1409.71,68242.215
1673611200,1409.71,1424.48,1401.61,1421.98,85384.1463
1673625600,1421.98,1425.28,1406.96,1420.23,84526.8179
1673640000,1420.23,1464.0,1417.35,1451.2,147211.8664
1673654400,1451.21,1599.98,1449.14,1556.08,366877.6818
1673668800,1556.08,1557.62,1541.28,1553.43,94028.4335
1673683200,1553.43,1564.69,1503.34,1530.09,202259.8239
1673697600,1530.08,1546.88,1507.15,1525.18,151341.1521
1673712000,1525.19,1538.2,1523.18,1529.49,69728.5418
1673726400,1529.49,1559.91,1527.12,1549.9,56456.1443
1673740800,1549.91,1552.22,1516.03,1525.4,86113.6232
1673755200,1525.4,1530.25,1521.54,1529.16,27575.1463
1673769600,1529.16,1535.04,1518.76,1533.35,55517.1734
1673784000,1533.36,1560.16,1528.93,1556.35,74621.4045
1673798400,1556.35,1566.66,1533.0,1550.15,103013.8094
1673812800,1550.14,1560.93,1542.29,1552.52,40991.557
1673827200,1552.52,1584.58,1540.54,1569.19,127804.625
1673841600,1569.19,1578.54,1562.25,1565.95,64318.8813
1673856000,1565.96,1566.25,1523.2,1542.32,97848.0626
1673870400,1542.31,1553.38,1521.31,1549.97,89195.2216
1673884800,1549.97,1604.5,1545.71,1591.23,118760.1296
1673899200,1591.22,1599.26,1572.95,1576.94,76695.9752
1673913600,1576.94,1582.6,1541.15,1563.59,93745.183
1673928000,1563.59,1577.55,1558.16,1563.35,42850.0712
1673942400,1563.35,1572.03,1558.2,1569.07,47569.9673
1673956800,1569.08,1609.0,1560.97,1571.4,181172.1767
1673971200,1571.41,1599.14,1565.0,1588.85,87978.2339
1673985600,1588.86,1592.64,1563.69,1565.57,53456.0898
1674000000,1565.56,1592.01,1562.93,1582.01,72696.9906
1674014400,1582.0,1588.72,1578.86,1583.14,48192.2009
1674028800,1583.14,1583.77,1570.67,1575.9,50015.5475
1674043200,1575.9,1610.0,1533.02,1549.75,231844.5513
1674057600,1549.63,1566.88,1501.39,1541.96,271354.3553
1674072000,1541.96,1544.78,1507.9,1511.43,78431.2401
1674086400,1511.44,1528.0,1509.15,1524.82,44384.0335
1674100800,1524.82,1532.5,1524.82,1528.65,23973.4407
1674115200,1528.65,1531.64,1516.17,1519.61,35634.261
1674129600,1519.6,1547.86,1513.33,1533.09,93954.57
1674144000,1533.09,1554.52,1522.65,1551.95,62818.4117
1674158400,1551.95,1564.43,1544.27,1551.09,47914.7476
1674172800,1551.09,1563.88,1545.51,1554.54,35353.6363
1674187200,1554.55,1556.66,1542.02,1550.33,39956.0861
1674201600,1550.32,1555.85,1545.26,1549.49,36014.1284
1674216000,1549.48,1569.9,1549.02,1563.69,55431.9961
1674230400,1563.69,1601.53,1561.61,1600.49,107459.9806
1674244800,1600.49,1669.9,1600.48,1658.52,166355.1699
1674259200,1658.53,1676.61,1642.6,1648.8,83760.1883
1674273600,1648.81,1654.92,1645.04,1651.19,35708.0895
1674288000,1651.2,1679.26,1616.21,1647.04,163142.8732
1674302400,1647.04,1667.29,1643.29,1647.26,81077.8213
1674316800,1647.27,1668.88,1645.84,1663.19,60480.18
1674331200,1663.18,1667.97,1622.09,1626.66,70079.4486
1674345600,1626.65,1636.49,1604.0,1622.5,66559.4086
1674360000,1622.51,1631.15,1620.77,1627.08,41253.7608
1674374400,1627.07,1631.85,1618.47,1624.57,48766.0259
1674388800,1624.57,1650.51,1617.54,1635.51,97096.8894
1674403200,1635.5,1663.89,1629.61,1635.1,78374.6576
1674417600,1635.11,1636.34,1607.06,1627.44,99678.9486
1674432000,1627.43,1642.58,1625.68,1630.41,49293.585
1674446400,1630.41,1638.0,1627.88,1633.3,34571.3836
1674460800,1633.31,1640.0,1630.3,1636.67,41781.9039
1674475200,1636.66,1648.09,1585.29,1620.85,146655.2153
1674489600,1620.84,1640.49,1610.04,1619.88,96326.615
1674504000,1619.89,1635.75,1618.65,1626.29,38638.4128
1674518400,1626.28,1641.46,1622.8,1639.01,48038.2925
1674532800,1639.02,1640.78,1633.25,1635.77,37018.3382
1674547200,1635.77,1637.28,1614.39,1625.6,65525.1506
1674561600,1625.59,1632.12,1604.0,1620.58,87666.0861
1674576000,1620.57,1624.31,1606.48,1622.41,55114.1003
1674590400,1622.42,1624.45,1535.0,1555.97,168913.3566
1674604800,1555.97,1557.0,1518.0,1546.63,135818.9948
1674619200,1546.63,1558.91,1545.2,1553.81,50024.0799
1674633600,1553.82,1556.8,1538.59,1545.49,57062.7222
1674648000,1545.5,1566.58,1525.0,1543.95,129267.8692
1674662400,1543.95,1562.18,1541.39,1561.48,61308.4279
1674676800,1561.49,1641.0,1561.48,1611.94,212992.8226
1674691200,1611.95,1632.84,1610.14,1614.87,87545.7972
1674705600,1614.87,1621.9,1597.3,1604.68,83638.5053
1674720000,1604.69,1610.45,1590.0,1604.33,66723.6521
1674734400,1604.33,1621.06,1584.12,1589.79,167389.2157
1674748800,1589.71,1607.27,1577.43,1603.77,75532.7685
1674763200,1603.78,1611.26,1594.38,1601.09,51947.9078
1674777600,1601.08,1606.53,1552.54,1565.73,138443.5824
1674792000,1565.74,1589.9,1563.08,1585.4,57728.6346
1674806400,1585.4,1586.06,1573.33,1578.84,44895.7526
1674820800,1578.84,1594.55,1561.0,1574.86,109611.9593
1674835200,1574.86,1611.79,1573.98,1609.7,81893.9082
1674849600,1609.7,1621.0,1586.75,1597.62,79519.5504
1674864000,1597.61,1606.83,1592.49,1598.96,43914.0457
1674878400,1598.96,1603.39,1585.81,1592.68,38368.729
1674892800,1592.68,1594.0,1578.63,1586.18,52293.1251
1674907200,1586.19,1586.19,1561.76,1578.43,96820.7641
1674921600,1578.42,1580.55,1569.69,1577.12,33277.803
1674936000,1577.12,1577.59,1555.99,1572.1,49001.1905
1674950400,1572.1,1618.99,1566.33,1594.36,128896.1779
1674964800,1594.36,1599.39,1588.45,1592.58,31529.0588
1674979200,1592.59,1619.79,1588.97,1609.08,86101.0116
1674993600,1609.08,1626.64,1603.52,1611.44,84247.4996
1675008000,1611.44,1660.0,1605.46,1653.86,138764.8587
1675022400,1653.86,1655.37,1627.57,1644.72,82229.3068
1675036800,1644.73,1647.53,1631.48,1637.98,59988.6404
1675051200,1637.97,1641.37,1621.8,1627.45,45983.8463
1675065600,1627.44,1630.11,1577.0,1581.55,178527.6324
1675080000,1581.55,1597.03,1567.68,1585.18,116663.7369
1675094400,1585.18,1590.46,1535.0,1554.24,117753.3279
1675108800,1554.25,1567.87,1536.84,1566.2,76138.1442
1675123200,1566.21,1576.2,1561.82,1568.87,57990.4165
1675137600,1568.87,1581.08,1561.63,1580.04,48459.5084
1675152000,1580.03,1583.98,1565.82,1570.91,42392.7065
1675166400,1570.91,1596.13,1570.9,1588.99,79887.4742
1675180800,1589.0,1605.18,1586.97,1597.34,48827.9726
1675195200,1597.34,1600.77,1564.02,1585.33,71298.5969
1675209600,1585.32,1592.94,1576.43,1584.61,47072.9126
1675224000,1584.62,1585.7,1569.67,1575.36,35080.6863
1675238400,1575.37,1583.68,1566.24,1580.87,45956.6822
1675252800,1580.87,1589.8,1572.13,1575.53,65048.6042
1675267200,1575.53,1627.06,1555.18,1617.48,156430.7014
1675281600,1617.47,1647.77,1613.63,1641.68,125027.5842
1675296000,1641.67,1696.38,1639.32,1671.13,152356.3293
1675310400,1671.13,1676.76,1660.17,1664.21,56920.8668
1675324800,1664.21,1674.76,1662.13,1671.99,43598.3364
1675339200,1671.98,1690.0,1650.0,1678.14,138740.9718
1675353600,1678.15,1714.68,1666.21,1675.15,129916.0065
1675368000,1675.14,1686.3,1626.85,1643.12,107656.3766
1675382400,1643.12,1650.43,1630.67,1642.17,58931.9128
1675396800,1642.17,1647.24,1636.07,1637.49,43227.7897
1675411200,1637.5,1650.83,1629.96,1649.2,48770.2062
1675425600,1649.2,1675.0,1625.93,1663.93,196967.2599
1675440000,1663.93,1676.0,1650.74,1652.91,74883.0824
1675454400,1652.9,1672.13,1642.4,1663.52,42034.781
1675468800,1663.52,1665.95,1650.0,1654.36,40869.0458
1675483200,1654.37,1660.0,1645.43,1658.17,32396.6649
1675497600,1658.17,1662.73,1651.39,1661.92,41122.4928
1675512000,1661.92,1695.29,1660.74,1679.97,97898.1066
1675526400,1679.97,1685.46,1672.32,1675.93,41699.4712
1675540800,1675.92,1689.0,1658.53,1666.38,54241.3482
1675555200,1666.39,1671.0,1656.68,1660.7,53870.5984
1675569600,1660.69,1671.2,1659.35,1668.14,30797.5803
1675584000,1668.15,1673.81,1660.86,1662.6,35024.2264
1675598400,1662.6,1664.58,1635.93,1644.18,118585.9148
1675612800,1644.18,1647.45,1609.3,1619.48,124909.5187
1675627200,1619.48,1639.6,1611.8,1629.02,50391.8362
1675641600,1629.01,1642.53,1617.85,1626.6,49349.3505
1675656000,1626.6,1635.69,1608.53,1635.41,58408.6268
1675670400,1635.41,1637.89,1622.45,1634.81,54930.3228
1675684800,1634.81,1649.3,1619.86,1649.01,80008.4692
1675699200,1649.0,1658.56,1639.81,1648.29,70038.9336
1675713600,1648.3,1649.34,1605.01,1614.29,71383.7168
1675728000,1614.28,1635.27,1613.14,1633.47,48943.1609
1675742400,1633.46,1638.06,1631.06,1632.29,42464.565
1675756800,1632.3,1647.87,1628.84,1640.71,62573.2993
1675771200,1640.71,1644.92,1626.63,1630.59,56353.3535
1675785600,1630.58,1678.37,1624.39,1656.35,167906.2309
1675800000,1656.34,1677.82,1650.56,1671.03,73681.7904
1675814400,1671.03,1697.91,1668.08,1680.97,87471.6302
1675828800,1680.97,1682.94,1671.93,1677.67,36816.012
1675843200,1677.67,1677.91,1667.9,1673.9,45690.4287
1675857600,1673.9,1681.98,1649.51,1653.08,100371.9502
1675872000,1653.08,1660.0,1630.47,1647.69,106521.5395
1675886400,1647.69,1656.1,1637.76,1650.43,41094.6933
1675900800,1650.42,1656.17,1608.8,1619.05,141939.1224
1675915200,1619.05,1636.65,1610.22,1629.87,70568.6349
1675929600,1629.88,1640.24,1629.87,1633.15,37754.6443
1675944000,1633.16,1649.24,1625.7,1632.08,69181.5061
1675958400,1632.07,1633.67,1560.47,1579.81,160350.0742
1675972800,1579.8,1582.45,1524.4,1545.35,178217.7145
1675987200,1545.35,1555.01,1541.8,1543.22,82716.8675
1676001600,1543.23,1552.88,1529.36,1551.7,71259.2263
1676016000,1551.7,1554.46,1534.04,1537.03,51695.2483
1676030400,1537.04,1548.01,1506.0,1522.36,95651.2501
1676044800,1522.35,1539.19,1514.62,1534.28,95043.3294
1676059200,1534.29,1535.39,1490.0,1513.06,88288.2983
1676073600,1513.05,1523.58,1507.53,1520.38,49102.8351
1676088000,1520.38,1523.29,1514.96,1520.81,24378.857
1676102400,1520.8,1526.8,1515.0,1520.16,70128.8231
1676116800,1520.16,1526.71,1515.0,1522.83,47354.6365
1676131200,1522.83,1522.99,1505.0,1518.58,44555.4125
1676145600,1518.58,1543.0,1516.65,1538.51,54171.0066
1676160000,1538.5,1539.27,1530.05,1531.15,28969.1358
1676174400,1531.15,1534.56,1528.97,1530.83,19762.6742
1676188800,1530.84,1540.06,1530.83,1533.48,30285.5587
1676203200,1533.47,1541.0,1521.12,1536.09,57057.7624
1676217600,1536.09,1548.02,1534.23,1539.23,54560.353
1676232000,1539.23,1541.96,1493.08,1514.83,96122.8899
1676246400,1514.82,1524.62,1496.67,1516.81,83792.8908
1676260800,1516.82,1526.1,1516.02,1522.39,47546.0944
1676275200,1522.39,1522.83,1466.0,1486.07,234692.6663
1676289600,1486.07,1491.89,1475.4,1475.71,99489.7265
1676304000,1475.71,1493.91,1461.93,1490.78,112485.4779
1676318400,1490.78,1510.43,1482.18,1505.24,65145.5345
1676332800,1505.25,1508.72,1494.09,1498.23,49719.7263
1676347200,1498.24,1507.62,1496.81,1506.0,40866.6507
1676361600,1506.01,1519.82,1497.09,1507.7,59730.9177
1676376000,1507.7,1569.0,1482.66,1544.83,349248.2929
1676390400,1544.84,1564.69,1534.02,1560.31,112254.1388
1676404800,1560.31,1564.07,1549.3,1555.71,57144.6504
1676419200,1555.7,1557.43,1542.55,1549.22,45473.5936
1676433600,1549.22,1552.09,1544.65,1547.56,33276.874
1676448000,1547.56,1580.0,1544.5,1572.26,72855.7368
1676462400,1572.26,1593.67,1566.86,1579.5,165174.8506
1676476800,1579.5,1629.32,1573.47,1628.54,118580.7072
1676491200,1628.54,1680.0,1624.25,1674.92,145846.0964
1676505600,1674.92,1712.24,1672.53,1691.42,143365.1322
1676520000,1691.41,1697.51,1675.0,1681.89,98041.4638
1676534400,1681.9,1692.62,1678.25,1682.82,71321.679
1676548800,1682.82,1728.69,1665.24,1724.14,181737.0678
1676563200,1724.14,1742.97,1686.76,1710.85,171997.9076
1676577600,1710.85,1711.11,1633.72,1637.84,166260.4227
1676592000,1637.83,1670.05,1630.51,1663.77,94217.8133
1676606400,1663.77,1665.46,1651.67,1653.45,65273.4116
1676620800,1653.46,1674.75,1648.4,1666.2,66844.4889
1676635200,1666.2,1683.55,1646.09,1673.11,127730.5885
1676649600,1673.11,1709.25,1662.27,1706.03,125807.6426
1676664000,1706.04,1722.0,1669.72,1693.87,100060.7181
1676678400,1693.81,1704.46,1692.14,1699.46,57665.5895
1676692800,1699.45,1703.99,1686.11,1690.72,45228.2181
1676707200,1690.71,1695.58,1685.69,1691.47,33369.4325
1676721600,1691.47,1699.49,1686.64,1695.5,43871.7356
1676736000,1695.5,1713.13,1682.8,1687.85,60728.9081
1676750400,1687.85,1693.71,1679.77,1691.62,26441.8975
1676764800,1691.62,1700.62,1689.5,1695.42,36297.5119
1676779200,1695.42,1709.63,1692.19,1693.15,62303.3671
1676793600,1693.15,1700.85,1690.8,1695.36,31584.3172
1676808000,1695.36,1723.85,1694.42,1711.3,85465.4661
1676822400,1711.3,1726.59,1675.96,1684.8,116322.6792
1676836800,1684.8,1688.85,1666.14,1679.75,69049.7062
1676851200,1679.74,1687.02,1650.56,1684.38,98018.5403
1676865600,1684.39,1698.34,1683.64,1695.79,54668.5251
1676880000,1695.79,1719.89,1688.5,1713.77,99450.4244
1676894400,1713.78,1716.53,1696.97,1707.23,83845.8682
1676908800,1707.24,1711.22,1684.32,1709.76,78013.3102
1676923200,1709.77,1711.99,1691.77,1703.27,37318.1653
1676937600,1703.27,1716.66,1698.06,1703.03,72408.4749
1676952000,1703.04,1709.78,1695.01,1704.05,51309.7578
1676966400,1704.05,1715.0,1666.17,1669.5,139354.5322
1676980800,1669.51,1684.97,1658.74,1671.97,99854.0969
1676995200,1671.97,1686.69,1655.46,1672.0,72140.2024
1677009600,1672.0,1674.32,1636.3,1659.76,85287.4046
1677024000,1659.77,1666.95,1621.59,1649.25,102043.3438
1677038400,1649.26,1649.97,1631.31,1643.86,54847.0296
1677052800,1643.85,1646.11,1625.01,1644.49,64918.044
1677067200,1644.5,1650.62,1604.5,1613.73,123348.2453
1677081600,1613.72,1630.0,1595.07,1616.1,127562.793
1677096000,1616.1,1645.0,1610.16,1643.14,56156.0252
1677110400,1643.15,1679.0,1637.19,1667.44,95468.1237
1677124800,1667.44,1671.87,1659.35,1666.7,49501.9457
1677139200,1666.7,1673.21,1631.11,1637.48,91923.3626
1677153600,1637.49,1671.31,1628.75,1656.0,133931.4052
1677168000,1655.99,1661.7,1635.0,1653.13,92018.4265
1677182400,1653.14,1658.76,1638.85,1650.53,38462.708
1677196800,1650.52,1664.66,1646.04,1649.14,54406.2239
1677211200,1649.15,1656.57,1641.08,1651.7,49529.2696
1677225600,1651.69,1657.65,1642.6,1647.43,51576.7496
1677240000,1647.43,1654.76,1599.43,1602.94,136029.5659
1677254400,1602.94,1611.66,1575.64,1610.84,149177.8472
1677268800,1610.83,1622.87,1594.0,1607.8,71795.842
1677283200,1607.8,1608.98,1595.15,1598.52,39512.1876
1677297600,1598.53,1604.37,1593.95,1603.99,35713.541
1677312000,1603.99,1607.56,1596.0,1600.05,48107.5707
1677326400,1600.05,1603.84,1592.46,1597.06,43575.0461
1677340800,1597.06,1600.92,1576.02,1584.61,51407.2802
1677355200,1584.62,1597.32,1557.33,1594.58,71872.4135
1677369600,1594.58,1606.21,1587.76,1602.75,42470.7038
1677384000,1602.75,1603.31,1595.61,1599.84,25524.0311
1677398400,1599.85,1607.0,1597.19,1603.9,30366.9846
1677412800,1603.9,1614.96,1595.02,1605.09,47306.3226
1677427200,1605.09,1636.0,1598.54,1633.11,68158.4265
1677441600,1633.12,1651.26,1622.17,1641.36,94781.5255
1677456000,1641.37,1650.91,1632.06,1640.67,53773.9233
1677470400,1640.68,1641.08,1631.15,1636.33,42094.2049
1677484800,1636.32,1643.57,1632.13,1641.23,44713.7861
1677499200,1641.24,1665.22,1635.89,1644.26,128296.5284
1677513600,1644.27,1646.65,1615.16,1622.12,103806.5865
1677528000,1622.12,1636.44,1608.0,1633.45,59176.3837
1677542400,1633.45,1636.23,1626.79,1632.89,45361.046
1677556800,1632.89,1632.96,1617.87,1619.24,41219.2892
1677571200,1619.23,1631.87,1616.34,1629.53,46295.2908
1677585600,1629.52,1647.52,1628.81,1641.3,85830.8307
1677600000,1641.29,1646.38,1622.46,1628.01,65272.7667
1677614400,1628.01,1633.35,1596.66,1605.23,109543.9413
1677628800,1605.24,1640.72,1595.0,1638.38,97924.756
1677643200,1638.39,1661.56,1635.62,1650.91,86020.33
1677657600,1650.91,1669.72,1649.0,1656.33,55572.7014
1677672000,1656.33,1669.65,1646.06,1657.47,92830.6415
1677686400,1657.46,1660.34,1631.03,1634.79,68263.4578
1677700800,1634.79,1666.19,1631.44,1665.22,73844.9368
1677715200,1665.23,1677.86,1644.12,1647.94,72136.6238
1677729600,1647.95,1651.47,1639.08,1644.22,45754.0072
1677744000,1644.21,1648.69,1637.57,1644.49,57593.9354
1677758400,1644.49,1645.26,1619.18,1628.31,108333.6961
1677772800,1628.31,1652.48,1621.45,1648.48,78007.6497
1677787200,1648.47,1658.0,1640.51,1647.86,61197.896
1677801600,1647.86,1649.25,1544.39,1565.44,317798.3416
1677816000,1565.43,1576.52,1562.39,1568.08,83045.5363
1677830400,1568.09,1574.42,1563.91,1564.57,60186.8989
1677844800,1564.57,1580.87,1560.56,1566.5,116030.1474
1677859200,1566.51,1574.66,1550.75,1565.39,93471.1576
1677873600,1565.4,1571.29,1547.21,1569.45,72284.5158
1677888000,1569.45,1577.53,1568.19,1570.84,37221.821
1677902400,1570.85,1572.91,1562.71,1568.83,29596.5247
1677916800,1568.83,1571.23,1566.62,1569.24,25569.6062
1677931200,1569.24,1572.12,1561.64,1561.87,33605.2696
1677945600,1561.88,1565.64,1557.1,1559.47,39571.3643
1677960000,1559.48,1568.67,1549.12,1566.73,72075.6748
1677974400,1566.74,1588.77,1553.05,1567.85,97695.9395
1677988800,1567.86,1573.57,1567.71,1568.62,23529.6334
1678003200,1568.61,1573.07,1564.03,1568.5,32527.5642
1678017600,1568.49,1574.31,1568.0,1569.22,35841.2741
1678032000,1569.21,1571.91,1563.0,1566.22,33108.2461
1678046400,1566.22,1579.45,1556.15,1564.58,76538.0842
1678060800,1564.57,1572.8,1556.42,1562.59,60201.2756
1678075200,1562.58,1565.41,1554.44,1561.18,31575.8194
1678089600,1561.19,1568.42,1557.57,1563.33,38211.2124
1678104000,1563.32,1583.49,1561.46,1578.0,69015.8968
1678118400,1578.0,1580.83,1563.0,1566.19,55770.249
1678132800,1566.19,1572.0,1559.41,1565.84,52934.8479
1678147200,1565.84,1584.49,1561.48,1575.1,54423.8281
1678161600,1575.1,1576.66,1570.69,1571.35,26185.909
1678176000,1571.34,1571.39,1562.34,1563.42,42458.886
1678190400,1563.43,1573.0,1536.14,1560.79,154919.3735
1678204800,1560.71,1565.61,1547.59,1551.26,78449.7937
1678219200,1551.26,1563.98,1543.1,1561.96,81510.1129
1678233600,1561.95,1570.89,1557.62,1562.31,45814.9624
1678248000,1562.32,1563.48,1548.0,1551.29,51500.1529
1678262400,1551.29,1561.91,1549.67,1557.23,43206.7514
1678276800,1557.22,1566.02,1541.2,1560.39,134926.9482
1678291200,1560.39,1565.25,1548.45,1552.73,56342.0805
1678305600,1552.72,1561.29,1523.61,1532.38,128310.8704
1678320000,1532.38,1545.0,1531.03,1541.74,54712.5671
1678334400,1541.74,1541.82,1536.04,1536.91,35546.9741
1678348800,1536.92,1539.09,1522.52,1535.32,75886.2789
1678363200,1535.31,1546.45,1527.04,1534.04,78880.9529
1678377600,1534.05,1537.81,1480.8,1488.27,181593.9704
1678392000,1488.27,1490.4,1408.0,1437.32,291864.393
1678406400,1437.32,1437.5,1409.23,1426.34,154029.0848
1678420800,1426.35,1426.7,1391.56,1412.27,149074.5265
1678435200,1412.27,1413.0,1368.39,1384.6,170547.0425
1678449600,1384.61,1434.68,1382.0,1417.03,240037.3219
1678464000,1417.03,1439.43,1399.99,1423.5,123754.0718
1678478400,1423.49,1433.45,1406.46,1426.44,122820.4034
1678492800,1426.43,1476.0,1424.57,1458.31,330138.1849
1678507200,1458.32,1466.91,1414.15,1416.65,305270.2514
1678521600,1416.66,1450.51,1408.4,1427.1,296963.1958
1678536000,1427.1,1436.0,1425.55,1428.01,125084.8462
1678550400,1428.0,1457.04,1422.32,1449.22,180365.5885
1678564800,1449.22,1478.07,1449.21,1471.97,137037.5533
1678579200,1471.93,1475.05,1449.9,1467.0,139029.6636
1678593600,1467.0,1471.44,1453.64,1459.56,82241.6373
1678608000,1459.57,1467.53,1457.97,1465.17,71756.6089
1678622400,1465.18,1466.16,1448.3,1455.88,130082.5177
1678636800,1455.88,1548.8,1453.74,1512.57,321583.3477
1678651200,1512.58,1594.19,1510.72,1580.33,257661.3177
1678665600,1580.33,1622.6,1573.07,1588.43,251148.4917
1678680000,1588.42,1615.64,1587.84,1606.84,130468.1368
1678694400,1606.84,1608.33,1565.0,1581.07,176353.8496
1678708800,1581.07,1693.49,1572.54,1664.68,429174.5772
1678723200,1664.69,1685.0,1646.86,1677.68,164719.8785
1678737600,1677.69,1681.72,1660.05,1673.45,76198.6715
1678752000,1673.44,1684.0,1660.88,1677.57,115626.8464
1678766400,1677.57,1695.0,1658.54,1666.63,130252.6926
1678780800,1666.63,1689.9,1655.24,1683.65,133533.0825
1678795200,1683.65,1780.02,1671.5,1770.03,471252.5907
1678809600,1770.03,1775.21,1684.87,1720.3,255526.0935
1678824000,1720.3,1727.0,1659.29,1699.4,177129.9298
1678838400,1699.41,1716.9,1679.95,1701.76,129822.1204
1678852800,1701.76,1708.0,1692.65,1705.13,56748.2826
1678867200,1705.12,1705.5,1650.54,1679.92,142866.7967
1678881600,1679.91,1698.29,1625.56,1634.04,313571.1957
1678896000,1634.03,1655.41,1611.0,1647.99,242304.1599
1678910400,1648.0,1664.64,1637.72,1649.96,77829.928
1678924800,1649.95,1659.71,1632.18,1646.31,93348.743
1678939200,1646.3,1659.9,1636.6,1655.57,100219.985
1678953600,1655.56,1669.99,1639.22,1660.36,114932.5475
1678968000,1660.37,1666.73,1635.96,1663.06,129192.7969
1678982400,1663.06,1691.42,1652.88,1679.64,113369.5209
1678996800,1679.64,1681.78,1652.53,1673.73,76922.0186
1679011200,1673.73,1725.0,1662.65,1708.62,166034.4307
1679025600,1708.62,1730.99,1696.37,1715.59,109599.3677
1679040000,1715.59,1763.97,1710.44,1761.12,187901.2651
1679054400,1761.13,1762.1,1703.02,1717.41,165755.3264
1679068800,1717.41,1744.36,1710.0,1744.15,111856.8718
1679083200,1744.15,1800.0,1732.25,1789.27,166381.0208
1679097600,1789.26,1831.34,1767.13,1810.57,188400.9792
1679112000,1810.58,1821.4,1801.53,1814.12,67438.7513
1679126400,1814.12,1818.0,1790.92,1813.15,77563.9677
1679140800,1813.16,1841.0,1773.57,1786.0,143202.3071
1679155200,1786.0,1802.28,1747.47,1790.23,161730.6202
1679169600,1790.23,1801.17,1751.0,1758.84,73278.1055
1679184000,1758.84,1786.16,1757.92,1782.52,56059.8607
1679198400,1782.51,1786.65,1761.6,1774.8,47469.7142
1679212800,1774.8,1788.58,1765.78,1784.66,56403.2824
1679227200,1784.66,1812.86,1773.26,1793.61,105772.37
1679241600,1793.61,1841.36,1791.88,1821.22,168650.7596
1679256000,1821.23,1827.89,1773.98,1780.68,106775.9039
1679270400,1780.67,1785.46,1742.0,1751.4,119050.423
1679284800,1751.41,1793.59,1736.57,1791.5,97980.6488
1679299200,1791.5,1803.05,1766.41,1779.41,125609.0869
1679313600,1779.4,1782.54,1752.27,1763.14,120893.7269
1679328000,1763.13,1768.88,1741.07,1752.97,119526.4317
1679342400,1752.97,1761.0,1722.0,1732.78,99787.8075
1679356800,1732.77,1757.64,1728.95,1746.14,67830.2934
1679371200,1746.14,1754.17,1717.01,1730.34,78880.7521
1679385600,1730.34,1767.77,1725.0,1761.34,93035.669
1679400000,1761.34,1835.0,1758.33,1812.55,263040.4178
1679414400,1812.54,1825.98,1774.04,1791.19,170640.7035
1679428800,1791.19,1805.75,1781.92,1801.23,68920.6641
1679443200,1801.23,1807.25,1778.02,1799.59,69601.7351
1679457600,1799.58,1807.66,1787.15,1792.75,50794.2531
1679472000,1792.74,1793.85,1781.1,1785.25,72102.3484
1679486400,1785.26,1819.98,1783.23,1806.26,155015.2057
1679500800,1806.26,1810.93,1710.12,1716.84,401164.0069
1679515200,1716.84,1738.52,1710.3,1734.33,142610.0517
1679529600,1734.34,1745.0,1729.35,1737.21,60752.4725
1679544000,1737.22,1753.57,1730.17,1750.84,71880.2877
1679558400,1750.84,1759.0,1744.75,1754.8,60255.4377
1679572800,1754.79,1857.16,1741.33,1836.99,268839.0493
1679587200,1836.99,1841.15,1792.42,1820.84,198423.7519
1679601600,1820.85,1821.11,1802.55,1813.79,71910.1039
1679616000,1813.78,1818.99,1806.51,1812.34,57950.5969
1679630400,1812.35,1817.48,1803.12,1815.18,70413.3542
1679644800,1815.18,1816.61,1776.78,1789.52,96629.5041
1679659200,1789.51,1789.51,1753.0,1767.01,100702.7193
1679673600,1767.0,1770.01,1726.4,1763.86,147037.4262
1679688000,1763.86,1764.64,1728.47,1749.57,92036.541
1679702400,1749.57,1762.43,1746.48,1756.0,45288.2578
1679716800,1756.0,1759.11,1741.66,1747.25,55441.8245
1679731200,1747.26,1750.61,1736.05,1745.25,49331.5805
1679745600,1745.24,1763.23,1738.78,1754.93,64831.1853
1679760000,1754.93,1757.76,1715.19,1716.98,92021.7587
1679774400,1716.97,1743.92,1713.09,1741.88,48764.7675
1679788800,1741.88,1756.61,1739.31,1749.57,38121.9422
1679803200,1749.58,1755.72,1746.0,1752.55,27025.2643
1679817600,1752.55,1787.64,1749.8,1777.76,80137.6368
1679832000,1777.77,1801.0,1753.02,1762.81,124201.2827
1679846400,1762.81,1771.82,1754.33,1765.82,38243.2732
1679860800,1765.83,1783.7,1754.39,1773.88,47203.838
1679875200,1773.88,1780.48,1758.94,1765.0,52694.6673
1679889600,1765.01,1767.89,1746.57,1752.2,55380.2916
1679904000,1752.2,1770.2,1749.37,1765.42,45268.3924
1679918400,1765.42,1769.33,1686.13,1711.74,226262.4363
1679932800,1711.73,1732.0,1701.06,1704.58,117106.5535
1679947200,1704.59,1717.21,1696.29,1715.22,73851.1612
1679961600,1715.21,1726.94,1701.13,1711.65,64406.3708
1679976000,1711.65,1735.93,1709.53,1724.53,64638.3276
1679990400,1724.54,1754.48,1709.87,1745.48,85196.1305
1680004800,1745.48,1751.41,1730.02,1744.08,102091.5646
1680019200,1744.08,1795.73,1727.35,1785.85,155978.8309
1680033600,1785.84,1790.54,1762.0,1772.99,64200.1729
1680048000,1773.0,1788.99,1772.48,1778.07,63105.787
1680062400,1778.06,1818.0,1778.06,1804.86,126925.8954
1680076800,1804.85,1827.99,1799.66,1811.22,123599.5645
1680091200,1811.23,1816.42,1792.43,1807.68,100875.3854
1680105600,1807.67,1812.0,1791.88,1809.02,59627.0014
1680120000,1809.02,1809.6,1782.71,1793.07,62731.9635
1680134400,1793.06,1829.69,1766.5,1787.66,186718.9944
1680148800,1787.66,1813.27,1785.52,1806.47,78697.0663
1680163200,1806.46,1808.46,1793.4,1804.62,55929.3529
1680177600,1804.62,1805.88,1784.18,1789.42,90115.3684
1680192000,1789.41,1791.82,1763.0,1781.62,103564.6994
1680206400,1781.63,1800.0,1779.1,1793.61,64664.558
1680220800,1793.6,1817.99,1789.42,1803.22,76949.5233
1680235200,1803.23,1808.5,1777.91,1795.23,69473.6113
1680249600,1795.23,1799.72,1786.17,1792.89,58379.7379
1680264000,1792.9,1847.28,1790.56,1830.6,200463.5967
1680278400,1830.6,1834.64,1818.09,1829.22,80944.6188
1680292800,1829.23,1830.03,1813.95,1821.52,68314.3882
1680307200,1821.52,1842.83,1819.61,1825.99,50583.5026
1680321600,1825.99,1829.67,1812.12,1823.46,51855.7774
1680336000,1823.47,1828.66,1821.07,1824.04,44428.9687
1680350400,1824.04,1827.13,1814.22,1820.38,51049.1631
1680364800,1820.38,1824.33,1807.81,1814.76,44469.8734
1680379200,1814.76,1825.72,1814.47,1820.79,30517.6822
1680393600,1820.8,1823.61,1809.73,1817.68,37822.8585
1680408000,1817.68,1824.81,1813.42,1820.6,34491.2047
1680422400,1820.59,1823.66,1815.25,1817.42,34477.7432
1680436800,1817.42,1819.91,1789.1,1797.54,90323.3299
1680451200,1797.54,1803.92,1771.7,1781.75,70745.4606
1680465600,1781.75,1795.81,1777.35,1794.51,54262.3416
1680480000,1794.51,1794.56,1762.77,1778.34,85448.9177
1680494400,1778.33,1795.0,1772.54,1794.87,53070.1991
1680508800,1794.86,1817.5,1794.74,1807.69,103335.2198
1680523200,1807.69,1822.35,1788.64,1797.11,89894.216
1680537600,1797.12,1839.99,1791.4,1818.89,141159.7511
1680552000,1818.88,1819.86,1768.27,1810.51,155595.3582
1680566400,1810.51,1816.83,1802.01,1807.62,52200.18
1680580800,1807.61,1823.07,1803.17,1812.2,67070.1685
1680595200,1812.21,1875.0,1811.04,1864.91,206838.9972
1680609600,1864.9,1891.91,1851.95,1862.96,185460.2391
1680624000,1862.96,1873.74,1857.16,1868.92,59515.6084
1680638400,1868.92,1887.0,1859.21,1870.37,51123.4479
1680652800,1870.38,1925.0,1864.58,1912.37,135868.4296
1680667200,1912.37,1918.0,1907.19,1909.96,45967.9998
1680681600,1909.96,1921.7,1903.51,1914.56,55610.8643
1680696000,1914.56,1942.98,1882.31,1897.2,192505.1866
1680710400,1897.21,1918.0,1887.55,1909.19,80617.8353
1680724800,1909.18,1915.36,1903.0,1908.69,38025.1999
1680739200,1908.68,1909.91,1885.95,1898.88,62961.2326
1680753600,1898.87,1898.88,1876.54,1879.22,56845.6045
1680768000,1879.22,1885.5,1853.7,1868.68,93882.6832
1680782400,1868.68,1878.67,1854.66,1874.55,94411.9425
1680796800,1874.54,1882.99,1865.99,1871.29,53952.4454
1680811200,1871.3,1879.22,1860.0,1872.41,34187.527
1680825600,1872.41,1882.61,1866.0,1876.73,42006.657
1680840000,1876.73,1879.0,1841.46,1850.79,64554.7687
1680854400,1850.78,1859.2,1843.35,1849.35,59230.4396
1680868800,1849.35,1863.36,1842.7,1860.36,63311.6266
1680883200,1860.36,1861.91,1851.34,1854.72,24433.8402
1680897600,1854.72,1872.0,1851.23,1863.72,30719.1552
1680912000,1863.73,1872.21,1854.62,1868.27,41553.0597
1680926400,1868.27,1879.38,1864.02,1872.29,33882.382
1680940800,1872.3,1874.5,1865.5,1867.44,24243.0664
1680955200,1867.45,1871.22,1862.0,1866.89,27815.9926
1680969600,1866.89,1869.47,1847.33,1854.01,42315.771
1680984000,1854.01,1858.49,1847.0,1848.82,28095.269
1680998400,1848.82,1859.6,1846.97,1851.78,28168.7759
1681012800,1851.79,1855.62,1824.01,1835.49,69104.9312
1681027200,1835.49,1840.2,1827.04,1839.22,38814.6961
1681041600,1839.22,1845.53,1826.25,1837.04,48963.983
1681056000,1837.05,1866.75,1836.04,1856.39,52873.5958
1681070400,1856.39,1873.99,1852.72,1858.92,49205.3259
1681084800,1858.91,1863.46,1846.4,1857.97,43630.9572
1681099200,1857.97,1866.01,1853.62,1860.0,46796.8609
1681113600,1859.99,1862.73,1855.24,1858.0,37853.0514
1681128000,1857.99,1869.98,1847.18,1861.3,63729.5943
1681142400,1861.3,1904.99,1857.72,1888.73,162225.6051
1681156800,1888.74,1918.79,1878.16,1910.2,80503.7295
1681171200,1910.21,1937.37,1907.82,1923.22,101017.0054
1681185600,1923.22,1926.71,1906.25,1921.74,50406.3989
1681200000,1921.73,1922.99,1910.26,1915.5,42710.6506
1681214400,1915.51,1922.91,1904.0,1913.64,68745.7254
1681228800,1913.63,1917.0,1891.2,1894.19,78023.9367
1681243200,1894.18,1897.2,1881.11,1889.86,64299.7722
1681257600,1889.86,1897.13,1852.65,1862.79,104250.2586
1681272000,1862.78,1875.76,1860.32,1870.29,49509.1131
1681286400,1870.3,1874.22,1864.04,1872.68,43255.2642
1681300800,1872.67,1933.0,1867.05,1912.19,276763.2975
1681315200,1912.18,1919.45,1893.35,1901.32,80899.4694
1681329600,1901.31,1930.37,1900.12,1917.39,76167.0158
1681344000,1917.4,1920.76,1899.55,1912.43,69481.4198
1681358400,1912.43,1925.98,1907.7,1922.01,65942.483
1681372800,1922.01,1996.1,1919.65,1985.4,252280.3456
1681387200,1985.39,2008.39,1985.39,1997.15,148204.115
1681401600,1997.15,2023.0,1991.09,2011.28,86804.1937
1681416000,2011.29,2017.02,2000.78,2012.01,53451.9617
1681430400,2012.0,2128.76,2009.22,2109.0,273261.4088
1681444800,2109.0,2124.52,2102.59,2105.85,117591.6602
1681459200,2105.84,2119.89,2101.32,2115.62,78460.4705
1681473600,2115.62,2125.0,2049.87,2058.34,201605.7213
1681488000,2058.34,2092.54,2042.08,2090.81,144295.889
1681502400,2090.8,2121.47,2085.45,2099.99,81092.2436
1681516800,2099.99,2106.11,2071.13,2088.88,75992.5401
1681531200,2088.87,2105.0,2081.6,2097.62,35611.8122
1681545600,2097.63,2111.85,2092.77,2100.19,53284.9053
1681560000,2100.18,2108.01,2092.93,2097.98,49744.3287
1681574400,2097.97,2108.98,2082.75,2100.0,64731.5038
1681588800,2100.01,2102.67,2082.01,2090.6,42458.695
1681603200,2090.61,2095.32,2072.72,2086.13,38621.5399
1681617600,2086.14,2102.6,2085.64,2098.0,31125.2161
1681632000,2097.99,2099.67,2082.64,2086.43,37787.6112
1681646400,2086.43,2098.49,2076.02,2093.8,47058.4954
1681660800,2093.8,2141.54,2088.54,2114.66,98778.1246
1681675200,2114.66,2131.77,2097.01,2118.67,66509.4521
1681689600,2118.66,2120.51,2072.0,2096.9,103325.6559
1681704000,2096.89,2102.36,2088.83,2090.08,44453.0795
1681718400,2090.07,2099.01,2065.94,2076.5,73266.2335
1681732800,2076.5,2082.58,2056.25,2071.45,119080.9917
1681747200,2071.46,2088.73,2070.41,2078.14,53739.773
1681761600,2078.15,2083.75,2067.0,2074.0,33106.9735
1681776000,2073.99,2084.68,2051.0,2079.69,56756.0986
1681790400,2079.7,2110.61,2077.78,2100.28,68960.8987
1681804800,2100.28,2125.0,2094.18,2117.8,74110.1437
1681819200,2117.8,2120.98,2088.12,2095.5,87550.8429
1681833600,2095.49,2100.51,2069.91,2081.02,82196.1476
1681848000,2081.01,2107.96,2074.16,2103.5,44670.482
1681862400,2103.51,2104.6,2087.3,2091.46,34597.5523
1681876800,2091.46,2092.36,2065.15,2073.91,64789.245
1681891200,2073.91,2073.92,1962.06,1981.44,316144.5067
1681905600,1981.45,2007.2,1969.34,1983.41,153884.0932
1681920000,1983.41,1991.42,1964.84,1980.54,77087.4276
1681934400,1980.54,1987.99,1923.03,1933.73,128886.2354
1681948800,1933.74,1954.48,1923.69,1949.71,105454.6663
1681963200,1949.71,1964.56,1947.46,1948.81,67530.6669
1681977600,1948.81,1962.88,1937.68,1939.97,80533.7503
1681992000,1939.97,1982.99,1936.04,1945.91,157477.7757
1682006400,1945.92,1955.5,1914.43,1927.7,154309.8302
1682020800,1927.7,1955.02,1923.06,1942.98,60029.5601
1682035200,1942.98,1957.27,1934.5,1945.81,55948.8616
1682049600,1945.82,1947.51,1898.0,1928.44,146683.8845
1682064000,1928.44,1934.22,1902.25,1909.01,81268.3853
1682078400,1909.01,1923.61,1890.6,1903.91,118773.9304
1682092800,1903.91,1908.6,1836.61,1842.7,190049.7732
1682107200,1842.69,1855.02,1825.0,1848.78,96151.7836
1682121600,1848.77,1862.74,1846.0,1859.73,50923.5853
1682136000,1859.73,1865.15,1848.09,1850.8,61697.9187
1682150400,1850.8,1854.79,1841.64,1852.09,39087.5772
1682164800,1852.1,1872.13,1845.91,1866.81,65492.1127
1682179200,1866.81,1887.31,1865.9,1872.04,72047.0079
1682193600,1872.05,1879.37,1864.13,1874.16,41759.3861
1682208000,1874.17,1874.17,1846.45,1861.8,75665.0043
1682222400,1861.8,1876.65,1859.56,1874.3,38623.9503
1682236800,1874.29,1877.0,1863.18,1874.45,45682.9817
1682251200,1874.45,1882.01,1852.08,1859.31,64046.1545
1682265600,1859.32,1872.69,1836.37,1846.49,74923.5526
1682280000,1846.49,1868.16,1838.03,1862.0,45572.701
1682294400,1862.01,1890.0,1850.46,1868.12,65264.8694
1682308800,1868.12,1868.4,1827.23,1845.69,68211.0299
1682323200,1845.7,1855.57,1831.19,1855.26,78928.4399
1682337600,1855.26,1876.19,1830.0,1834.17,99664.1152
1682352000,1834.18,1847.62,1806.0,1831.33,101408.6325
1682366400,1831.32,1845.66,1827.77,1841.84,34386.9648
1682380800,1841.84,1851.64,1827.01,1830.23,41772.4078
1682395200,1830.22,1836.51,1812.28,1815.63,60582.7725
1682409600,1815.63,1829.56,1805.65,1826.03,82561.3736
1682424000,1826.03,1833.32,1801.66,1814.99,90279.1809
1682438400,1815.0,1847.61,1812.62,1837.66,85011.9345
1682452800,1837.66,1877.86,1837.04,1866.1,97662.9354
1682467200,1866.1,1884.36,1861.83,1862.8,85246.1539
1682481600,1862.79,1878.63,1858.25,1861.84,45394.3051
1682496000,1861.83,1920.16,1861.76,1914.58,187099.4416
1682510400,1914.58,1964.72,1914.13,1953.91,184467.1953
1682524800,1953.92,1960.31,1818.56,1828.74,202468.6328
1682539200,1828.74,1883.37,1785.0,1866.01,193034.0011
1682553600,1866.01,1940.96,1861.19,1898.41,216385.0595
1682568000,1898.42,1918.68,1871.14,1885.1,110515.011
1682582400,1885.1,1894.76,1875.04,1880.92,72358.0599
1682596800,1880.93,1916.75,1861.85,1900.19,144397.7559
1682611200,1900.2,1937.77,1889.99,1922.44,122385.8022
1682625600,1922.44,1930.0,1893.12,1908.68,61431.2581
1682640000,1908.68,1915.0,1902.16,1905.41,52389.1765
1682654400,1905.41,1923.88,1904.4,1919.08,59188.3659
1682668800,1919.07,1919.52,1895.02,1902.33,53927.0947
1682683200,1902.33,1915.31,1873.94,1886.8,136056.0646
1682697600,1886.8,1905.15,1883.21,1892.36,59311.4806
1682712000,1892.36,1900.78,1887.08,1890.94,26758.5968
1682726400,1890.93,1898.04,1886.11,1896.2,26585.2453
1682740800,1896.2,1904.51,1896.2,1902.18,27198.4058
1682755200,1902.19,1903.74,1893.33,1897.95,23839.6519
1682769600,1897.95,1918.0,1896.6,1905.54,45490.6712
1682784000,1905.54,1907.56,1883.05,1903.09,38648.2119
1682798400,1903.1,1909.37,1897.79,1907.8,20283.9545
1682812800,1907.79,1907.8,1893.0,1896.25,22112.9507
1682827200,1896.25,1905.62,1893.0,1903.06,19552.0822
1682841600,1903.06,1913.37,1899.36,1900.79,40510.1807
1682856000,1900.78,1939.0,1897.66,1920.01,99570.4643
1682870400,1920.0,1934.2,1892.97,1904.83,90747.7131
1682884800,1904.83,1904.83,1866.16,1870.09,82843.0978
1682899200,1870.08,1886.49,1823.0,1846.58,117483.7492
1682913600,1846.59,1854.4,1833.99,1849.68,45418.6484
1682928000,1849.69,1853.68,1840.96,1845.37,37201.9858
1682942400,1845.36,1852.08,1826.77,1833.66,90806.1351
1682956800,1833.65,1842.22,1808.01,1812.97,95705.8669
1682971200,1812.97,1833.46,1806.12,1830.73,58902.7925
1682985600,1830.73,1837.73,1822.94,1830.66,43750.6475
1683000000,1830.66,1841.26,1824.19,1835.68,34703.5209
1683014400,1835.68,1839.44,1825.8,1833.57,38912.361
1683028800,1833.56,1868.9,1824.25,1858.8,146315.4704
1683043200,1858.8,1881.87,1853.2,1868.37,71482.3951
1683057600,1868.37,1876.8,1867.28,1870.08,38588.8078
1683072000,1870.09,1870.84,1853.78,1862.66,36358.5957
1683086400,1862.67,1869.73,1857.37,1865.19,31956.14
1683100800,1865.2,1872.39,1858.53,1859.32,39304.0853
1683115200,1859.32,1862.89,1842.64,1853.31,85845.7924
1683129600,1853.32,1894.45,1850.9,1868.01,166381.3955
1683144000,1868.02,1916.52,1858.11,1905.12,105339.2412
1683158400,1905.12,1908.21,1895.68,1903.65,45952.8773
1683172800,1903.66,1905.55,1896.16,1898.4,41192.0828
1683187200,1898.4,1918.26,1896.4,1904.67,52437.3722
1683201600,1904.67,1908.2,1876.99,1885.66,116052.8647
1683216000,1885.66,1891.33,1866.71,1876.65,71177.1073
1683230400,1876.66,1879.6,1869.75,1877.07,27716.3101
1683244800,1877.07,1909.0,1875.65,1896.58,64586.8312
1683259200,1896.58,1907.22,1892.72,1895.1,43789.4881
1683273600,1895.1,1914.56,1894.4,1911.2,44696.8554
1683288000,1911.19,1956.04,1888.0,1953.34,189206.3739
1683302400,1953.34,1998.36,1953.34,1990.97,159923.8299
1683316800,1990.97,1996.97,1984.24,1993.3,44405.4965
1683331200,1993.3,2019.0,1963.02,1970.34,113857.9453
1683345600,1970.33,1972.36,1955.66,1958.92,53524.4821
1683360000,1958.91,1958.92,1921.25,1934.31,103372.0837
1683374400,1934.32,1934.6,1860.0,1877.32,211309.3425
1683388800,1877.32,1907.0,1875.89,1897.93,85277.6411
1683403200,1897.94,1899.54,1884.49,1896.33,40765.4968
1683417600,1896.33,1918.6,1887.45,1892.87,72216.5622
1683432000,1892.87,1908.74,1890.0,1905.56,44070.3169
1683446400,1905.55,1915.24,1895.66,1902.28,52251.9317
1683460800,1902.29,1933.33,1902.28,1916.93,88385.0252
1683475200,1916.93,1923.38,1903.38,1912.93,60723.806
1683489600,1912.93,1921.48,1867.59,1870.4,95621.1937
1683504000,1870.41,1883.97,1840.0,1865.39,142610.8508
1683518400,1865.38,1869.62,1838.34,1851.43,76680.0505
1683532800,1851.43,1865.51,1835.0,1862.78,91755.165
1683547200,1862.79,1876.99,1847.53,1864.69,102333.5843
1683561600,1864.68,1867.03,1810.73,1829.0,161502.0648
1683576000,1829.0,1849.55,1826.48,1847.56,50434.9014
1683590400,1847.55,1856.99,1837.09,1843.57,41716.2859
1683604800,1843.58,1850.79,1830.99,1848.62,52748.5857
1683619200,1848.61,1849.5,1834.06,1846.76,42045.2437
1683633600,1846.76,1854.59,1834.22,1839.49,73135.229
1683648000,1839.49,1858.0,1836.0,1852.43,60186.0846
1683662400,1852.44,1861.88,1841.33,1846.52,34564.7571
1683676800,1846.53,1858.92,1841.68,1843.73,48379.4298
1683691200,1843.72,1848.79,1834.23,1838.29,38943.0035
1683705600,1838.29,1851.0,1834.67,1850.49,41625.8224
1683720000,1850.5,1887.47,1846.84,1872.84,179357.8325
1683734400,1872.84,1880.0,1790.51,1849.4,244332.5204
1683748800,1849.41,1862.99,1826.84,1840.84,87294.7769
1683763200,1840.83,1842.02,1821.35,1827.61,66943.032
1683777600,1827.61,1835.36,1824.83,1829.41,46819.3798
1683792000,1829.41,1829.42,1808.0,1820.84,78168.1201
1683806400,1820.83,1839.0,1785.5,1807.7,155430.93
1683820800,1807.7,1810.48,1772.68,1784.46,127252.1146
1683835200,1784.47,1801.2,1782.39,1794.3,47482.496
1683849600,1794.31,1801.99,1758.21,1763.25,80804.0446
1683864000,1763.25,1770.03,1740.0,1759.47,146342.5061
1683878400,1759.48,1771.87,1755.29,1764.86,58603.2783
1683892800,1764.86,1783.23,1761.08,1765.55,75231.1442
1683907200,1765.54,1794.96,1742.69,1790.01,104492.2131
1683921600,1790.0,1818.63,1781.31,1807.45,100066.6446
1683936000,1807.45,1817.03,1801.16,1805.61,41245.3238
1683950400,1805.62,1806.84,1796.8,1802.98,30365.3283
1683964800,1802.98,1811.46,1801.24,1803.78,29164.0211
1683979200,1803.79,1809.91,1785.23,1795.9,46713.5684
1683993600,1795.91,1806.45,1786.12,1792.83,40715.0401
1684008000,1792.84,1804.89,1792.38,1795.11,24692.1556
1684022400,1795.12,1805.8,1789.82,1803.89,30429.6592
1684036800,1803.88,1809.84,1800.94,1805.21,26312.1389
1684051200,1805.21,1806.79,1799.91,1802.05,20055.3376
1684065600,1802.04,1824.0,1797.5,1819.05,59990.3235
1684080000,1819.06,1821.87,1792.4,1796.32,52934.1708
1684094400,1796.32,1802.41,1791.45,1799.21,28379.4677
1684108800,1799.2,1835.85,1785.05,1826.09,119395.323
1684123200,1826.1,1834.47,1819.21,1828.72,68539.0042
1684137600,1828.73,1836.06,1823.87,1824.39,35864.5256
1684152000,1824.39,1836.28,1812.97,1827.84,56150.2437
1684166400,1827.85,1846.7,1823.73,1828.74,77431.6616
1684180800,1828.74,1829.75,1813.0,1816.2,30791.168
1684195200,1816.21,1822.69,1796.2,1813.53,79138.1203
1684209600,1813.53,1823.61,1806.03,1822.68,44649.4695
1684224000,1822.68,1827.18,1811.67,1816.53,41678.3576
1684238400,1816.54,1823.24,1810.0,1820.2,59329.2776
1684252800,1820.2,1832.64,1814.34,1816.8,57312.2353
1684267200,1816.79,1829.34,1814.84,1824.21,29131.2183
1684281600,1824.21,1837.5,1817.71,1823.82,39572.8478
1684296000,1823.81,1826.69,1803.33,1807.75,40828.3297
1684310400,1807.74,1808.56,1788.1,1790.2,81382.9367
1684324800,1790.2,1800.35,1783.68,1797.24,61359.8798
1684339200,1797.24,1833.93,1794.68,1828.1,88023.8702
1684353600,1828.11,1835.37,1819.26,1822.12,40930.1271
1684368000,1822.12,1827.82,1818.28,1826.59,28953.3886
1684382400,1826.58,1831.92,1814.92,1827.1,34841.0183
1684396800,1827.1,1830.0,1823.24,1825.43,26110.8602
1684411200,1825.44,1827.18,1805.11,1807.99,58850.6413
1684425600,1807.99,1812.7,1771.12,1795.2,95554.8665
1684440000,1795.2,1821.36,1793.57,1800.56,49444.5361
1684454400,1800.56,1807.59,1796.81,1801.35,30749.276
1684468800,1801.35,1810.53,1799.13,1805.62,31175.6051
1684483200,1805.61,1811.87,1804.99,1807.5,31445.1914
1684497600,1807.5,1829.54,1800.81,1815.45,94220.3595
1684512000,1815.46,1822.87,1806.97,1811.44,41704.5359
1684526400,1811.44,1815.82,1809.41,1812.32,13821.4997
1684540800,1812.31,1813.7,1807.06,1813.43,15922.0207
1684555200,1813.43,1813.94,1808.41,1811.19,15035.3496
1684569600,1811.18,1815.99,1811.18,1813.39,17593.5419
1684584000,1813.38,1820.77,1812.69,1817.5,27075.7556
1684598400,1817.5,1828.87,1813.5,1821.33,35215.9291
1684612800,1821.33,1822.66,1812.07,1819.42,16911.838
1684627200,1819.42,1828.98,1816.78,1817.88,24427.0042
1684641600,1817.87,1818.13,1813.51,1817.0,17336.6135
1684656000,1816.99,1817.36,1806.54,1809.48,32181.4645
1684670400,1809.49,1817.76,1802.58,1807.33,32606.3449
1684684800,1807.34,1810.53,1802.37,1810.08,23518.069
1684699200,1810.07,1811.72,1797.21,1804.91,31448.3092
1684713600,1804.91,1806.76,1792.01,1800.98,39626.5192
1684728000,1800.98,1815.0,1800.78,1811.19,27513.1781
1684742400,1811.19,1820.17,1810.7,1814.32,37381.1985
1684756800,1814.32,1828.27,1808.54,1816.64,65449.079
1684771200,1816.64,1823.44,1813.46,1816.4,44690.7857
1684785600,1816.4,1825.17,1813.33,1817.35,22838.1818
1684800000,1817.36,1872.5,1815.24,1866.0,168539.2977
1684814400,1866.01,1869.01,1846.01,1854.05,65686.504
1684828800,1854.06,1858.32,1849.62,1854.97,37027.8713
1684843200,1854.97,1860.61,1842.37,1856.92,59328.5032
1684857600,1856.92,1857.55,1842.0,1851.52,41082.6917
1684872000,1851.52,1857.14,1846.33,1854.05,25204.7418
1684886400,1854.06,1854.09,1812.13,1821.95,69556.3537
1684900800,1821.94,1828.66,1813.82,1814.07,82839.002
1684915200,1814.07,1821.15,1811.0,1816.01,38147.2975
1684929600,1816.02,1818.27,1777.6,1793.35,137311.7887
1684944000,1793.36,1798.63,1785.0,1792.79,49413.4321
1684958400,1792.79,1809.29,1791.8,1799.89,43578.2705
1684972800,1799.89,1807.33,1761.41,1781.27,102891.9865
1684987200,1781.28,1787.52,1774.45,1778.68,37945.4766
1685001600,1778.68,1792.55,1778.68,1789.65,31079.1921
1685016000,1789.66,1812.76,1786.71,1791.56,84720.7002
1685030400,1791.56,1818.81,1791.36,1808.82,67925.2019
1685044800,1808.82,1813.76,1805.39,1805.6,26070.4516
1685059200,1805.61,1808.98,1796.99,1807.41,34854.2847
1685073600,1807.41,1817.72,1802.0,1816.71,39571.9437
1685088000,1816.7,1818.52,1811.11,1812.26,34399.6604
1685102400,1812.26,1838.2,1809.03,1830.84,103700.4686
1685116800,1830.83,1837.0,1822.49,1835.55,45307.1952
1685131200,1835.56,1837.79,1826.18,1827.79,17857.1328
1685145600,1827.8,1836.12,1825.01,1834.25,28641.3012
1685160000,1834.24,1835.45,1828.2,1829.76,20978.2514
1685174400,1829.77,1830.18,1822.45,1826.83,25103.3104
1685188800,1826.83,1832.0,1812.18,1823.6,28284.7986
1685203200,1823.6,1829.2,1817.25,1826.03,20411.7008
1685217600,1826.04,1832.06,1824.41,1829.89,15405.5782
1685232000,1829.89,1859.5,1823.6,1850.71,74735.1228
1685246400,1850.71,1859.0,1845.29,1847.79,57161.3828
1685260800,1847.8,1851.79,1843.21,1843.5,26578.031
1685275200,1843.51,1845.21,1836.69,1843.74,27261.3315
1685289600,1843.74,1858.93,1839.21,1848.77,57016.6208
1685304000,1848.77,1918.65,1848.76,1908.64,135639.9482
1685318400,1908.64,1927.62,1901.21,1903.77,99834.7525
1685332800,1903.78,1905.92,1893.0,1899.85,61632.1943
1685347200,1899.85,1905.3,1893.92,1903.26,35471.9432
1685361600,1903.26,1905.14,1885.0,1889.41,43276.392
1685376000,1889.41,1895.76,1873.65,1891.2,47797.3741
1685390400,1891.19,1903.0,1886.02,1892.6,25580.8381
1685404800,1892.6,1912.55,1881.19,1900.66,39822.0842
1685419200,1900.67,1905.0,1892.72,1898.23,33934.6206
1685433600,1898.22,1917.0,1898.22,1915.4,46926.7615
1685448000,1915.4,1915.7,1894.11,1900.56,72165.522
1685462400,1900.56,1912.64,1891.33,1907.32,47369.5726
1685476800,1907.33,1914.78,1897.35,1900.59,32447.2793
1685491200,1900.58,1907.13,1884.29,1897.71,36406.3048
1685505600,1897.71,1898.53,1857.67,1869.31,105784.1267
1685520000,1869.3,1873.46,1862.2,1865.19,38102.037
1685534400,1865.2,1875.02,1846.95,1857.94,74464.889
1685548800,1857.95,1869.75,1854.28,1863.63,37383.4737
1685563200,1863.63,1878.14,1861.48,1873.63,27114.7369
1685577600,1873.63,1889.2,1840.0,1855.5,85904.402
1685592000,1855.5,1860.38,1851.4,1854.21,29030.7844
1685606400,1854.22,1865.96,1852.02,1861.5,24114.6889
1685620800,1861.5,1866.56,1855.68,1863.36,39559.3433
1685635200,1863.36,1882.86,1857.02,1869.27,60378.5131
1685649600,1869.28,1873.6,1852.66,1861.78,31508.878
1685664000,1861.78,1880.62,1847.51,1878.64,54178.4897
1685678400,1878.64,1897.4,1875.68,1885.65,60738.6282
1685692800,1885.64,1900.64,1885.64,1894.96,44493.7855
1685707200,1894.95,1899.0,1876.65,1892.0,72235.5705
1685721600,1892.01,1910.0,1887.05,1907.6,57041.4152
1685736000,1907.61,1910.0,1902.62,1906.68,24316.1767
1685750400,1906.69,1907.92,1897.42,1899.84,29463.7252
1685764800,1899.84,1905.66,1897.44,1902.71,20066.9098
1685779200,1902.72,1906.7,1899.0,1903.72,22443.7151
1685793600,1903.72,1906.61,1891.23,1903.18,27153.3586
1685808000,1903.19,1903.71,1882.33,1886.14,32671.0887
1685822400,1886.13,1892.43,1881.6,1892.06,17019.4453
1685836800,1892.05,1895.03,1884.22,1894.09,16525.8666
1685851200,1894.09,1901.36,1890.87,1900.21,17871.4671
1685865600,1900.21,1908.61,1898.61,1903.08,21792.4081
1685880000,1903.07,1914.63,1900.0,1901.76,39093.7827
1685894400,1901.76,1905.62,1896.17,1904.66,21097.5451
1685908800,1904.66,1912.89,1885.0,1890.01,56301.9423
1685923200,1890.0,1890.63,1866.62,1869.65,69953.3202
1685937600,1869.64,1873.4,1861.76,1873.4,31988.9389
1685952000,1873.4,1873.81,1862.94,1869.51,31604.8418
1685966400,1869.5,1871.2,1820.29,1820.6,122972.3276
1685980800,1820.69,1823.9,1778.0,1806.49,244006.8812
1685995200,1806.5,1815.88,1793.01,1810.5,54834.9586
1686009600,1810.49,1813.76,1803.15,1811.8,36961.6506
1686024000,1811.8,1819.18,1811.17,1813.35,28828.9585
1686038400,1813.35,1822.6,1809.19,1813.32,33045.0498
1686052800,1813.33,1846.48,1797.18,1842.22,145517.5404
1686067200,1842.22,1898.29,1842.21,1891.82,145853.5795
1686081600,1891.82,1895.5,1874.15,1884.64,101200.4386
1686096000,1884.65,1897.8,1871.59,1877.48,66167.9314
1686110400,1877.47,1883.76,1874.62,1875.05,35424.0638
1686124800,1875.05,1878.09,1842.57,1870.23,86390.6974
1686139200,1870.23,1870.84,1835.13,1839.0,101617.5167
1686153600,1839.0,1852.5,1832.71,1850.36,77067.4355
1686168000,1850.37,1851.0,1821.18,1832.13,62529.0616
1686182400,1832.12,1841.45,1828.31,1834.96,28187.8064
1686196800,1834.97,1846.05,1833.0,1842.0,28535.9837
1686211200,1842.0,1848.99,1838.19,1843.8,25074.6428
1686225600,1843.79,1861.28,1837.86,1855.66,63069.2146
1686240000,1855.67,1856.24,1841.35,1847.73,25927.2378
1686254400,1847.73,1854.0,1844.92,1845.64,18475.6
1686268800,1845.65,1849.02,1827.0,1838.23,43969.5148
1686283200,1838.22,1842.0,1831.25,1836.37,23561.6549
1686297600,1836.37,1847.42,1834.52,1843.79,29228.24
1686312000,1843.79,1855.0,1839.75,1841.71,49696.4165
1686326400,1841.71,1843.45,1830.37,1830.86,30368.3615
1686340800,1830.86,1841.15,1828.03,1840.37,21500.1375
1686355200,1840.37,1844.99,1822.13,1827.17,50640.2301
1686369600,1827.17,1829.84,1724.43,1731.78,310231.9675
1686384000,1731.79,1749.56,1715.03,1747.95,101456.4331
1686398400,1747.95,1747.96,1732.85,1737.39,41864.4356
1686412800,1737.39,1773.03,1718.5,1744.48,119236.9659
1686427200,1744.48,1757.58,1738.59,1751.53,28894.6373
1686441600,1751.52,1752.46,1743.64,1751.55,30997.0605
1686456000,1751.55,1759.76,1743.88,1752.92,26141.8363
1686470400,1752.92,1755.54,1745.15,1752.13,25102.8579
1686484800,1752.14,1752.39,1738.72,1740.8,33875.0287
1686499200,1740.8,1768.26,1739.76,1762.27,49706.6513
1686513600,1762.27,1778.25,1741.64,1752.76,54132.8087
1686528000,1752.77,1755.35,1720.11,1735.76,70840.0702
1686542400,1735.76,1748.0,1732.77,1736.7,33548.1957
1686556800,1736.7,1759.33,1734.28,1745.6,54970.7252
1686571200,1745.61,1747.25,1728.88,1731.87,52845.906
1686585600,1731.86,1747.16,1720.0,1733.14,65402.1042
1686600000,1733.15,1746.46,1730.22,1742.57,24525.4806
1686614400,1742.57,1756.0,1728.43,1747.37,49910.0766
1686628800,1747.38,1753.26,1741.13,1748.27,21230.727
1686643200,1748.28,1759.65,1746.32,1753.81,40038.3523
1686657600,1753.8,1770.13,1724.22,1730.18,120003.5116
1686672000,1730.17,1750.85,1729.21,1740.31,32821.2772
1686686400,1740.31,1744.41,1733.36,1740.12,20264.0571
1686700800,1740.12,1748.45,1738.26,1746.12,21088.1473
1686715200,1746.11,1747.05,1737.0,1741.29,22773.5115
1686729600,1741.28,1750.03,1740.9,1745.96,24121.4579
1686744000,1745.96,1749.3,1737.38,1741.05,29973.2817
1686758400,1741.04,1747.31,1720.01,1728.33,78982.7026
1686772800,1728.34,1728.98,1630.43,1650.95,238908.226
1686787200,1650.95,1656.59,1643.73,1652.0,42833.9022
1686801600,1652.0,1653.51,1632.04,1639.95,68703.7038
1686816000,1639.96,1645.16,1626.01,1643.05,76581.5059
1686830400,1643.05,1652.14,1635.91,1642.42,54802.0459
1686844800,1642.42,1672.37,1633.79,1668.97,69902.4764
1686859200,1668.97,1680.91,1654.32,1666.96,57951.1354
1686873600,1666.96,1669.54,1660.0,1667.11,24990.3622
1686888000,1667.1,1675.0,1666.76,1671.08,34842.0621
1686902400,1671.08,1677.13,1662.97,1664.42,34464.8078
1686916800,1664.43,1688.0,1649.86,1682.31,82802.0254
1686931200,1682.32,1729.5,1677.56,1722.19,108494.3847
1686945600,1722.18,1729.0,1715.93,1717.92,26140.9482
1686960000,1717.91,1721.88,1714.26,1718.74,19310.3829
1686974400,1718.75,1770.0,1717.53,1744.63,93952.3364
1686988800,1744.62,1747.45,1734.1,1738.41,24200.4981
1687003200,1738.4,1742.22,1717.92,1727.88,37202.7411
1687017600,1727.88,1732.47,1721.65,1728.39,22321.2303
1687032000,1728.39,1732.67,1723.09,1727.76,13927.7328
1687046400,1727.75,1730.2,1720.47,1728.89,16287.0552
1687060800,1728.9,1738.32,1722.43,1730.14,24918.3151
1687075200,1730.14,1735.38,1725.78,1734.44,15884.4653
1687089600,1734.45,1742.21,1730.2,1738.11,21925.9236
1687104000,1738.12,1747.84,1736.22,1741.33,26340.0508
1687118400,1741.34,1743.67,1712.0,1720.95,51179.2028
1687132800,1720.95,1728.2,1714.32,1723.52,21220.3523
1687147200,1723.52,1727.58,1720.0,1724.49,13336.1849
1687161600,1724.48,1727.21,1720.05,1725.87,20541.0377
1687176000,1725.87,1734.04,1715.69,1721.45,42485.2381
1687190400,1721.45,1752.19,1698.0,1724.24,117978.2068
1687204800,1724.25,1737.99,1722.79,1737.11,29601.7391
1687219200,1737.1,1749.79,1730.0,1730.74,36594.6903
1687233600,1730.75,1734.63,1723.66,1729.99,23182.0441
1687248000,1729.98,1734.59,1724.1,1734.39,22974.6409
1687262400,1734.39,1738.49,1714.72,1732.48,39461.9007
1687276800,1732.49,1791.88,1728.39,1782.1,141810.2991
1687291200,1782.09,1796.99,1774.14,1791.99,64832.1095
1687305600,1791.99,1828.26,1787.38,1811.38,94834.4444
1687320000,1811.39,1823.58,1808.08,1813.08,56253.0522
1687334400,1813.07,1833.44,1807.4,1829.65,57276.854
1687348800,1829.65,1856.89,1815.05,1849.81,165135.5261
1687363200,1849.81,1900.0,1846.88,1882.35,168789.6407
1687377600,1882.35,1901.0,1872.03,1889.11,71466.3695
1687392000,1889.1,1933.17,1883.8,1918.45,113895.9015
1687406400,1918.45,1919.5,1902.83,1910.79,47550.6177
1687420800,1910.79,1912.32,1881.43,1886.76,74885.7341
1687435200,1886.76,1909.4,1865.98,1877.25,100035.2405
1687449600,1877.24,1892.46,1875.47,1889.6,45457.7931
1687464000,1889.6,1891.4,1867.07,1872.01,34889.285
1687478400,1872.0,1883.61,1862.56,1881.75,38144.057
1687492800,1881.74,1886.45,1874.8,1880.44,25303.0622
1687507200,1880.44,1888.69,1874.64,1879.76,34861.9925
1687521600,1879.75,1922.16,1861.01,1917.61,124046.6447
1687536000,1917.61,1936.42,1886.01,1900.82,132470.7116
1687550400,1900.83,1908.01,1876.0,1892.63,46321.4644
1687564800,1892.63,1896.55,1878.15,1894.0,35282.2504
1687579200,1894.01,1897.86,1882.2,1883.04,26513.8546
1687593600,1883.04,1893.08,1882.27,1890.49,25201.3843
1687608000,1890.48,1906.0,1868.43,1874.3,68530.746
1687622400,1874.31,1889.22,1867.2,1888.0,39590.9898
1687636800,1887.99,1888.0,1864.77,1874.96,31791.069
1687651200,1874.95,1896.69,1868.83,1895.08,41710.745
1687665600,1895.14,1930.0,1895.14,1911.81,94099.6922
1687680000,1911.81,1924.51,1907.49,1918.37,52799.9087
1687694400,1918.37,1919.57,1881.47,1886.51,79607.6556
1687708800,1886.51,1895.51,1881.56,1894.6,38513.1659
1687723200,1894.6,1906.3,1888.37,1898.8,32026.4484
1687737600,1898.8,1904.26,1866.0,1880.46,73479.3543
1687752000,1880.46,1904.76,1871.04,1892.32,47888.7227
1687766400,1892.32,1893.95,1872.38,1880.87,66571.0777
1687780800,1880.87,1909.1,1871.01,1889.32,94403.9806
1687795200,1889.33,1890.69,1837.18,1854.1,140563.8432
1687809600,1854.1,1860.42,1847.02,1858.97,35836.8825
1687824000,1858.97,1878.93,1855.19,1872.15,51548.1044
1687838400,1872.16,1879.2,1862.01,1875.58,37550.2836
1687852800,1875.59,1890.51,1871.61,1881.53,52245.1205
1687867200,1881.53,1896.55,1863.6,1871.6,74590.0385
1687881600,1871.6,1912.53,1869.62,1894.39,119376.1212
1687896000,1894.4,1897.39,1885.13,1889.58,31324.9025
1687910400,1889.58,1890.19,1853.7,1866.46,82712.545
1687924800,1866.46,1870.0,1848.58,1851.0,53354.3894
1687939200,1851.0,1865.2,1850.24,1861.1,30275.4003
1687953600,1861.1,1868.41,1845.06,1859.6,57396.5458
1687968000,1859.6,1864.86,1816.56,1832.45,75349.1623
1687982400,1832.46,1837.02,1825.08,1828.02,38748.5364
1687996800,1828.03,1843.08,1827.84,1838.04,24108.5426
1688011200,1838.04,1850.55,1836.57,1847.45,23524.698
1688025600,1847.45,1872.84,1846.74,1869.6,63671.9842
1688040000,1869.59,1880.0,1847.01,1851.79,73404.5558
1688054400,1851.79,1860.0,1841.38,1857.48,33223.9362
1688068800,1857.48,1859.5,1842.98,1851.99,23911.1113
1688083200,1851.99,1879.0,1841.5,1873.34,53052.3556
1688097600,1873.35,1907.99,1869.55,1887.8,104594.5161
1688112000,1887.81,1894.38,1883.44,1891.1,52089.9317
1688126400,1891.1,1913.4,1825.01,1852.32,214523.0022
1688140800,1852.32,1948.6,1849.0,1926.32,245744.2962
1688155200,1926.32,1943.68,1918.66,1933.79,46534.0017
1688169600,1933.8,1944.56,1917.28,1920.16,52121.6969
1688184000,1920.15,1922.17,1909.44,1920.05,30400.8357
1688198400,1920.04,1926.87,1911.6,1922.55,31289.1475
1688212800,1922.56,1929.87,1917.5,1922.63,33569.8465
1688227200,1922.63,1924.2,1916.6,1922.6,18792.3057
1688241600,1922.6,1927.32,1920.63,1924.5,12199.5365
1688256000,1924.5,1926.7,1911.26,1913.91,31697.9657
1688270400,1913.91,1916.77,1910.06,1914.97,20181.1865
1688284800,1914.96,1922.4,1911.83,1919.99,22339.8549
1688299200,1919.99,1927.61,1885.75,1918.61,56795.2302
1688313600,1918.6,1924.2,1901.61,1914.12,33504.3544
1688328000,1914.12,1959.2,1911.26,1937.48,91334.1915
1688342400,1937.49,1953.5,1933.55,1949.01,39170.5758
1688356800,1949.0,1973.76,1941.75,1966.83,59401.5202
1688371200,1966.83,1976.0,1954.6,1962.01,53017.1389
1688385600,1962.0,1976.16,1954.6,1968.17,69538.2147
1688400000,1968.17,1974.71,1953.26,1967.4,63204.4368
1688414400,1967.39,1968.0,1948.22,1955.54,37770.5431
1688428800,1955.55,1967.08,1950.34,1963.34,39871.459
1688443200,1963.34,1963.35,1946.39,1948.8,31316.6633
1688457600,1948.81,1961.99,1946.54,1960.53,31901.0301
1688472000,1960.53,1961.7,1950.44,1954.19,27363.1191
1688486400,1954.19,1965.57,1931.58,1934.29,57187.4738
1688500800,1934.29,1942.67,1932.12,1936.2,17885.3531
1688515200,1936.19,1942.5,1933.64,1941.28,19400.9952
1688529600,1941.28,1942.0,1932.15,1936.35,24812.611
1688544000,1936.36,1937.07,1905.0,1910.08,89042.8555
1688558400,1910.07,1913.92,1894.51,1902.96,79466.4451
1688572800,1902.97,1918.0,1901.26,1907.71,32428.3913
1688587200,1907.71,1915.59,1904.03,1910.36,22482.1802
1688601600,1910.35,1915.63,1898.8,1913.51,32525.109
1688616000,1913.5,1930.0,1909.51,1925.08,40490.5504
1688630400,1925.09,1958.0,1910.39,1917.65,106976.8268
1688644800,1917.66,1919.37,1865.08,1888.67,169027.9964
1688659200,1888.66,1894.24,1878.4,1885.21,39809.5986
1688673600,1885.21,1887.64,1846.0,1846.17,67532.6598
1688688000,1846.17,1859.89,1826.0,1858.02,71744.6908
1688702400,1858.03,1863.33,1851.56,1856.4,32690.0349
1688716800,1856.41,1865.6,1853.81,1860.17,26990.404
1688731200,1860.16,1878.0,1851.43,1872.03,57155.4499
1688745600,1872.04,1875.27,1856.29,1864.31,26375.5593
1688760000,1864.3,1871.83,1863.02,1870.91,17988.2077
1688774400,1870.92,1876.0,1862.88,1863.94,24823.0467
1688788800,1863.93,1863.94,1855.0,1861.69,19542.0913
1688803200,1861.69,1867.8,1857.2,1859.01,17175.5158
1688817600,1859.01,1862.0,1855.86,1859.44,16243.8318
1688832000,1859.43,1866.0,1843.6,1846.89,25866.2133
1688846400,1846.9,1866.5,1842.8,1865.24,22169.1284
1688860800,1865.24,1874.45,1862.71,1867.84,22297.5777
1688875200,1867.85,1870.68,1864.04,1867.42,14594.986
1688889600,1867.42,1870.04,1864.21,1868.98,14426.1524
1688904000,1868.98,1879.36,1856.66,1866.12,43748.403
1688918400,1866.13,1868.79,1861.68,1868.42,14827.2391
1688932800,1868.42,1871.66,1856.15,1862.8,25152.0161
1688947200,1862.81,1867.77,1846.63,1861.66,39810.1973
1688961600,1861.66,1863.0,1852.55,1856.19,19900.2409
1688976000,1856.2,1865.32,1849.4,1864.0,30571.8374
1688990400,1863.99,1873.75,1860.2,1871.09,34293.2246
1689004800,1871.09,1901.11,1865.54,1899.98,62902.1649
1689019200,1899.98,1905.5,1866.75,1880.4,60390.4843
1689033600,1880.41,1884.54,1875.5,1879.81,25511.3696
1689048000,1879.82,1891.99,1876.9,1883.0,29221.1137
1689062400,1883.01,1883.82,1863.99,1867.55,39895.4986
1689076800,1867.55,1882.56,1862.38,1871.69,43651.8781
1689091200,1871.68,1876.35,1866.01,1874.93,24992.4792
1689105600,1874.92,1880.0,1871.78,1878.3,14499.2725
1689120000,1878.31,1889.38,1876.51,1880.24,31244.0909
1689134400,1880.24,1895.61,1878.54,1890.6,38964.3785
1689148800,1890.59,1892.0,1886.4,1890.65,22536.9578
1689163200,1890.65,1902.0,1878.2,1883.78,100975.2748
1689177600,1883.77,1891.5,1866.98,1870.04,47730.9908
1689192000,1870.04,1874.01,1864.37,1871.82,22955.1745
1689206400,1871.82,1876.13,1866.0,1867.4,20738.9947
1689220800,1867.4,1874.5,1862.59,1870.36,29150.277
1689235200,1870.37,1885.21,1869.86,1883.72,27114.1954
1689249600,1883.72,1943.58,1876.11,1932.8,117763.5449
1689264000,1932.8,2012.63,1930.9,1995.25,295630.989
1689278400,1995.26,2009.54,1971.28,2004.49,58463.4197
1689292800,2004.49,2029.11,2002.17,2009.26,92370.2999
1689307200,2009.25,2012.0,1987.11,1991.21,43854.0085
1689321600,1991.21,2003.42,1983.81,1992.22,47920.7749
1689336000,1992.22,2007.46,1984.7,1998.51,55839.7252
1689350400,1998.52,2001.18,1898.39,1912.91,205332.2213
1689364800,1912.9,1938.35,1900.33,1937.83,53407.0061
1689379200,1937.82,1937.83,1926.23,1930.35,25232.7571
1689393600,1930.34,1943.91,1926.99,1941.86,27658.7174
1689408000,1941.86,1946.37,1936.7,1939.82,24582.0957
1689422400,1939.83,1941.23,1929.0,1934.81,24867.582
1689436800,1934.81,1939.05,1929.44,1933.68,20470.2865
1689451200,1933.67,1933.68,1926.6,1931.41,12370.3276
1689465600,1931.41,1937.72,1914.0,1923.01,37298.6642
1689480000,1923.0,1931.86,1920.61,1925.43,27077.3134
1689494400,1925.43,1936.52,1925.42,1933.01,16106.1554
1689508800,1933.02,1943.55,1928.84,1936.81,22995.0535
1689523200,1936.81,1939.43,1925.79,1927.78,17278.6165
1689537600,1927.79,1937.2,1916.73,1922.11,27911.3021
1689552000,1922.12,1932.6,1917.23,1931.23,27528.747
1689566400,1931.22,1936.18,1926.71,1928.69,22800.1935
1689580800,1928.7,1931.35,1889.36,1910.09,62445.5076
1689595200,1910.09,1917.54,1900.33,1908.81,42008.2169
1689609600,1908.81,1913.2,1873.26,1886.39,84499.4882
1689624000,1886.39,1920.2,1885.83,1911.2,37876.8817
1689638400,1911.21,1917.19,1906.25,1908.88,19832.6141
1689652800,1908.88,1911.72,1893.36,1898.99,37921.2814
1689667200,1898.99,1909.64,1890.8,1894.15,39215.5098
1689681600,1894.15,1903.66,1885.08,1897.2,49833.1236
1689696000,1897.21,1903.58,1875.73,1892.05,47300.3775
1689710400,1892.05,1902.27,1889.57,1897.21,21677.5942
1689724800,1897.21,1915.44,1895.09,1912.48,34769.6794
1689739200,1912.48,1917.98,1907.0,1908.61,24293.1506
1689753600,1908.6,1911.95,1902.28,1909.28,19800.2821
1689768000,1909.29,1922.04,1894.24,1906.31,49036.4762
1689782400,1906.21,1917.74,1900.9,1910.0,39568.3972
1689796800,1910.0,1910.37,1882.17,1888.63,50577.015
1689811200,1888.64,1899.9,1882.7,1894.33,26585.8812
1689825600,1894.32,1914.36,1893.35,1912.52,40669.3599
1689840000,1912.51,1929.05,1911.5,1921.47,64547.2427
1689854400,1921.47,1923.0,1884.45,1888.61,85310.5739
1689868800,1888.6,1893.67,1878.0,1887.98,52952.1113
1689883200,1887.97,1898.74,1882.31,1891.59,22842.3474
1689897600,1891.59,1901.76,1886.64,1896.77,26921.7996
1689912000,1896.78,1897.52,1887.6,1889.3,22884.3924
1689926400,1889.3,1894.15,1884.64,1889.25,27048.9108
1689940800,1889.24,1896.41,1886.17,1891.07,33510.7294
1689955200,1891.08,1905.74,1885.13,1894.64,41130.9797
1689969600,1894.65,1896.24,1890.59,1891.73,14057.2309
1689984000,1891.73,1897.35,1891.14,1892.85,16937.6107
1689998400,1892.84,1895.87,1890.42,1891.78,14398.5153
1690012800,1891.78,1894.53,1883.79,1888.02,17018.2964
1690027200,1888.01,1890.25,1885.0,1888.65,13733.4259
1690041600,1888.64,1890.59,1882.02,1887.28,13388.0249
1690056000,1887.28,1888.54,1851.18,1866.52,56425.7755
1690070400,1866.52,1873.4,1857.82,1869.28,32510.5202
1690084800,1869.28,1879.14,1869.27,1875.04,18561.2305
1690099200,1875.04,1878.43,1873.8,1874.69,10736.3674
1690113600,1874.68,1876.06,1872.04,1873.96,12915.7355
1690128000,1873.96,1905.25,1873.95,1889.13,54855.0153
1690142400,1889.13,1893.69,1875.23,1888.73,23922.1489
1690156800,1888.74,1890.86,1866.01,1868.36,30865.5076
1690171200,1868.35,1877.5,1862.6,1874.99,22275.8082
1690185600,1875.0,1875.0,1833.19,1853.04,88893.4155
1690200000,1853.04,1854.76,1834.66,1843.09,77063.6001
1690214400,1843.09,1851.21,1839.08,1849.38,41257.035
1690228800,1849.39,1851.82,1845.34,1850.0,16149.1883
1690243200,1850.0,1856.44,1845.45,1850.81,20879.7213
1690257600,1850.82,1853.55,1846.49,1850.73,15572.4233
1690272000,1850.73,1863.2,1849.38,1853.4,25345.0716
1690286400,1853.39,1868.71,1852.34,1858.04,44230.6063
1690300800,1858.04,1866.38,1852.92,1857.08,29212.5097
1690315200,1857.08,1864.85,1856.01,1857.66,17010.8778
1690329600,1857.66,1866.94,1851.73,1858.7,29321.2534
1690344000,1858.69,1860.99,1852.08,1853.13,20614.7723
1690358400,1853.14,1855.99,1848.35,1851.1,25739.6465
1690372800,1851.1,1861.0,1850.2,1860.71,56942.0169
1690387200,1860.71,1883.0,1855.11,1873.19,89922.0138
1690401600,1873.19,1888.0,1866.6,1872.0,49550.8304
1690416000,1871.99,1879.07,1867.05,1876.08,25910.0192
1690430400,1876.07,1882.08,1864.7,1871.88,24961.5151
1690444800,1871.88,1886.11,1869.8,1876.77,34681.7793
1690459200,1876.76,1878.71,1863.99,1868.66,32006.8941
1690473600,1868.65,1869.22,1855.0,1860.86,29128.4536
1690488000,1860.85,1862.31,1854.84,1861.28,17077.7646
1690502400,1861.29,1864.99,1860.0,1862.84,13831.2096
1690516800,1862.85,1864.72,1856.52,1859.22,25037.5056
1690531200,1859.23,1869.04,1858.88,1866.64,27404.9207
1690545600,1866.63,1883.39,1866.6,1875.22,42674.5717
1690560000,1875.21,1879.56,1866.27,1874.08,21723.5545
1690574400,1874.09,1877.7,1872.51,1874.19,8023.9526
1690588800,1874.2,1877.0,1873.06,1873.61,10394.4074
1690603200,1873.62,1877.09,1871.19,1872.19,10974.2664
1690617600,1872.2,1873.68,1869.54,1870.47,12118.1111
1690632000,1870.47,1875.79,1870.47,1872.72,12494.2857
1690646400,1872.72,1879.34,1871.25,1877.96,10934.8233
1690660800,1877.96,1886.58,1877.96,1880.46,15951.133
1690675200,1880.45,1881.52,1877.47,1878.5,9831.0191
1690689600,1878.5,1879.44,1873.44,1875.29,13824.8168
1690704000,1875.29,1876.88,1872.44,1876.18,18258.0997
1690718400,1876.18,1885.3,1871.37,1876.43,23862.1206
1690732800,1876.43,1879.21,1857.99,1862.51,39646.5646
1690747200,1862.52,1865.78,1848.17,1861.79,53234.9694
1690761600,1861.79,1877.4,1861.12,1869.14,30423.207
1690776000,1869.15,1870.01,1862.42,1865.33,25975.2834
1690790400,1865.34,1870.0,1864.73,1867.8,22294.901
1690804800,1867.8,1873.21,1856.67,1857.37,32968.3341
1690819200,1857.37,1863.12,1854.16,1856.49,32501.011
1690833600,1856.5,1860.81,1851.02,1856.14,24041.7169
1690848000,1856.13,1864.7,1815.98,1826.49,95811.9535
1690862400,1826.49,1836.23,1821.28,1834.19,42260.0404
1690876800,1834.18,1837.37,1830.2,1830.7,28479.3773
1690891200,1830.7,1836.39,1813.8,1834.58,68891.5074
1690905600,1834.59,1857.46,1829.81,1850.96,62169.256
1690920000,1850.95,1875.62,1846.71,1873.47,60863.962
1690934400,1873.48,1879.74,1863.04,1863.28,52640.0042
1690948800,1863.29,1865.0,1856.16,1857.08,25212.1182
1690963200,1857.08,1861.01,1853.66,1859.9,30559.9204
1690977600,1859.89,1861.0,1834.44,1842.42,53955.0737
1690992000,1842.42,1847.53,1821.21,1841.84,68067.3737
1691006400,1841.85,1845.58,1837.6,1839.9,23778.5651
1691020800,1839.9,1846.07,1837.2,1840.73,20507.4174
1691035200,1840.72,1840.98,1832.0,1832.16,20941.4716
1691049600,1832.16,1838.78,1826.0,1837.62,26059.807
1691064000,1837.63,1850.0,1833.7,1840.5,30375.8704
1691078400,1840.49,1859.12,1839.31,1845.48,40116.9366
1691092800,1845.47,1853.7,1831.11,1835.81,33146.549
1691107200,1835.81,1839.07,1828.35,1834.3,22375.3279
1691121600,1834.3,1838.27,1831.21,1837.8,18858.3998
1691136000,1837.81,1840.58,1833.38,1834.6,20930.5369
1691150400,1834.6,1851.31,1831.5,1847.26,53087.66
1691164800,1847.26,1848.57,1827.16,1831.33,38885.2683
1691179200,1831.34,1834.2,1815.74,1830.23,33562.2623
1691193600,1830.24,1834.02,1827.5,1832.49,18245.7254
1691208000,1832.48,1833.97,1828.69,1831.08,14574.1725
1691222400,1831.07,1835.0,1830.2,1832.74,11568.6158
1691236800,1832.74,1837.09,1830.51,1833.79,21354.1558
1691251200,1833.78,1839.0,1830.86,1835.49,18964.7125
1691265600,1835.5,1838.35,1834.28,1836.48,8949.9435
1691280000,1836.48,1838.58,1833.34,1834.77,15221.2648
1691294400,1834.78,1836.81,1832.36,1835.15,11974.2414
1691308800,1835.15,1837.86,1828.51,1832.39,18200.7575
1691323200,1832.39,1833.01,1825.86,1829.29,14999.9754
1691337600,1829.29,1836.06,1828.49,1832.0,14668.3036
1691352000,1832.01,1838.05,1828.0,1830.28,15339.4488
1691366400,1830.28,1847.0,1826.41,1838.71,31521.4171
1691380800,1838.7,1842.39,1832.02,1836.87,21548.1277
1691395200,1836.87,1837.39,1832.55,1834.22,17992.8285
1691409600,1834.21,1837.3,1813.86,1818.18,53139.2589
1691424000,1818.18,1831.33,1802.0,1825.28,82062.6536
1691438400,1825.27,1830.68,1823.2,1829.1,17828.6201
1691452800,1829.1,1835.41,1826.33,1830.0,22654.7555
1691467200,1830.0,1839.2,1829.86,1830.56,19112.8458
1691481600,1830.56,1839.31,1830.09,1839.09,20180.8621
1691496000,1839.08,1848.96,1835.48,1843.58,47912.8741
1691510400,1843.58,1871.43,1843.4,1859.07,85154.029
1691524800,1859.07,1876.51,1854.75,1856.3,41320.6635
1691539200,1856.3,1861.02,1852.18,1854.9,31722.0708
1691553600,1854.9,1863.25,1853.64,1861.1,35120.4826
1691568000,1861.11,1866.25,1858.06,1862.79,27463.4485
1691582400,1862.79,1871.99,1851.12,1853.2,52211.0296
1691596800,1853.2,1855.0,1846.28,1848.4,30829.3811
1691611200,1848.41,1858.75,1847.28,1855.35,14580.4217
1691625600,1855.36,1858.02,1852.54,1852.84,14673.0142
1691640000,1852.85,1855.48,1849.75,1851.06,17115.5282
1691654400,1851.05,1854.66,1849.78,1850.92,15849.1767
1691668800,1850.91,1865.95,1848.1,1853.76,50597.8865
1691683200,1853.77,1854.27,1845.38,1849.89,21000.8906
1691697600,1849.89,1853.25,1849.0,1852.47,8084.9591
1691712000,1852.47,1854.8,1842.81,1846.66,20347.1089
1691726400,1846.65,1851.17,1846.41,1849.38,15717.0514
1691740800,1849.38,1851.72,1845.85,1851.33,12911.1236
1691755200,1851.32,1857.26,1843.83,1845.8,31314.9901
1691769600,1845.8,1848.92,1838.05,1844.56,22951.8757
1691784000,1844.55,1850.99,1843.96,1848.84,9967.1606
1691798400,1848.84,1854.01,1847.66,1847.8,12470.6044
1691812800,1847.79,1851.46,1847.06,1850.69,10896.1887
1691827200,1850.69,1851.49,1848.63,1850.85,10880.1993
1691841600,1850.85,1853.67,1850.4,1850.83,14089.4633
1691856000,1850.84,1852.68,1847.2,1847.43,8957.5182
1691870400,1847.42,1849.94,1846.08,1849.93,5998.6737
1691884800,1849.94,1851.55,1849.1,1849.9,8711.1977
1691899200,1849.9,1850.01,1846.68,1850.0,9365.4162
1691913600,1850.0,1851.28,1849.0,1849.4,8302.8929
1691928000,1849.4,1851.85,1847.3,1848.01,11027.2417
1691942400,1848.01,1862.0,1846.0,1858.59,26140.1637
1691956800,1858.6,1860.19,1834.51,1840.73,57127.2242
1691971200,1840.73,1849.01,1835.0,1846.79,38834.8712
1691985600,1846.78,1852.2,1846.78,1849.81,21602.6608
1692000000,1849.8,1852.25,1846.4,1848.0,19944.5475
1692014400,1847.99,1856.5,1844.33,1853.41,28357.166
1692028800,1853.4,1855.68,1839.83,1842.63,28417.172
1692043200,1842.64,1846.4,1841.31,1845.5,13039.7028
1692057600,1845.5,1847.36,1843.4,1844.69,18907.5773
1692072000,1844.69,1844.91,1840.39,1843.71,25238.8351
1692086400,1843.7,1845.16,1839.0,1840.27,24539.4203
1692100800,1840.28,1846.0,1838.0,1840.4,27742.951
1692115200,1840.4,1842.28,1814.0,1827.67,70828.386
1692129600,1827.68,1832.0,1825.0,1828.98,18824.5292
1692144000,1828.98,1831.52,1827.82,1828.78,14071.8444
1692158400,1828.78,1828.97,1818.97,1827.26,38878.669
1692172800,1827.25,1827.51,1819.85,1825.3,19767.3441
1692187200,1825.31,1828.31,1818.8,1820.6,31819.0826
1692201600,1820.59,1829.22,1816.13,1820.95,31649.5667
1692216000,1820.95,1823.08,1798.17,1807.81,69244.23
1692230400,1807.81,1809.99,1780.04,1798.52,67300.8512
1692244800,1798.53,1803.52,1797.47,1799.96,18449.3869
1692259200,1799.95,1800.04,1784.49,1787.91,40723.6521
1692273600,1787.91,1793.0,1726.0,1739.61,181207.5072
1692288000,1739.62,1749.0,1726.0,1738.26,93868.6037
1692302400,1738.26,1739.6,1550.0,1681.49,410588.2148
1692316800,1681.49,1699.4,1672.86,1677.0,113563.4042
1692331200,1677.0,1697.28,1662.06,1690.6,91958.3036
1692345600,1690.6,1697.0,1678.48,1685.9,57349.8191
1692360000,1685.9,1687.19,1653.74,1660.71,103890.3529
1692374400,1660.72,1678.57,1641.02,1657.61,134302.0897
1692388800,1657.61,1670.0,1656.41,1661.59,37019.1323
1692403200,1661.6,1671.64,1656.3,1659.59,36611.7398
1692417600,1659.6,1663.55,1654.31,1661.29,28136.7061
1692432000,1661.29,1665.92,1659.22,1660.01,27730.1949
1692446400,1660.0,1683.92,1658.05,1683.38,43593.931
1692460800,1683.37,1696.72,1674.93,1677.38,63428.4039
1692475200,1677.38,1678.2,1663.6,1669.67,32418.0728
1692489600,1669.68,1675.19,1665.11,1668.22,27474.38
1692504000,1668.22,1670.33,1662.03,1665.93,21155.6519
1692518400,1665.92,1675.85,1663.4,1674.92,38478.6427
1692532800,1674.93,1679.76,1664.44,1671.14,48303.5777
1692547200,1671.14,1679.79,1665.71,1678.24,23807.0529
1692561600,1678.25,1694.75,1678.2,1685.24,36404.2211
1692576000,1685.23,1685.66,1675.41,1677.13,34392.6417
1692590400,1677.12,1688.59,1669.61,1671.92,35593.3677
1692604800,1671.92,1675.19,1660.21,1672.77,48993.3331
1692619200,1672.78,1683.95,1649.4,1657.69,78009.4237
1692633600,1657.68,1675.2,1656.91,1672.36,33758.646
1692648000,1672.36,1676.94,1666.5,1667.55,20087.7396
1692662400,1667.56,1669.38,1661.57,1664.19,19880.4187
1692676800,1664.18,1666.97,1661.05,1666.64,19864.4637
1692691200,1666.63,1668.03,1660.17,1662.58,26597.1586
1692705600,1662.58,1667.37,1645.81,1649.88,58413.1727
1692720000,1649.88,1651.29,1619.0,1625.21,145820.9987
1692734400,1625.22,1639.83,1580.0,1634.99,131435.8326
1692748800,1635.0,1642.47,1629.05,1632.01,33689.5718
1692763200,1632.0,1658.09,1630.85,1645.3,61397.9359
1692777600,1645.3,1648.95,1639.89,1642.39,27505.0454
1692792000,1642.39,1660.0,1634.46,1657.37,72245.538
1692806400,1657.37,1702.11,1655.8,1687.2,127168.7973
1692820800,1687.2,1692.78,1660.0,1679.61,52754.2204
1692835200,1679.61,1683.37,1672.36,1675.54,19916.6537
1692849600,1675.53,1679.0,1672.5,1674.69,18842.3182
1692864000,1674.69,1677.86,1666.2,1667.68,29154.192
1692878400,1667.68,1669.79,1642.02,1643.4,61799.3874
1692892800,1643.4,1656.53,1635.28,1649.99,65027.6332
1692907200,1649.99,1665.28,1643.52,1661.16,36799.596
1692921600,1661.16,1664.28,1645.66,1655.29,32157.9357
1692936000,1655.29,1655.8,1646.81,1651.3,24998.1596
1692950400,1651.3,1658.96,1651.16,1654.1,17324.5318
1692964800,1654.11,1677.22,1636.22,1646.26,96090.911
1692979200,1646.27,1655.65,1635.51,1647.01,43652.9641
1692993600,1647.0,1655.0,1645.81,1653.8,22037.1876
1693008000,1653.79,1655.59,1651.62,1654.62,12384.0083
1693022400,1654.61,1654.77,1650.83,1652.83,8318.3084
1693036800,1652.82,1654.01,1646.66,1650.5,22793.8261
1693051200,1650.5,1653.0,1646.91,1651.5,11290.1071
1693065600,1651.51,1652.0,1644.0,1646.22,16449.362
1693080000,1646.21,1650.5,1645.26,1647.04,7939.8131
1693094400,1647.03,1650.5,1646.32,1647.28,9778.2217
1693108800,1647.27,1655.28,1647.27,1648.45,15783.1396
1693123200,1648.45,1652.69,1647.38,1649.31,14745.4922
1693137600,1649.31,1659.85,1648.43,1655.44,21643.9561
1693152000,1655.44,1660.24,1650.05,1655.89,14963.4119
1693166400,1655.9,1659.0,1651.19,1658.33,10875.6981
1693180800,1658.33,1658.33,1648.06,1649.9,25731.4406
1693195200,1649.89,1651.76,1636.09,1641.47,29953.2871
1693209600,1641.47,1643.5,1621.75,1640.31,44423.502
1693224000,1640.32,1664.34,1640.03,1648.91,61959.29
1693238400,1648.92,1654.96,1637.88,1646.72,35496.2399
1693252800,1646.73,1657.26,1644.26,1653.08,16787.2547
1693267200,1653.08,1662.32,1650.75,1652.45,28608.7081
1693281600,1652.46,1653.62,1644.98,1647.48,40056.1814
1693296000,1647.48,1647.95,1640.0,1642.21,22359.7645
1693310400,1642.2,1736.5,1640.27,1714.99,219878.0481
1693324800,1715.0,1745.84,1708.91,1735.28,139154.6782
1693339200,1735.28,1742.29,1721.82,1729.42,44313.702
1693353600,1729.41,1730.93,1712.76,1718.62,37762.0389
1693368000,1718.62,1722.2,1716.13,1717.61,18620.1468
1693382400,1717.6,1720.55,1711.19,1716.2,26921.1062
1693396800,1716.2,1722.23,1694.34,1703.61,76823.1409
1693411200,1703.61,1705.21,1695.93,1701.55,27361.1572
1693425600,1701.56,1708.34,1701.27,1705.23,15353.8502
1693440000,1705.23,1705.23,1697.29,1699.16,13214.5273
1693454400,1699.17,1707.32,1699.16,1706.41,13898.3139
1693468800,1706.42,1729.0,1703.75,1713.7,43750.6782
1693483200,1713.69,1714.08,1677.51,1689.0,71295.688
1693497600,1689.0,1689.01,1643.12,1657.12,127135.5857
1693512000,1657.12,1657.36,1630.0,1645.76,61223.4737
1693526400,1645.77,1654.53,1645.23,1652.2,22943.8273
1693540800,1652.21,1653.21,1643.45,1646.26,21843.2889
1693555200,1646.27,1648.51,1641.15,1646.89,21795.4728
1693569600,1646.88,1652.3,1622.01,1634.86,94495.7066
1693584000,1634.87,1637.48,1602.33,1619.23,107711.7792
1693598400,1619.23,1638.09,1616.24,1629.12,33616.0938
1693612800,1629.13,1634.42,1628.03,1632.46,19482.3376
1693627200,1632.45,1636.56,1630.22,1631.7,13984.4709
1693641600,1631.7,1636.95,1630.18,1634.66,16540.4072
1693656000,1634.67,1645.0,1633.33,1638.79,25235.9346
1693670400,1638.8,1640.81,1628.21,1633.61,17613.4488
1693684800,1633.61,1639.67,1632.94,1637.03,9289.3485
1693699200,1637.02,1637.38,1631.72,1636.18,10997.8334
1693713600,1636.19,1639.2,1634.01,1635.59,10226.0373
1693728000,1635.58,1636.09,1631.06,1634.39,12581.3457
1693742400,1634.38,1641.08,1628.17,1633.15,29161.9686
1693756800,1633.14,1643.36,1625.14,1639.01,31378.2315
1693771200,1639.0,1647.5,1633.38,1635.84,22421.8697
1693785600,1635.84,1644.82,1632.3,1637.68,15844.7137
1693800000,1637.69,1640.41,1634.41,1638.97,19761.3998
1693814400,1638.97,1640.69,1631.14,1632.15,28151.7557
1693828800,1632.15,1635.0,1618.6,1626.21,41662.6331
1693843200,1626.21,1635.91,1625.51,1631.34,22527.6385
1693857600,1631.35,1632.8,1616.32,1630.51,40062.7648
1693872000,1630.52,1631.32,1609.69,1618.18,34842.6257
1693886400,1618.19,1627.94,1618.17,1625.01,38709.241
1693900800,1625.02,1638.74,1620.84,1635.55,31818.8372
1693915200,1635.56,1648.02,1625.96,1636.62,55115.3862
1693929600,1636.62,1643.45,1632.22,1632.37,27113.1703
1693944000,1632.36,1634.46,1626.91,1634.45,16766.2303
1693958400,1634.46,1640.31,1631.68,1633.49,19545.093
1693972800,1633.49,1633.8,1627.92,1629.41,23633.7926
1693987200,1629.41,1636.36,1628.63,1632.71,15885.4917
1694001600,1632.71,1635.65,1619.56,1623.44,38106.6007
1694016000,1623.44,1670.0,1609.2,1631.26,108660.6466
1694030400,1631.27,1635.04,1627.61,1633.15,13709.3947
1694044800,1633.15,1640.11,1631.8,1640.1,46227.3667
1694059200,1640.1,1642.47,1635.33,1635.84,20454.6866
1694073600,1635.83,1635.84,1626.1,1627.32,20154.4235
1694088000,1627.32,1633.89,1623.4,1630.52,37113.5043
1694102400,1630.52,1641.18,1629.74,1637.3,30848.4456
1694116800,1637.29,1660.0,1635.72,1648.11,73759.8515
1694131200,1648.11,1658.93,1643.88,1646.52,22896.6822
1694145600,1646.52,1654.04,1643.16,1646.88,63168.3369
1694160000,1646.88,1647.59,1616.21,1626.02,63057.3261
1694174400,1626.02,1634.72,1624.44,1628.62,27230.9709
1694188800,1628.61,1635.17,1624.65,1634.6,29490.8511
1694203200,1634.61,1639.0,1633.16,1636.44,15725.8786
1694217600,1636.43,1636.98,1633.52,1634.47,6529.6276
1694232000,1634.48,1635.8,1631.97,1634.54,8669.0616
1694246400,1634.54,1636.1,1633.46,1635.24,10678.5131
1694260800,1635.25,1637.45,1629.74,1635.17,18911.0171
1694275200,1635.18,1637.52,1632.32,1633.99,7300.1654
1694289600,1634.0,1636.91,1633.66,1635.54,6431.2381
1694304000,1635.53,1635.7,1626.8,1631.25,12199.2401
1694318400,1631.25,1631.25,1618.23,1624.87,29931.6824
1694332800,1624.87,1626.48,1619.25,1624.43,16710.0076
1694347200,1624.44,1628.35,1611.19,1619.8,33727.0762
1694361600,1619.8,1620.09,1600.0,1616.84,73942.3517
1694376000,1616.84,1628.23,1614.52,1617.42,41447.4848
1694390400,1617.42,1619.0,1603.22,1612.41,24860.0307
1694404800,1612.4,1617.96,1608.0,1612.23,22558.5104
1694419200,1612.22,1612.6,1575.53,1586.53,96932.4935
1694433600,1586.54,1598.34,1550.0,1562.65,146069.4596
1694448000,1562.64,1568.06,1536.83,1539.37,80626.9655
1694462400,1539.36,1552.03,1531.01,1551.85,46377.3592
1694476800,1551.84,1594.82,1549.67,1584.81,65173.2771
1694491200,1584.8,1593.5,1574.44,1580.05,50160.5826
1694505600,1580.04,1626.0,1576.38,1609.48,78386.1062
1694520000,1609.48,1613.55,1594.95,1603.85,56109.2894
1694534400,1603.84,1622.0,1584.57,1598.51,61764.5334
1694548800,1598.51,1604.31,1590.02,1592.97,18146.1798
1694563200,1592.97,1601.29,1586.81,1589.77,23319.9694
1694577600,1589.77,1603.6,1581.88,1584.51,45800.652
1694592000,1584.51,1607.05,1583.25,1604.59,43206.047
1694606400,1604.58,1619.3,1592.2,1608.17,55292.3238
1694620800,1608.17,1615.76,1595.43,1599.31,42279.0423
1694635200,1599.31,1609.85,1599.31,1607.62,13511.2544
1694649600,1607.61,1638.0,1607.05,1620.0,76409.7664
1694664000,1620.0,1625.74,1612.39,1621.35,25417.2053
1694678400,1621.35,1627.01,1617.32,1624.79,25648.9958
1694692800,1624.78,1644.13,1617.07,1634.62,81514.598
1694707200,1634.62,1644.29,1626.71,1635.99,42727.4508
1694721600,1635.98,1638.07,1624.27,1626.47,23583.1342
1694736000,1626.48,1635.8,1622.36,1634.61,24423.2447
1694750400,1634.6,1635.88,1627.0,1627.85,19929.2005
1694764800,1627.85,1632.07,1617.75,1620.66,24351.3404
1694779200,1620.67,1625.69,1611.42,1619.47,33794.7707
1694793600,1619.47,1623.48,1617.47,1621.21,17115.9745
1694808000,1621.22,1654.08,1619.09,1641.29,61725.4932
1694822400,1641.3,1653.17,1638.68,1641.58,27900.8988
1694836800,1641.57,1642.28,1634.29,1636.8,19517.3144
1694851200,1636.8,1638.6,1631.31,1635.75,16630.4273
1694865600,1635.74,1639.37,1631.41,1634.46,11902.6985
1694880000,1634.45,1639.42,1631.74,1633.4,13671.7848
1694894400,1633.4,1638.1,1632.76,1634.4,9932.3433
1694908800,1634.4,1634.4,1619.54,1628.98,28539.2726
1694923200,1628.97,1631.69,1627.38,1627.76,9726.2362
1694937600,1627.76,1635.0,1627.24,1629.3,16044.1817
1694952000,1629.3,1632.13,1627.33,1629.48,20038.7125
1694966400,1629.49,1629.49,1617.76,1625.71,17217.7528
1694980800,1625.71,1626.83,1612.0,1622.48,28661.2559
1694995200,1622.48,1636.54,1603.88,1630.29,50290.7712
1695009600,1630.29,1638.48,1626.92,1634.01,29817.727
1695024000,1634.01,1658.52,1630.82,1655.88,64131.5421
1695038400,1655.88,1669.5,1650.56,1655.36,67087.9566
1695052800,1655.35,1658.67,1632.97,1640.72,53287.0486
1695067200,1640.73,1642.09,1635.28,1636.66,14426.6523
1695081600,1636.66,1639.88,1626.32,1634.62,27293.7609
1695096000,1634.62,1638.56,1632.7,1636.16,14037.0087
1695110400,1636.16,1661.04,1636.15,1647.8,45426.2634
1695124800,1647.8,1659.25,1634.44,1656.81,48890.8805
1695139200,1656.8,1659.52,1640.17,1644.08,29103.5307
1695153600,1644.09,1644.57,1637.11,1643.12,19530.9816
1695168000,1643.13,1649.34,1635.54,1637.76,23277.2251
1695182400,1637.76,1639.29,1630.42,1634.52,39565.3739
1695196800,1634.53,1638.42,1618.48,1629.69,44207.5302
1695211200,1629.7,1634.39,1620.68,1629.29,38255.44
1695225600,1629.29,1640.79,1604.51,1616.16,65402.4953
1695240000,1616.16,1629.82,1615.0,1622.26,22136.1702
1695254400,1622.27,1625.3,1613.68,1623.34,29225.2423
1695268800,1623.33,1624.57,1616.85,1618.26,17243.77
1695283200,1618.25,1622.5,1588.72,1594.95,75053.1929
1695297600,1594.95,1597.1,1567.77,1583.63,73611.1724
1695312000,1583.64,1592.98,1582.03,1589.75,31285.6308
1695326400,1589.74,1590.39,1583.03,1583.94,14208.5356
1695340800,1583.94,1596.32,1576.58,1594.52,25366.6616
1695355200,1594.52,1597.37,1587.66,1595.65,19023.7625
1695369600,1595.64,1602.68,1593.05,1596.94,19641.7292
1695384000,1596.94,1600.58,1593.01,1593.43,24151.2412
1695398400,1593.44,1599.2,1586.83,1592.48,24318.4565
1695412800,1592.47,1594.99,1589.22,1593.08,12384.24
1695427200,1593.07,1598.24,1590.26,1591.01,14775.4421
1695441600,1591.0,1595.39,1589.91,1594.45,8354.509
1695456000,1594.45,1594.78,1591.06,1593.3,8570.1298
1695470400,1593.3,1595.0,1587.45,1590.47,12361.4818
1695484800,1590.48,1595.31,1588.85,1594.79,11559.6476
1695499200,1594.79,1595.46,1590.01,1593.86,8915.9238
1695513600,1593.85,1594.82,1590.9,1592.31,9268.9521
1695528000,1592.31,1593.18,1591.35,1591.91,8051.4726
1695542400,1591.9,1596.27,1591.9,1593.9,12299.0171
1695556800,1593.91,1596.47,1588.2,1590.64,17918.5984
1695571200,1590.64,1601.12,1578.17,1586.38,59134.4782
1695585600,1586.37,1591.23,1570.01,1580.71,30845.3349
1695600000,1580.71,1588.2,1563.01,1577.72,47798.9848
1695614400,1577.71,1581.84,1572.52,1581.25,18888.2395
1695628800,1581.26,1583.12,1565.81,1569.01,23091.028
1695643200,1569.0,1589.74,1564.35,1584.64,37554.2
1695657600,1584.64,1597.5,1584.63,1591.47,32676.2619
1695672000,1591.48,1596.68,1584.45,1588.33,16698.2135
1695686400,1588.34,1594.53,1586.17,1591.95,14287.4977
1695700800,1591.95,1595.11,1587.29,1588.9,14066.7128
1695715200,1588.9,1599.78,1585.8,1591.47,28147.7865
1695729600,1591.46,1593.74,1580.05,1582.99,30696.8134
1695744000,1582.99,1592.85,1582.09,1589.42,19180.6848
1695758400,1589.42,1595.67,1584.0,1594.01,19203.5209
1695772800,1594.02,1597.97,1589.65,1595.74,17756.1468
1695787200,1595.74,1597.57,1589.99,1592.47,21074.9224
1695801600,1592.47,1634.1,1590.24,1629.64,93801.1937
1695816000,1629.63,1631.5,1592.56,1601.63,83627.9447
1695830400,1601.64,1603.12,1583.5,1597.67,41368.2531
1695844800,1597.68,1599.75,1593.28,1598.64,16775.9721
1695859200,1598.63,1615.59,1598.14,1606.35,56894.617
1695873600,1606.36,1621.93,1604.61,1619.35,29338.9698
1695888000,1619.35,1637.76,1614.47,1623.7,54279.4193
1695902400,1623.71,1654.37,1621.31,1652.58,79164.4359
1695916800,1652.57,1668.21,1645.24,1658.3,87438.2819
1695931200,1658.31,1661.23,1643.51,1652.99,24293.9776
1695945600,1653.0,1658.7,1648.37,1651.62,33899.1802
1695960000,1651.61,1688.0,1648.89,1686.2,68166.4188
1695974400,1686.19,1686.6,1666.54,1668.79,39718.4607
1695988800,1668.78,1684.29,1655.0,1672.25,70791.6466
1696003200,1672.25,1673.21,1657.0,1665.19,26538.4549
1696017600,1665.19,1670.8,1663.64,1667.45,12861.5116
1696032000,1667.45,1672.56,1666.19,1670.3,15576.1657
1696046400,1670.29,1675.57,1670.01,1671.94,10957.1763
1696060800,1671.95,1679.24,1671.63,1675.96,20976.5902
1696075200,1675.95,1694.32,1673.02,1683.33,48639.1547
1696089600,1683.32,1686.22,1673.6,1679.13,24124.6022
1696104000,1679.14,1683.4,1666.33,1670.89,16651.225
1696118400,1670.89,1677.8,1670.42,1674.49,12329.343
1696132800,1674.5,1680.59,1673.49,1678.44,17488.5469
1696147200,1678.45,1692.08,1676.71,1688.84,26268.5062
1696161600,1688.84,1691.1,1678.36,1684.03,29193.9299
1696176000,1684.02,1684.43,1671.0,1676.25,23243.781
1696190400,1676.25,1751.0,1668.0,1733.79,117087.4798
1696204800,1733.8,1735.53,1718.21,1729.37,46821.9047
1696219200,1729.37,1734.13,1712.27,1730.42,47086.0771
1696233600,1730.43,1744.0,1724.91,1725.07,47461.8127
1696248000,1725.07,1734.04,1687.41,1691.6,83547.4092
1696262400,1691.61,1693.95,1640.0,1674.33,107111.1461
1696276800,1674.32,1674.33,1636.79,1662.4,46547.34
1696291200,1662.41,1668.4,1659.91,1665.74,26769.4064
1696305600,1665.75,1670.65,1662.0,1662.42,22609.9758
1696320000,1662.42,1667.68,1650.15,1656.33,36159.7651
1696334400,1656.34,1663.24,1643.0,1648.46,49977.3076
1696348800,1648.45,1658.6,1646.0,1650.28,33991.3368
1696363200,1650.27,1659.84,1645.68,1656.88,28779.3247
1696377600,1656.88,1657.66,1625.0,1641.85,63002.4117
1696392000,1641.85,1644.77,1636.06,1644.77,21212.0559
1696406400,1644.77,1652.57,1643.65,1646.6,22425.0878
1696420800,1646.6,1650.28,1627.39,1632.63,45506.9122
1696435200,1632.64,1654.81,1631.7,1643.01,48215.3838
1696449600,1643.02,1652.79,1640.6,1646.58,22499.8653
1696464000,1646.58,1655.47,1642.01,1642.23,27258.1017
1696478400,1642.22,1646.03,1631.88,1636.07,19998.0039
1696492800,1636.07,1642.0,1634.73,1636.66,19878.1567
1696507200,1636.67,1649.53,1606.73,1618.3,94190.9811
1696521600,1618.3,1621.5,1608.4,1616.51,53674.1662
1696536000,1616.51,1619.77,1610.29,1611.79,22379.3353
1696550400,1611.79,1625.35,1611.79,1624.28,20730.252
1696564800,1624.27,1632.75,1618.75,1630.89,21078.7692
1696579200,1630.88,1639.5,1628.81,1634.69,30221.3508
1696593600,1634.7,1649.71,1611.68,1642.86,79266.6426
1696608000,1642.87,1654.67,1634.43,1646.24,39470.9163
1696622400,1646.24,1662.0,1643.0,1645.03,29739.9977
1696636800,1645.03,1647.71,1640.0,1641.2,16194.6743
1696651200,1641.2,1643.19,1636.12,1636.78,13423.2056
1696665600,1636.78,1643.29,1636.13,1638.67,21807.812
1696680000,1638.68,1643.0,1635.0,1638.55,17189.2889
1696694400,1638.54,1639.37,1630.03,1630.59,18765.212
1696708800,1630.59,1636.0,1630.33,1633.57,13861.3804
1696723200,1633.56,1641.4,1633.56,1639.0,17982.4757
1696737600,1639.0,1639.85,1625.0,1628.88,25190.3573
1696752000,1628.88,1629.59,1616.17,1617.84,31891.0729
1696766400,1617.85,1637.45,1617.19,1631.2,35954.4182
1696780800,1631.2,1638.95,1629.21,1635.71,22437.5204
1696795200,1635.72,1638.32,1627.46,1632.84,15968.819
1696809600,1632.85,1636.0,1623.37,1633.65,22816.6025
1696824000,1633.65,1634.92,1617.11,1620.73,20754.051
1696838400,1620.73,1621.81,1583.32,1590.65,96411.3272
1696852800,1590.65,1597.66,1583.32,1586.29,43461.6459
1696867200,1586.28,1586.88,1546.0,1581.45,139048.1127
1696881600,1581.45,1583.91,1573.76,1580.13,17649.3595
1696896000,1580.13,1592.91,1576.03,1584.86,30657.2523
1696910400,1584.87,1594.09,1582.79,1590.23,21864.5091
1696924800,1590.22,1594.9,1577.2,1579.58,32499.245
1696939200,1579.58,1588.46,1563.77,1567.84,77031.4923
1696953600,1567.85,1572.89,1557.57,1566.01,44916.4407
1696968000,1566.0,1570.45,1550.55,1567.63,33690.3893
1696982400,1567.62,1575.75,1544.26,1556.55,50344.7614
1696996800,1556.56,1561.64,1548.24,1557.01,30523.818
1697011200,1557.02,1578.43,1556.47,1572.8,42206.6706
1697025600,1572.8,1576.64,1553.99,1559.44,55480.3814
1697040000,1559.45,1566.66,1548.92,1563.26,53267.5283
1697054400,1563.25,1569.37,1561.13,1566.87,28430.8074
1697068800,1566.86,1568.56,1556.27,1561.81,23145.9845
1697083200,1561.82,1567.03,1557.8,1559.32,20878.5988
1697097600,1559.32,1561.04,1534.55,1552.06,58020.287
1697112000,1552.06,1553.96,1539.0,1541.67,46525.2601
1697126400,1541.66,1545.19,1521.0,1531.51,66272.4477
1697140800,1531.52,1540.42,1530.61,1539.61,22378.9196
1697155200,1539.61,1547.58,1538.12,1539.1,22082.9842
1697169600,1539.1,1554.79,1538.63,1549.55,30452.9479
1697184000,1549.55,1552.39,1543.02,1546.52,20295.9729
1697198400,1546.52,1553.87,1537.76,1539.64,32842.728
1697212800,1539.63,1549.04,1539.33,1545.94,19384.0955
1697227200,1545.94,1575.36,1543.62,1552.16,67147.1451
1697241600,1552.16,1556.48,1549.43,1553.72,16502.3841
1697256000,1553.72,1554.92,1545.12,1547.78,29135.6661
1697270400,1547.78,1549.51,1544.55,1547.12,12799.1289
1697284800,1547.12,1557.94,1546.19,1556.23,16167.6244
1697299200,1556.22,1558.62,1552.73,1555.33,14037.9321
1697313600,1555.33,1561.72,1553.41,1554.94,11671.9398
1697328000,1554.94,1557.84,1549.6,1554.44,16712.1544
1697342400,1554.44,1554.98,1552.46,1554.95,7896.0358
1697356800,1554.95,1560.17,1553.95,1555.55,10205.6721
1697371200,1555.55,1560.45,1547.44,1553.89,32713.88
1697385600,1553.88,1565.38,1550.35,1560.41,20936.003
1697400000,1560.42,1567.62,1552.74,1557.77,31847.5285
1697414400,1557.78,1567.0,1555.06,1563.0,18583.0796
1697428800,1563.0,1588.97,1560.65,1578.73,72749.9268
1697443200,1578.73,1587.13,1575.0,1582.72,38298.1454
1697457600,1582.71,1639.43,1566.0,1577.6,193019.6159
1697472000,1577.61,1602.47,1573.33,1589.8,50175.2317
1697486400,1589.79,1604.85,1577.74,1599.42,45684.865
1697500800,1599.41,1600.53,1588.3,1589.3,25822.5716
1697515200,1589.31,1592.07,1582.66,1590.38,25136.9265
1697529600,1590.37,1594.05,1582.89,1584.42,27294.0568
1697544000,1584.41,1586.01,1565.0,1575.51,79464.6926
1697558400,1575.5,1580.26,1551.08,1564.15,50830.5939
1697572800,1564.14,1565.84,1557.46,1565.01,26268.2285
1697587200,1565.01,1571.94,1562.4,1568.23,17983.9215
1697601600,1568.23,1582.13,1566.66,1572.47,37417.4361
1697616000,1572.47,1585.42,1568.94,1578.76,33419.4023
1697630400,1578.77,1581.76,1568.56,1570.1,37165.0093
1697644800,1570.11,1574.86,1562.82,1562.95,26070.8467
1697659200,1562.96,1565.87,1555.88,1563.44,25693.6094
1697673600,1563.45,1567.12,1541.61,1549.07,45924.5021
1697688000,1549.06,1553.71,1545.8,1551.91,30291.5512
1697702400,1551.91,1555.36,1541.76,1553.86,29384.0665
1697716800,1553.86,1565.31,1551.0,1561.2,39291.6477
1697731200,1561.2,1574.45,1559.86,1568.0,49123.4238
1697745600,1568.0,1573.15,1563.39,1566.57,22202.4762
1697760000,1566.57,1594.99,1561.19,1586.72,54738.204
1697774400,1586.72,1589.38,1579.06,1583.5,35432.6871
1697788800,1583.49,1630.4,1583.11,1613.15,109857.5989
1697803200,1613.15,1616.49,1597.71,1605.46,67375.2994
1697817600,1605.45,1609.85,1597.15,1606.73,30934.0372
1697832000,1606.73,1610.0,1602.39,1603.89,17657.9654
1697846400,1603.88,1606.45,1592.36,1597.69,17802.1621
1697860800,1597.69,1607.15,1597.21,1606.59,19505.1173
1697875200,1606.58,1609.85,1602.95,1608.68,17410.5936
1697889600,1608.68,1629.64,1602.5,1628.7,42213.6846
1697904000,1628.7,1644.53,1620.16,1635.19,60266.8226
1697918400,1635.18,1636.09,1625.74,1628.94,19221.029
1697932800,1628.94,1641.25,1623.26,1629.73,33360.9601
1697947200,1629.74,1648.0,1624.29,1630.3,51200.0898
1697961600,1630.31,1635.98,1624.5,1628.56,26276.0955
1697976000,1628.57,1637.41,1621.1,1625.75,25976.7104
1697990400,1625.74,1640.95,1624.23,1635.0,22603.7886
1698004800,1634.99,1667.8,1634.21,1663.7,69233.2781
1698019200,1663.69,1701.43,1657.07,1694.54,115141.8556
1698033600,1694.54,1705.79,1671.39,1676.15,74570.4257
1698048000,1676.14,1684.29,1662.34,1676.78,44158.4544
1698062400,1676.77,1684.36,1663.44,1676.49,50721.2546
1698076800,1676.49,1712.62,1671.09,1708.68,99311.7036
1698091200,1708.68,1800.0,1703.7,1765.46,227028.2724
1698105600,1765.47,1850.0,1757.64,1809.26,223410.3789
1698120000,1809.26,1837.36,1800.38,1808.99,89686.518
1698134400,1808.98,1845.69,1806.24,1845.68,73754.2692
1698148800,1845.69,1854.38,1762.13,1778.19,173078.0776
1698163200,1778.18,1799.97,1756.21,1777.52,70046.9863
1698177600,1777.52,1796.38,1763.54,1784.98,44078.9075
1698192000,1784.98,1807.01,1777.21,1788.67,59650.5338
1698206400,1788.67,1795.0,1761.17,1769.23,52817.7612
1698220800,1769.24,1793.32,1760.0,1785.57,51844.8354
1698235200,1785.58,1817.69,1779.24,1806.24,96572.1468
1698249600,1806.23,1814.99,1779.29,1789.91,59960.0017
1698264000,1789.91,1796.42,1776.04,1787.15,33565.5505
1698278400,1787.15,1817.0,1779.42,1816.31,47881.4855
1698292800,1816.31,1857.87,1790.76,1849.34,94428.3846
1698307200,1849.35,1865.54,1803.77,1812.32,115737.0737
1698321600,1812.32,1825.06,1767.0,1778.24,98597.9665
1698336000,1778.23,1794.25,1762.21,1792.54,42446.7202
1698350400,1792.54,1811.55,1790.48,1803.38,32077.4148
1698364800,1803.39,1803.91,1772.83,1791.22,32947.4478
1698379200,1791.22,1796.67,1776.07,1776.77,30923.8034
1698393600,1776.78,1791.37,1775.44,1781.33,35676.4627
1698408000,1781.34,1796.84,1770.25,1782.8,75757.507
1698422400,1782.8,1784.76,1744.66,1774.34,75936.2918
1698436800,1774.33,1784.35,1773.75,1779.4,23291.1794
1698451200,1779.41,1793.46,1778.87,1789.95,24336.5915
1698465600,1789.95,1795.41,1785.51,1787.55,13996.5692
1698480000,1787.55,1803.23,1785.29,1787.86,31098.0204
1698494400,1787.87,1791.71,1775.58,1790.78,24134.0847
1698508800,1790.78,1790.96,1776.75,1777.08,14340.5046
1698523200,1777.08,1783.3,1770.0,1776.2,15013.9678
1698537600,1776.21,1781.9,1762.66,1774.98,19371.2877
1698552000,1774.98,1784.1,1772.34,1783.11,13718.005
1698566400,1783.11,1793.01,1783.02,1788.66,22082.2123
1698580800,1788.65,1800.92,1787.9,1792.19,31560.0999
1698595200,1792.2,1806.77,1786.01,1793.07,33490.4299
1698609600,1793.07,1811.3,1790.82,1795.14,23888.616
1698624000,1795.14,1798.1,1778.43,1782.9,36110.9132
1698638400,1782.91,1792.0,1777.77,1787.15,26693.8549
1698652800,1787.16,1827.45,1784.4,1814.92,92965.5439
1698667200,1814.93,1829.84,1805.4,1819.54,50555.3675
1698681600,1819.54,1819.54,1777.77,1801.51,48709.8709
1698696000,1801.51,1816.33,1796.63,1809.04,22650.6416
1698710400,1809.03,1819.41,1793.74,1795.15,42187.0072
1698724800,1795.15,1804.83,1787.0,1790.58,39081.5759
1698739200,1790.58,1813.99,1780.99,1809.41,44891.5864
1698753600,1809.42,1812.72,1781.36,1791.46,67321.8388
1698768000,1791.46,1814.86,1787.73,1811.47,37577.9971
1698782400,1811.47,1817.67,1801.97,1814.67,27014.5742
1698796800,1814.67,1829.0,1807.68,1809.73,44790.8283
1698811200,1809.73,1810.11,1797.57,1804.64,32433.3607
1698825600,1804.65,1808.27,1792.46,1799.79,39783.9576
1698840000,1799.79,1827.58,1783.19,1792.3,111859.3215
1698854400,1792.29,1850.59,1791.9,1835.9,124165.5636
1698868800,1835.89,1857.66,1835.73,1846.99,118888.5867
1698883200,1846.99,1875.0,1840.29,1858.29,83999.1311
1698897600,1858.28,1859.84,1828.01,1834.85,64719.6418
1698912000,1834.86,1840.0,1820.53,1835.97,47649.5586
1698926400,1835.97,1842.45,1800.6,1803.2,81226.0372
1698940800,1803.2,1812.37,1785.01,1812.36,64276.428
1698955200,1812.37,1813.44,1792.05,1800.8,26867.4226
1698969600,1800.79,1802.87,1777.11,1798.34,52417.9188
1698984000,1798.34,1801.64,1787.46,1798.65,30551.5399
1698998400,1798.66,1804.46,1780.61,1789.65,54111.6456
1699012800,1789.65,1813.71,1784.78,1813.01,59212.5645
1699027200,1813.0,1823.93,1799.72,1816.98,79912.4018
1699041600,1816.98,1834.58,1814.69,1832.71,38794.1972
1699056000,1832.7,1839.77,1824.03,1834.73,33837.1341
1699070400,1834.73,1839.95,1825.59,1833.94,30406.9232
1699084800,1833.94,1847.58,1830.76,1837.49,31538.2995
1699099200,1837.49,1841.03,1828.06,1831.77,23644.8907
1699113600,1831.77,1840.46,1831.16,1835.57,14718.3528
1699128000,1835.57,1869.9,1834.35,1855.54,37392.4361
1699142400,1855.54,1894.0,1846.11,1888.58,61170.6683
1699156800,1888.59,1894.18,1875.15,1884.66,65388.2048
1699171200,1884.66,1896.55,1877.5,1887.88,44844.7988
1699185600,1887.88,1900.0,1864.41,1874.35,76090.127
1699200000,1874.36,1912.67,1872.08,1888.3,69645.2251
1699214400,1888.29,1910.55,1855.45,1891.71,65967.7388
1699228800,1891.71,1899.98,1880.46,1887.21,37835.5893
1699243200,1887.2,1889.84,1868.48,1878.34,57446.1167
1699257600,1878.35,1898.99,1873.12,1898.71,38033.8774
1699272000,1898.72,1914.23,1887.98,1901.26,92273.4067
1699286400,1901.25,1904.0,1885.45,1901.73,55478.9859
1699300800,1901.73,1907.23,1881.72,1900.95,47678.2634
1699315200,1900.95,1903.84,1878.0,1890.11,53366.7471
1699329600,1890.11,1896.52,1885.54,1891.84,28861.6817
1699344000,1891.85,1894.98,1867.01,1873.39,61414.7367
1699358400,1873.4,1880.09,1858.0,1863.1,55709.1655
1699372800,1863.09,1900.0,1850.32,1894.22,79257.4744
1699387200,1894.22,1906.99,1872.72,1885.27,53809.6352
1699401600,1885.26,1893.0,1879.61,1881.98,25745.9895
1699416000,1881.97,1886.43,1872.51,1875.01,28365.068
1699430400,1875.02,1889.08,1873.52,1880.89,37061.835
1699444800,1880.88,1892.49,1880.0,1889.12,38529.7289
1699459200,1889.12,1904.69,1886.7,1899.07,54268.57
1699473600,1899.07,1904.59,1883.01,1888.12,63909.9083
1699488000,1888.11,1925.89,1882.07,1919.33,84595.584
1699502400,1919.32,1929.27,1908.84,1911.38,93050.8548
1699516800,1911.38,1919.57,1904.39,1913.09,64227.9262
1699531200,1913.09,2050.86,1907.15,2035.02,356989.3147
1699545600,2035.01,2048.0,1975.0,2018.55,266733.1274
1699560000,2018.55,2132.0,2010.95,2121.32,234733.5166
1699574400,2121.33,2128.88,2094.35,2120.99,110933.1759
1699588800,2120.99,2136.99,2100.77,2101.44,115174.5045
1699603200,2101.43,2108.99,2082.27,2097.07,111512.7784
1699617600,2097.07,2099.46,2064.61,2089.93,106670.6957
1699632000,2089.94,2103.57,2085.78,2087.98,58596.6697
1699646400,2087.99,2099.45,2070.24,2077.72,52685.8253
1699660800,2077.72,2084.95,2030.3,2046.49,100208.1357
1699675200,2046.5,2060.0,2034.66,2054.94,47671.6355
1699689600,2054.94,2066.19,2046.23,2057.51,43538.8066
1699704000,2057.51,2088.73,2052.54,2068.0,64958.4841
1699718400,2068.0,2089.6,2066.72,2075.75,54819.4755
1699732800,2075.75,2076.02,2032.37,2053.17,59769.4998
1699747200,2053.16,2054.94,2012.1,2051.42,73801.689
1699761600,2051.41,2060.0,2043.64,2057.74,36180.037
1699776000,2057.73,2058.76,2046.13,2047.52,32197.4999
1699790400,2047.52,2066.5,2035.75,2057.12,53733.227
1699804800,2057.12,2059.87,2045.0,2049.12,35438.0531
1699819200,2049.11,2065.87,2030.0,2044.68,50557.053
1699833600,2044.69,2074.4,2035.99,2039.74,89697.7927
1699848000,2039.75,2057.37,2028.49,2048.15,75600.6856
1699862400,2048.15,2061.42,2038.8,2046.73,44731.0336
1699876800,2046.73,2107.42,2039.16,2105.24,143108.4463
1699891200,2105.23,2118.0,2065.35,2100.0,93610.4606
1699905600,2100.01,2102.72,2043.47,2053.65,82395.1627
1699920000,2053.65,2058.47,2031.55,2055.54,61237.6987
1699934400,2055.55,2064.96,2047.61,2060.34,32112.6418
1699948800,2060.34,2064.8,2026.41,2031.84,53938.8052
1699963200,2031.85,2055.9,2020.0,2038.09,95923.097
1699977600,2038.1,2053.8,1936.6,1978.99,170251.2709
1699992000,1978.99,1994.65,1968.8,1979.39,68446.2194
1700006400,1979.4,1991.77,1967.01,1967.76,57930.1183
1700020800,1967.76,1987.88,1967.5,1982.88,55362.3228
1700035200,1982.87,2014.46,1980.65,2013.15,71369.8353
1700049600,2013.16,2023.21,2005.2,2021.26,61529.8454
1700064000,2021.27,2053.0,2001.83,2051.27,113863.8825
1700078400,2051.26,2062.4,2036.05,2058.48,61814.7989
1700092800,2058.49,2080.97,2050.95,2053.01,63862.4715
1700107200,2053.0,2065.0,2048.02,2053.31,37792.3487
1700121600,2053.31,2090.4,2036.07,2068.61,96984.3652
1700136000,2068.61,2069.2,1980.1,1995.67,158344.9906
1700150400,1995.67,2014.4,1939.1,1964.99,123251.9071
1700164800,1965.0,1970.43,1945.52,1961.77,65050.0466
1700179200,1961.77,1991.5,1959.4,1983.97,59412.5249
1700193600,1983.97,1987.2,1967.71,1970.0,45000.1952
1700208000,1970.0,1982.02,1954.64,1965.68,53770.7484
1700222400,1965.69,1970.86,1912.72,1918.35,109420.6922
1700236800,1918.34,1948.97,1904.0,1938.88,89130.3861
1700251200,1938.87,1967.92,1937.36,1960.82,44365.9601
1700265600,1960.82,1961.39,1939.62,1940.8,37786.4846
1700280000,1940.79,1945.47,1916.0,1935.69,68390.8712
1700294400,1935.69,1944.91,1930.81,1934.92,37399.1213
1700308800,1934.93,1955.31,1930.67,1952.8,54426.9904
1700323200,1952.8,1971.22,1952.62,1964.04,59958.4011
1700337600,1964.04,1966.4,1950.25,1962.6,21406.3522
1700352000,1962.59,1962.99,1942.89,1955.76,52435.4952
1700366400,1955.76,1966.72,1952.64,1961.93,25731.1137
1700380800,1961.93,1966.51,1946.0,1952.03,28614.6508
1700395200,1952.03,1969.0,1945.21,1966.8,32822.5292
1700409600,1966.81,1985.32,1966.06,1983.55,42762.7754
1700424000,1983.55,2015.75,1976.11,2011.47,68766.0549
1700438400,2011.47,2013.02,1995.4,1999.52,40630.2071
1700452800,1999.51,2024.5,1993.55,2019.11,41116.8378
1700467200,2019.1,2042.15,2008.55,2024.41,87005.6802
1700481600,2024.41,2050.0,1990.0,2042.22,94403.7311
1700496000,2042.21,2066.4,2011.3,2036.21,112081.9813
1700510400,2036.21,2039.28,2015.0,2021.4,46479.2415
1700524800,2021.41,2034.6,2007.38,2018.55,48239.01
1700539200,2018.56,2019.26,2003.06,2003.77,32868.0336
1700553600,2003.78,2017.59,2001.71,2004.01,43329.4228
1700568000,2004.0,2015.23,1952.01,1988.33,134469.0408
1700582400,1988.34,2020.63,1960.33,1985.6,132868.3486
1700596800,1985.59,2006.0,1931.43,1933.01,98390.1305
1700611200,1933.01,1980.0,1928.41,1978.31,69825.0434
1700625600,1978.31,2001.8,1977.24,1993.73,54252.3368
1700640000,1993.73,2029.4,1992.27,2015.13,69786.6777
1700654400,2015.13,2042.0,2011.28,2033.58,81468.2539
1700668800,2033.58,2082.78,2027.8,2076.97,116952.7075
1700683200,2076.98,2092.46,2058.0,2063.21,73835.4916
1700697600,2063.22,2071.52,2052.07,2059.53,44522.3245
1700712000,2059.52,2069.97,2057.4,2065.69,27354.5878
1700726400,2065.7,2088.94,2041.5,2062.61,72954.9487
1700740800,2062.6,2070.44,2040.35,2042.27,56365.3232
1700755200,2042.28,2067.17,2040.36,2062.19,26790.9693
1700769600,2062.19,2077.31,2059.88,2062.2,22972.5423
1700784000,2062.21,2077.88,2059.37,2064.0,42123.0496
1700798400,2064.0,2082.77,2062.04,2080.02,42869.8469
1700812800,2080.02,2127.29,2075.0,2097.01,121971.5698
1700827200,2097.01,2133.02,2096.22,2116.43,88350.8713
1700841600,2116.44,2125.6,2079.48,2087.51,83060.5583
1700856000,2087.52,2096.0,2060.0,2080.84,48556.6443
1700870400,2080.84,2089.58,2073.22,2086.77,34155.0375
1700884800,2086.76,2089.8,2080.0,2088.08,19969.1378
1700899200,2088.09,2090.54,2065.3,2070.6,31664.6407
1700913600,2070.59,2079.51,2067.47,2078.03,21599.7707
1700928000,2078.04,2084.07,2074.04,2082.51,16569.5221
1700942400,2082.5,2086.43,2080.35,2083.09,14889.2842
1700956800,2083.1,2083.63,2067.38,2075.95,20820.927
1700971200,2075.95,2092.2,2070.83,2088.9,26296.2858
1700985600,2088.89,2094.99,2081.89,2084.66,27490.5899
1701000000,2084.65,2090.0,2060.41,2064.66,60648.7052
1701014400,2064.66,2068.99,2036.42,2057.05,64457.2169
1701028800,2057.04,2081.92,2055.73,2062.33,41549.1888
1701043200,2062.34,2071.24,2038.79,2048.54,43202.3261
1701057600,2048.54,2054.89,2030.0,2045.56,42218.4395
1701072000,2045.57,2052.86,2016.84,2024.99,64044.8916
1701086400,2024.99,2029.47,2000.24,2003.09,70489.0944
1701100800,2003.08,2024.44,1985.78,1994.79,67171.6912
1701115200,1994.78,2029.99,1986.85,2027.5,38946.787
1701129600,2027.5,2040.39,2020.22,2027.22,28655.1144
1701144000,2027.22,2029.74,1995.15,2014.62,41380.7774
1701158400,2014.62,2028.93,2005.62,2028.07,37761.8381
1701172800,2028.07,2042.4,2019.37,2036.39,49254.0484
1701187200,2036.39,2075.0,2035.2,2059.0,92697.5254
1701201600,2059.0,2065.0,2043.1,2048.14,34026.6242
1701216000,2048.14,2057.8,2038.79,2053.27,38533.617
1701230400,2053.26,2063.64,2047.69,2057.61,31373.2468
1701244800,2057.62,2075.7,2045.0,2052.95,55148.4255
1701259200,2052.95,2061.8,2019.97,2031.72,65568.8416
1701273600,2031.72,2042.56,2019.31,2038.9,39774.3764
1701288000,2038.89,2040.17,2020.01,2028.81,24445.2246
1701302400,2028.8,2040.85,2022.5,2040.71,26731.0942
1701316800,2040.71,2044.19,2031.75,2035.76,60289.7631
1701331200,2035.76,2046.82,2020.85,2045.48,32746.3325
1701345600,2045.47,2052.32,2025.02,2033.05,61854.9563
1701360000,2033.04,2044.0,2028.66,2041.43,29696.0928
1701374400,2041.43,2054.75,2039.66,2051.96,32361.8532
1701388800,2051.95,2093.76,2045.04,2092.2,86608.5271
1701403200,2092.2,2107.26,2087.2,2092.75,71796.7014
1701417600,2092.74,2110.87,2086.99,2093.01,71498.2075
1701432000,2093.02,2094.79,2071.0,2080.16,49905.2682
1701446400,2080.16,2110.0,2078.2,2090.2,71989.9635
1701460800,2090.2,2095.95,2082.44,2087.24,20846.9183
1701475200,2087.24,2097.0,2086.25,2092.93,18992.7861
1701489600,2092.92,2106.63,2090.17,2095.99,21078.1769
1701504000,2095.98,2107.0,2095.98,2099.15,25943.1981
1701518400,2099.15,2109.12,2093.39,2104.17,36435.0121
1701532800,2104.18,2186.6,2097.43,2158.77,163366.8066
1701547200,2158.76,2175.8,2152.94,2164.74,55163.997
1701561600,2164.75,2177.41,2155.7,2161.74,39704.716
1701576000,2161.75,2165.44,2152.92,2164.73,28544.8552
1701590400,2164.72,2168.42,2156.47,2159.31,25754.4445
1701604800,2159.3,2165.71,2149.0,2160.48,43694.8003
1701619200,2160.48,2168.84,2150.46,2167.57,30213.9874
1701633600,2167.57,2217.27,2165.16,2192.95,89966.3102
1701648000,2192.96,2228.59,2191.0,2210.51,79585.3125
1701662400,2210.5,2265.0,2210.35,2246.3,136259.6954
1701676800,2246.31,2274.28,2213.66,2237.52,140742.9428
1701691200,2237.53,2255.86,2201.77,2211.75,101821.6887
1701705600,2211.74,2235.65,2209.83,2234.46,52657.756
1701720000,2234.47,2254.0,2220.06,2243.37,54240.318
1701734400,2243.36,2253.52,2222.77,2230.78,47514.2628
1701748800,2230.78,2237.99,2188.33,2200.27,63184.9346
1701763200,2200.26,2210.0,2190.47,2204.86,60940.3426
1701777600,2204.86,2234.18,2199.58,2228.45,70002.1478
1701792000,2228.45,2309.72,2220.0,2272.72,209501.6481
1701806400,2272.73,2298.63,2252.0,2293.33,78686.3855
1701820800,2293.33,2312.23,2273.94,2281.8,79645.061
1701835200,2281.8,2284.75,2258.38,2265.82,53391.4411
1701849600,2265.82,2287.78,2233.72,2253.15,89154.4826
1701864000,2253.15,2269.0,2247.45,2252.25,69436.0775
1701878400,2252.26,2284.6,2250.34,2262.8,55729.8781
1701892800,2262.79,2265.11,2220.0,2232.7,60981.9653
1701907200,2232.7,2250.2,2230.63,2249.07,33819.3012
1701921600,2249.07,2269.42,2247.94,2261.66,37516.7471
1701936000,2261.67,2268.96,2222.0,2236.05,86195.8044
1701950400,2236.04,2329.94,2232.05,2321.39,123345.5343
1701964800,2321.39,2356.0,2316.38,2335.62,129875.1779
1701979200,2335.62,2382.8,2335.23,2355.73,74437.496
1701993600,2355.74,2387.16,2352.31,2375.23,57423.9257
1702008000,2375.23,2392.0,2352.72,2352.81,59785.1625
1702022400,2352.81,2373.0,2345.17,2365.84,66229.2295
1702036800,2365.85,2376.8,2336.34,2346.08,99280.4778
1702051200,2346.07,2361.13,2340.65,2353.0,50363.2924
1702065600,2353.0,2376.41,2352.21,2358.72,45487.7247
1702080000,2358.71,2366.43,2349.38,2360.26,27433.8946
1702094400,2360.27,2386.73,2359.44,2383.1,44208.8015
1702108800,2383.11,2403.0,2348.12,2356.35,85911.3783
1702123200,2356.35,2369.01,2337.0,2362.72,65075.1643
1702137600,2362.73,2365.76,2342.1,2357.56,30192.1563
1702152000,2357.57,2362.79,2328.01,2340.49,34949.6714
1702166400,2340.48,2354.85,2340.0,2351.26,21354.7656
1702180800,2351.27,2358.86,2344.65,2354.0,21178.7369
1702195200,2354.0,2356.1,2320.0,2337.65,47848.6759
1702209600,2337.65,2355.96,2337.45,2352.0,39519.2229
1702224000,2351.99,2361.36,2340.16,2355.0,29726.3812
1702238400,2355.0,2377.47,2343.57,2352.39,40409.4277
1702252800,2352.39,2355.0,2161.0,2251.43,186771.4064
1702267200,2251.42,2254.41,2226.6,2237.36,84466.5938
1702281600,2237.35,2253.16,2230.5,2249.68,56064.8753
1702296000,2249.68,2252.16,2201.0,2219.34,87708.0818
1702310400,2219.35,2221.98,2156.62,2187.61,164024.2449
1702324800,2187.6,2227.0,2181.16,2225.12,61379.7144
1702339200,2225.11,2244.12,2221.19,2231.6,50957.3437
1702353600,2231.59,2239.46,2211.91,2233.46,55654.1764
1702368000,2233.45,2239.01,2207.08,2208.39,45769.2677
1702382400,2208.39,2233.26,2185.83,2192.99,81797.3444
1702396800,2193.0,2198.53,2166.98,2179.05,74579.4107
1702411200,2179.05,2206.42,2166.0,2203.46,52831.3658
1702425600,2203.47,2206.89,2150.0,2166.03,74098.3216
1702440000,2166.03,2180.0,2144.32,2172.49,83562.7481
1702454400,2172.48,2186.09,2168.16,2171.64,42821.5214
1702468800,2171.65,2225.92,2169.07,2217.7,67467.5824
1702483200,2217.69,2255.2,2201.34,2253.03,81525.8715
1702497600,2253.04,2284.02,2245.05,2260.16,69440.5704
1702512000,2260.16,2262.23,2245.97,2251.39,33443.5169
1702526400,2251.39,2283.51,2246.7,2282.84,58836.4698
1702540800,2282.84,2308.0,2271.33,2307.35,83809.4273
1702555200,2307.35,2320.21,2228.2,2275.0,129595.3201
1702569600,2275.0,2313.77,2274.59,2293.0,63313.8092
1702584000,2292.99,2332.11,2282.95,2315.32,40509.5498
1702598400,2315.32,2317.81,2273.85,2280.45,43642.7979
1702612800,2280.45,2283.6,2256.8,2271.46,69923.9141
1702627200,2271.47,2286.59,2265.43,2272.74,62114.3189
1702641600,2272.75,2273.46,2224.82,2231.77,78625.1287
1702656000,2231.76,2248.88,2228.39,2242.22,36393.4299
1702670400,2242.22,2252.18,2200.0,2220.5,42853.0433
1702684800,2220.51,2259.0,2210.0,2254.27,44290.1732
1702699200,2254.28,2255.0,2237.74,2241.45,33593.9891
1702713600,2241.44,2253.86,2239.45,2253.71,27991.9648
1702728000,2253.7,2259.3,2240.0,2256.74,31631.5968
1702742400,2256.75,2263.4,2230.6,2235.17,34560.8094
1702756800,2235.16,2241.85,2220.12,2228.96,27217.3897
1702771200,2228.96,2233.69,2210.77,2216.26,34891.2523
1702785600,2216.26,2223.92,2200.77,2208.63,33972.7258
1702800000,2208.64,2220.15,2204.92,2215.97,29442.4896
1702814400,2215.98,2226.0,2200.28,2221.71,40521.1392
1702828800,2221.7,2241.71,2210.8,2234.5,43618.254
1702843200,2234.51,2248.68,2191.5,2196.52,43479.9066
1702857600,2196.53,2204.59,2161.78,2174.8,60466.0095
1702872000,2174.8,2184.56,2165.1,2169.19,40892.8873
1702886400,2169.19,2178.0,2116.6,2142.19,100533.8876
1702900800,2142.19,2173.85,2127.4,2155.2,64003.603
1702915200,2155.2,2175.85,2149.47,2174.8,38664.5823
1702929600,2174.81,2224.0,2167.4,2219.43,59542.1484
1702944000,2219.44,2252.8,2211.75,2237.11,67968.3955
1702958400,2237.11,2253.34,2231.6,2247.99,48095.9842
1702972800,2247.98,2255.0,2234.6,2236.13,50504.9339
1702987200,2236.13,2241.27,2179.0,2191.38,85379.1111
1703001600,2191.37,2205.3,2135.55,2176.68,98518.3936
1703016000,2176.68,2186.4,2164.74,2177.91,33084.5866
1703030400,2177.9,2190.85,2170.44,2186.28,36092.8949
1703044800,2186.27,2222.8,2183.62,2216.76,51489.5107
1703059200,2216.76,2224.26,2204.49,2211.4,53161.3514
1703073600,2211.4,2266.0,2202.92,2246.96,107344.3035
1703088000,2246.96,2249.71,2193.0,2204.51,82451.6623
1703102400,2204.51,2207.13,2156.0,2202.17,86301.9044
1703116800,2202.17,2202.4,2182.98,2200.61,47050.5509
1703131200,2200.61,2219.65,2192.57,2215.11,47494.3333
1703145600,2215.11,2256.4,2204.36,2253.01,84175.0296
1703160000,2253.0,2279.31,2201.0,2232.51,138386.5801
1703174400,2232.51,2245.4,2218.32,2225.12,81671.7101
1703188800,2225.12,2262.83,2217.75,2239.61,54291.5212
1703203200,2239.6,2261.16,2230.59,2249.1,60751.6935
1703217600,2249.1,2297.75,2245.57,2273.22,130691.3503
1703232000,2273.22,2331.0,2268.0,2313.03,175476.5315
1703246400,2313.04,2343.15,2290.0,2319.74,115482.9626
1703260800,2319.74,2341.47,2305.88,2310.09,64862.7522
1703275200,2310.09,2327.58,2303.18,2324.54,44092.1979
1703289600,2324.54,2330.65,2265.97,2272.84,69777.6205
1703304000,2272.85,2295.57,2265.0,2283.54,39900.4656
1703318400,2283.55,2293.8,2281.0,2286.98,28233.8285
1703332800,2286.98,2298.13,2285.1,2285.51,36264.8084
1703347200,2285.51,2312.38,2283.21,2292.26,44279.4355
1703361600,2292.25,2315.63,2285.3,2308.2,37170.7767
1703376000,2308.2,2326.19,2294.11,2316.67,59799.7391
1703390400,2316.67,2321.8,2275.0,2295.02,63314.7866
1703404800,2295.03,2298.13,2273.57,2288.91,42020.0107
1703419200,2288.92,2306.89,2284.41,2293.03,40872.0486
1703433600,2293.02,2297.4,2282.13,2288.19,34207.3702
1703448000,2288.19,2288.72,2245.0,2264.05,67737.1208
1703462400,2264.04,2276.76,2253.1,2276.11,38928.0628
1703476800,2276.1,2290.0,2274.99,2280.54,32392.991
1703491200,2280.55,2287.0,2264.44,2278.73,42066.4523
1703505600,2278.73,2304.8,2273.28,2286.48,71325.9453
1703520000,2286.48,2288.6,2269.02,2273.19,53842.6177
1703534400,2273.18,2286.43,2256.61,2271.35,47721.0925
1703548800,2271.36,2274.99,2263.73,2268.73,34884.6894
1703563200,2268.72,2271.39,2220.0,2241.4,92239.849
1703577600,2241.41,2244.29,2218.32,2242.6,69959.8589
1703592000,2242.6,2250.66,2224.52,2228.99,70587.0422
1703606400,2228.99,2232.93,2178.45,2211.7,105415.2104
1703620800,2211.7,2232.4,2209.21,2230.88,37326.5092
1703635200,2230.88,2233.84,2211.88,2216.93,44983.1369
1703649600,2216.92,2231.2,2216.2,2228.52,35432.113
1703664000,2228.52,2291.28,2226.78,2285.93,91514.5977
1703678400,2285.92,2355.6,2275.8,2341.96,169002.6205
1703692800,2341.96,2376.59,2334.1,2346.67,123257.5106
1703707200,2346.67,2392.44,2344.66,2378.35,77347.3787
1703721600,2378.35,2445.8,2376.14,2413.65,134943.1663
1703736000,2413.65,2425.58,2364.77,2380.0,94711.878
1703750400,2379.99,2410.56,2372.17,2401.46,74101.8051
1703764800,2401.46,2413.0,2345.0,2358.85,149313.6219
1703779200,2358.85,2382.45,2348.1,2362.27,70359.9634
1703793600,2362.27,2363.56,2335.0,2344.15,57029.5473
1703808000,2344.15,2363.77,2311.16,2351.9,91120.591
1703822400,2351.89,2360.0,2331.0,2332.69,46248.8452
1703836800,2332.68,2378.2,2331.64,2372.1,60961.0733
1703851200,2372.11,2385.41,2317.12,2327.18,84182.7593
1703865600,2327.19,2332.94,2283.0,2316.88,105076.7315
1703880000,2316.87,2317.48,2255.34,2299.2,62611.2066
1703894400,2299.2,2309.79,2287.24,2298.06,27387.4567
1703908800,2298.07,2308.62,2293.14,2295.68,20712.3921
1703923200,2295.69,2296.58,2268.0,2288.14,51469.1796
1703937600,2288.14,2316.8,2282.44,2312.97,43931.6173
1703952000,2312.97,2322.84,2295.82,2299.87,40722.3301
1703966400,2299.88,2305.64,2277.0,2291.68,26316.1569
1703980800,2291.68,2304.55,2277.63,2284.02,26528.5774
1703995200,2284.02,2304.6,2279.28,2294.81,22434.1108
1704009600,2294.8,2315.74,2290.0,2308.6,45324.54
1704024000,2308.59,2321.34,2290.7,2298.99,45559.9738
1704038400,2299.0,2309.42,2290.8,2294.83,33396.2874
1704052800,2294.83,2294.83,2258.88,2281.87,48932.3885
1704067200,2281.87,2306.6,2271.0,2273.81,35739.3336
1704081600,2273.8,2287.88,2265.24,2284.67,28107.5133
1704096000,2284.68,2305.05,2280.0,2304.47,27894.1092
1704110400,2304.47,2318.34,2294.84,2314.7,32165.8522
1704124800,2314.69,2340.98,2306.48,2337.26,46802.2526
1704139200,2337.27,2352.37,2323.66,2352.04,45993.6305
1704153600,2352.05,2397.56,2346.95,2386.43,99666.5004
1704168000,2386.42,2392.4,2373.69,2385.84,50541.6586
1704182400,2385.84,2431.3,2380.09,2391.24,106170.146
1704196800,2391.24,2404.68,2352.04,2357.48,88164.7305
1704211200,2357.48,2372.75,2350.19,2369.19,56961.7444
1704225600,2369.19,2380.0,2341.0,2355.34,56536.8843
1704240000,2355.35,2384.66,2347.4,2368.51,46709.8425
1704254400,2368.51,2380.9,2356.99,2361.64,46554.4864
1704268800,2361.65,2385.45,2294.01,2307.68,108706.848
1704283200,2307.99,2308.6,2100.0,2240.4,369717.4363
1704297600,2240.39,2245.33,2188.0,2206.53,152307.7741
1704312000,2206.54,2227.87,2196.23,2209.72,74733.0996
1704326400,2209.72,2239.79,2201.91,2231.08,59330.807
1704340800,2231.07,2244.93,2220.0,2221.85,69021.4307
1704355200,2221.85,2230.71,2205.0,2228.14,61027.0652
1704369600,2228.13,2285.99,2222.7,2276.87,113391.0443
1704384000,2276.88,2294.08,2259.1,2274.27,91424.2633
1704398400,2274.27,2294.69,2261.57,2267.11,54649.4445
1704412800,2267.11,2274.76,2212.0,2242.28,76882.3448
1704427200,2242.29,2265.72,2234.3,2252.75,58488.1076
1704441600,2252.75,2269.0,2233.23,2241.97,69688.8831
1704456000,2241.97,2253.64,2218.0,2224.99,87112.2909
1704470400,2225.0,2240.67,2206.17,2234.26,56104.9998
1704484800,2234.26,2277.21,2234.18,2268.78,57291.3744
1704499200,2268.78,2270.0,2250.4,2252.99,29406.1886
1704513600,2253.0,2255.66,2216.4,2233.12,50658.6262
1704528000,2233.13,2240.0,2228.58,2238.67,27814.5757
1704542400,2238.67,2248.32,2228.37,2246.4,41078.7707
1704556800,2246.41,2254.77,2237.5,2244.63,22234.5726
1704571200,2244.64,2247.5,2230.62,2240.78,22875.1318
1704585600,2240.77,2254.03,2235.58,2242.2,27632.6356
1704600000,2242.19,2251.44,2241.0,2249.15,21360.1339
1704614400,2249.15,2253.0,2230.26,2237.04,29108.3733
1704628800,2237.05,2258.01,2222.46,2230.83,49500.438
1704643200,2230.83,2249.98,2221.0,2248.6,30625.9852
1704657600,2248.6,2251.27,2203.46,2221.42,48911.1267
1704672000,2221.42,2224.41,2166.38,2190.87,90216.8028
1704686400,2190.88,2230.0,2188.0,2224.08,62506.4396
1704700800,2224.07,2242.0,2204.47,2240.61,56230.0287
1704715200,2240.61,2283.02,2239.81,2269.59,113126.5618
1704729600,2269.59,2358.2,2259.39,2354.56,159339.9284
1704744000,2354.57,2357.79,2325.36,2330.44,57987.7934
1704758400,2330.43,2336.7,2289.98,2309.13,71375.7143
1704772800,2309.12,2319.01,2297.26,2306.05,34995.7766
1704787200,2306.05,2311.3,2285.4,2298.76,45679.4185
1704801600,2298.77,2304.21,2226.78,2257.18,111002.1449
1704816000,2257.18,2278.03,2243.41,2270.91,54245.3963
1704830400,2270.91,2371.72,2247.72,2344.29,234156.5425
1704844800,2344.3,2400.53,2339.59,2361.51,131181.1198
1704859200,2361.5,2393.22,2358.0,2368.75,74187.4767
1704873600,2368.75,2431.0,2362.64,2402.21,135704.7135
1704888000,2402.21,2456.0,2342.0,2449.3,208501.6899
1704902400,2449.3,2481.59,2400.71,2477.9,151178.7396
1704916800,2477.9,2643.1,2411.0,2584.38,337634.9265
1704931200,2584.37,2614.76,2566.01,2613.01,123879.4331
1704945600,2613.0,2630.0,2573.01,2589.15,125604.3082
1704960000,2589.15,2665.74,2586.66,2657.9,107315.6155
1704974400,2657.89,2689.39,2593.6,2613.19,266549.6639
1704988800,2613.19,2625.13,2570.0,2622.07,142383.1743
1705003200,2622.07,2632.28,2587.48,2618.01,72980.0627
1705017600,2618.01,2624.29,2580.0,2589.81,59022.5645
1705032000,2589.81,2626.43,2585.62,2595.73,77766.0906
1705046400,2595.72,2667.99,2584.11,2647.59,117234.1929
1705060800,2647.58,2717.32,2634.0,2647.02,240727.7862
1705075200,2647.02,2688.83,2560.71,2584.43,205091.027
1705089600,2584.44,2598.2,2458.0,2522.54,187616.1015
1705104000,2522.55,2557.15,2497.5,2548.53,110026.1804
1705118400,2548.53,2561.68,2539.2,2550.99,48963.4871
1705132800,2550.99,2560.55,2521.18,2542.5,69772.9872
1705147200,2542.5,2566.19,2531.15,2563.83,68807.0084
1705161600,2563.83,2580.0,2550.0,2571.91,85176.9231
1705176000,2571.91,2590.0,2562.8,2578.19,39314.6458
1705190400,2578.18,2578.69,2549.72,2550.99,47916.0221
1705204800,2551.0,2555.88,2541.8,2550.83,50188.6072
1705219200,2550.84,2553.8,2534.58,2538.0,34210.4543
1705233600,2538.01,2546.58,2524.39,2537.68,40228.5753
1705248000,2537.68,2543.97,2500.0,2501.0,51466.1801
1705262400,2500.99,2531.93,2470.0,2472.87,82197.9073
1705276800,2472.87,2513.91,2470.92,2503.32,94132.6456
1705291200,2503.32,2521.0,2502.97,2513.29,31632.2618
1705305600,2513.29,2542.86,2506.88,2539.35,37060.7093
1705320000,2539.36,2549.02,2505.8,2514.49,71124.084
1705334400,2514.49,2553.82,2514.05,2534.7,49430.7011
1705348800,2534.69,2539.38,2500.33,2511.78,31867.4801
1705363200,2511.79,2538.23,2505.0,2537.6,38349.9318
1705377600,2537.6,2542.14,2522.3,2528.26,35810.3588
1705392000,2528.25,2549.38,2521.98,2530.77,53355.1576
1705406400,2530.78,2570.79,2500.05,2559.44,109503.6633
1705420800,2559.44,2579.62,2548.63,2574.06,70677.2296
1705435200,2574.06,2614.43,2571.79,2587.4,73381.2836
1705449600,2587.41,2592.97,2571.17,2571.43,48038.2175
1705464000,2571.43,2575.57,2551.81,2552.52,45563.8461
1705478400,2552.53,2554.06,2534.4,2542.85,54881.3893
1705492800,2542.86,2574.75,2532.67,2539.46,108148.7638
1705507200,2539.47,2544.75,2517.22,2533.29,63038.6412
1705521600,2533.29,2544.81,2506.75,2530.19,46610.4898
1705536000,2530.2,2533.44,2510.03,2529.94,43878.1518
1705550400,2529.95,2540.69,2524.72,2538.99,55578.4053
1705564800,2538.99,2550.0,2514.04,2522.41,71641.1117
1705579200,2522.42,2535.27,2503.77,2525.64,58661.4467
1705593600,2525.65,2526.15,2430.0,2439.5,147653.6733
1705608000,2439.5,2472.86,2428.56,2470.81,74677.3186
1705622400,2470.81,2474.59,2443.13,2460.4,56987.9341
1705636800,2460.4,2474.82,2456.63,2465.51,39586.0535
1705651200,2465.5,2496.62,2460.44,2488.97,49510.6618
1705665600,2488.98,2499.87,2460.37,2462.98,75418.5116
1705680000,2462.98,2504.0,2415.2,2493.37,160809.6453
1705694400,2493.37,2504.2,2481.0,2492.0,41896.1966
1705708800,2491.99,2492.0,2475.0,2481.22,27693.8609
1705723200,2481.22,2486.27,2475.29,2478.47,17455.254
1705737600,2478.48,2480.07,2463.31,2470.59,26271.5669
1705752000,2470.58,2475.91,2458.33,2463.83,24490.7953
1705766400,2463.83,2467.81,2454.2,2461.52,20922.7838
1705780800,2461.52,2474.88,2460.2,2472.01,19786.6968
1705795200,2472.02,2481.0,2465.0,2475.42,19309.4476
1705809600,2475.43,2476.07,2466.64,2476.06,13416.8352
1705824000,2476.06,2482.18,2471.98,2473.65,19343.1192
1705838400,2473.65,2481.05,2464.08,2468.01,30747.8267
1705852800,2468.01,2478.49,2464.16,2474.26,18074.1371
1705867200,2474.27,2475.4,2452.13,2457.05,21680.8029
1705881600,2457.06,2466.1,2424.0,2437.56,51796.1991
1705896000,2437.56,2438.69,2402.5,2420.8,69828.4902
1705910400,2420.8,2420.8,2361.6,2381.34,112462.0915
1705924800,2381.34,2404.97,2353.61,2379.61,100569.7707
1705939200,2379.6,2385.08,2305.27,2321.87,110415.0315
1705953600,2321.88,2351.53,2303.59,2314.2,81266.0662
1705968000,2314.19,2342.95,2312.67,2339.16,50633.3738
1705982400,2339.16,2352.23,2316.12,2323.49,64102.031
1705996800,2323.49,2326.83,2203.11,2218.14,207719.5356
1706011200,2218.14,2232.98,2168.07,2219.39,186789.2874
1706025600,2219.39,2232.01,2181.0,2185.7,116348.04
1706040000,2185.69,2248.21,2183.04,2242.6,74513.0636
1706054400,2242.6,2255.66,2211.64,2213.45,74939.3684
1706068800,2213.46,2244.98,2213.15,2234.51,42061.0474
1706083200,2234.5,2264.6,2229.0,2244.16,55886.0094
1706097600,2244.16,2248.19,2218.3,2234.88,72666.9549
1706112000,2234.89,2244.52,2203.32,2213.13,62095.218
1706126400,2213.13,2239.8,2196.12,2235.02,52202.5515
1706140800,2235.02,2239.6,2206.32,2216.88,37868.1415
1706155200,2216.88,2227.71,2203.37,2227.64,29131.2277
1706169600,2227.64,2242.89,2216.75,2231.59,51727.1268
1706184000,2231.59,2234.2,2181.91,2188.0,77392.8943
1706198400,2188.0,2224.55,2171.3,2218.21,89742.5797
1706212800,2218.22,2231.65,2212.23,2218.64,44564.6361
1706227200,2218.64,2237.8,2211.12,2223.42,35294.6491
1706241600,2223.41,2229.6,2195.84,2197.47,46685.7379
1706256000,2197.46,2260.66,2195.99,2254.02,93994.3241
1706270400,2254.02,2265.19,2234.46,2257.9,71448.4567
1706284800,2257.89,2282.36,2251.07,2258.51,83899.1179
1706299200,2258.51,2272.0,2252.49,2267.68,32244.1398
1706313600,2267.67,2282.94,2265.23,2274.13,29021.002
1706328000,2274.13,2276.56,2253.41,2258.45,23564.103
1706342400,2258.45,2271.49,2251.4,2265.48,26251.635
1706356800,2265.48,2275.1,2262.13,2270.18,20075.0044
1706371200,2270.18,2277.49,2261.35,2272.69,20371.0644
1706385600,2272.7,2275.69,2261.47,2267.94,25826.5748
1706400000,2267.94,2289.0,2263.0,2287.17,33602.0418
1706414400,2287.17,2308.24,2281.81,2282.92,41971.8164
1706428800,2282.91,2301.41,2276.97,2281.08,38463.3915
1706443200,2281.08,2286.08,2261.91,2270.17,36587.2898
1706457600,2270.17,2276.0,2245.03,2253.89,31196.0233
1706472000,2253.88,2266.41,2239.89,2256.9,27506.3459
1706486400,2256.9,2278.19,2250.57,2272.11,32243.9103
1706500800,2272.11,2274.23,2258.28,2259.4,26255.5557
1706515200,2259.39,2277.0,2253.98,2264.17,35480.6721
1706529600,2264.17,2275.93,2233.8,2275.8,65353.6979
1706544000,2275.81,2315.45,2265.54,2293.46,104403.977
1706558400,2293.46,2322.34,2292.21,2317.6,41790.2646
1706572800,2317.61,2327.97,2304.0,2311.4,47782.9934
1706587200,2311.4,2314.69,2301.0,2309.29,33422.5483
1706601600,2309.3,2318.22,2302.82,2314.01,31528.5593
1706616000,2314.0,2347.55,2297.0,2340.91,105850.5005
1706630400,2340.91,2381.0,2335.73,2374.93,102121.7792
1706644800,2374.93,2391.98,2337.06,2343.01,52173.1984
1706659200,2343.0,2351.6,2327.27,2342.91,52908.7697
1706673600,2342.9,2344.55,2330.0,2340.84,33082.3567
1706688000,2340.84,2343.52,2280.77,2300.18,80945.5262
1706702400,2300.18,2333.0,2291.69,2329.42,75344.0954
1706716800,2329.42,2350.3,2309.51,2323.38,84379.6531
1706731200,2323.39,2324.67,2263.57,2283.14,70455.7848
1706745600,2283.15,2289.6,2240.0,2257.21,68099.1604
1706760000,2257.2,2277.78,2251.91,2271.96,48678.6864
1706774400,2271.95,2278.12,2265.2,2266.66,33862.5597
1706788800,2266.67,2308.45,2263.2,2288.88,71094.1048
1706803200,2288.89,2311.72,2267.54,2304.79,61350.694
1706817600,2304.79,2309.78,2287.0,2304.28,27912.2485
1706832000,2304.28,2320.48,2298.54,2301.66,33767.1517
1706846400,2301.66,2319.81,2296.87,2313.73,40604.8215
1706860800,2313.73,2319.37,2305.01,2318.36,30964.7091
1706875200,2318.36,2324.74,2281.94,2313.99,68104.1247
1706889600,2314.0,2323.88,2286.69,2301.41,46415.986
1706904000,2301.42,2310.0,2295.05,2309.06,18373.718
1706918400,2309.07,2329.98,2306.75,2321.45,33042.1771
1706932800,2321.45,2325.28,2313.46,2314.39,16058.75
1706947200,2314.38,2316.39,2300.24,2303.89,19307.6667
1706961600,2303.88,2309.65,2292.75,2303.64,23197.0303
1706976000,2303.65,2313.88,2297.0,2303.46,26479.7836
1706990400,2303.45,2305.69,2293.83,2296.49,15147.4373
1707004800,2296.5,2306.53,2291.0,2302.96,15488.8829
1707019200,2302.97,2303.61,2287.0,2290.78,22543.3432
1707033600,2290.79,2309.99,2286.71,2305.62,21035.5712
1707048000,2305.62,2309.66,2297.46,2301.68,23055.0468
1707062400,2301.67,2308.48,2266.0,2279.65,41928.864
1707076800,2279.64,2311.0,2273.73,2289.79,47180.3363
1707091200,2289.79,2297.77,2269.11,2296.27,30890.8697
1707105600,2296.28,2312.32,2289.45,2310.17,29353.0217
1707120000,2310.18,2332.9,2310.17,2329.62,47957.6175
1707134400,2329.63,2338.41,2294.21,2298.71,53343.5684
1707148800,2298.72,2312.56,2291.0,2304.48,40164.2658
1707163200,2304.49,2305.99,2283.63,2301.83,34901.0689
1707177600,2301.84,2329.78,2299.0,2316.85,36531.3539
1707192000,2316.85,2327.86,2308.19,2327.16,44988.0828
1707206400,2327.16,2344.0,2316.9,2325.49,73698.1125
1707220800,2325.49,2349.0,2311.9,2343.74,79240.6473
1707235200,2343.73,2379.95,2340.37,2379.12,75091.5387
1707249600,2379.13,2392.4,2371.91,2372.64,59393.0146
1707264000,2372.63,2390.66,2363.0,2364.75,41317.0464
1707278400,2364.75,2368.76,2357.06,2362.92,33767.0711
1707292800,2362.91,2377.42,2354.0,2361.66,39126.261
1707307200,2361.67,2385.45,2361.0,2369.66,59497.1401
1707321600,2369.66,2425.46,2368.85,2419.96,101426.198
1707336000,2419.97,2444.44,2419.96,2425.1,67657.9847
1707350400,2425.09,2444.39,2423.94,2433.48,53661.7238
1707364800,2433.48,2435.32,2411.01,2421.21,37536.9421
1707379200,2421.2,2429.58,2416.06,2425.3,36635.157
1707393600,2425.29,2463.15,2416.63,2453.88,95794.0957
1707408000,2453.88,2455.69,2413.44,2421.53,78026.8601
1707422400,2421.54,2434.23,2418.49,2419.55,36385.2752
1707436800,2419.56,2466.0,2419.16,2448.67,61649.8305
1707451200,2448.67,2463.99,2440.19,2453.61,51527.0778
1707465600,2453.6,2507.4,2453.37,2503.2,93081.9973
1707480000,2503.19,2525.0,2476.57,2495.33,146517.4401
1707494400,2495.33,2523.66,2478.07,2485.96,96732.6886
1707508800,2485.96,2506.64,2483.89,2486.56,42875.3507
1707523200,2486.56,2514.8,2483.09,2512.21,29699.4745
1707537600,2512.21,2516.0,2494.49,2495.21,22753.0451
1707552000,2495.21,2498.74,2471.57,2483.1,39453.8054
1707566400,2483.11,2496.97,2480.76,2490.45,28535.3108
1707580800,2490.45,2497.51,2483.4,2497.51,21758.4841
1707595200,2497.51,2516.45,2492.21,2500.24,42899.4701
1707609600,2500.24,2529.02,2493.8,2529.02,45682.9934
1707624000,2529.02,2537.58,2514.76,2527.52,41606.5955
1707638400,2527.53,2539.63,2511.79,2531.28,35472.7823
1707652800,2531.29,2532.31,2505.0,2508.94,36711.6375
1707667200,2508.94,2520.58,2496.8,2507.73,33492.446
1707681600,2507.74,2514.31,2493.45,2507.21,27008.6924
1707696000,2507.22,2525.0,2493.01,2500.12,42358.2185
1707710400,2500.13,2504.34,2481.05,2501.71,28980.3075
1707724800,2501.7,2505.5,2472.0,2488.16,37628.5861
1707739200,2488.16,2563.17,2481.08,2557.87,103323.9498
1707753600,2557.87,2638.91,2536.63,2610.25,159218.3706
1707768000,2610.25,2665.58,2610.24,2659.99,77992.3435
1707782400,2659.99,2686.0,2635.96,2640.47,78634.0703
1707796800,2640.46,2654.38,2638.0,2648.64,45975.4913
1707811200,2648.64,2686.06,2647.07,2681.75,72813.2591
1707825600,2681.75,2686.12,2590.0,2630.99,176828.6022
1707840000,2631.0,2640.29,2592.37,2611.42,82295.8043
1707854400,2611.42,2648.6,2610.8,2639.99,45900.5178
1707868800,2639.99,2644.0,2618.4,2636.88,35113.1108
1707883200,2636.89,2654.53,2620.76,2653.05,32031.9024
1707897600,2653.04,2760.0,2647.58,2755.87,170408.392
1707912000,2755.86,2772.28,2730.32,2749.4,108875.4562
1707926400,2749.4,2766.5,2726.54,2761.8,71444.7686
1707940800,2761.8,2786.0,2754.89,2774.81,43797.0644
1707955200,2774.8,2825.75,2771.61,2801.39,96484.3047
1707969600,2801.39,2802.33,2759.25,2772.33,53929.1635
1707984000,2772.32,2801.97,2768.34,2793.21,47946.4747
1707998400,2793.22,2867.65,2775.91,2826.27,154814.1094
1708012800,2826.27,2841.44,2802.49,2834.13,72752.9189
1708027200,2834.13,2845.59,2786.2,2822.59,55762.2162
1708041600,2822.58,2857.4,2820.35,2846.18,54911.1123
1708056000,2846.18,2852.4,2811.75,2815.05,47742.241
1708070400,2815.05,2835.4,2794.31,2823.59,61565.7137
1708084800,2823.6,2847.22,2740.0,2776.01,123265.8598
1708099200,2776.01,2807.39,2756.75,2762.91,63579.0384
1708113600,2762.92,2810.0,2758.45,2801.8,27006.8385
1708128000,2801.81,2804.21,2777.64,2793.4,25515.1071
1708142400,2793.39,2798.51,2778.99,2795.57,27088.0962
1708156800,2795.56,2795.57,2765.22,2780.57,40578.7452
1708171200,2780.58,2786.96,2719.01,2754.33,82979.8313
1708185600,2754.33,2776.74,2742.73,2774.31,36486.165
1708200000,2774.32,2801.16,2771.49,2785.93,30654.9311
1708214400,2785.92,2797.4,2764.25,2781.68,52629.066
1708228800,2781.69,2806.99,2778.9,2801.0,54935.9695
1708243200,2801.0,2822.93,2796.66,2803.4,48407.202
1708257600,2803.4,2813.2,2785.89,2807.49,50249.4761
1708272000,2807.49,2844.5,2794.33,2827.86,56713.9124
1708286400,2827.86,2895.0,2817.09,2881.2,105052.2573
1708300800,2881.2,2893.0,2856.93,2886.78,54302.8822
1708315200,2886.79,2931.0,2880.84,2926.38,83869.8806
1708329600,2926.38,2928.36,2892.25,2913.2,60928.007
1708344000,2913.2,2919.79,2886.03,2908.93,60519.2607
1708358400,2908.93,2953.84,2887.29,2934.03,107377.9313
1708372800,2934.04,2984.52,2927.0,2944.8,79453.0783
1708387200,2944.8,2955.56,2903.31,2907.0,71050.264
1708401600,2907.0,2935.38,2902.38,2921.78,43204.184
1708416000,2921.78,2941.0,2874.56,2935.31,91806.162
1708430400,2935.3,3004.6,2900.0,2925.09,231505.7114
1708444800,2925.08,2987.0,2885.47,2985.98,109550.4288
1708459200,2985.98,3033.09,2966.23,3014.81,87564.9969
1708473600,3014.81,3017.15,2988.6,3005.14,60621.901
1708488000,3005.15,3010.0,2921.9,2940.54,93330.3468
1708502400,2940.54,2956.84,2887.23,2899.1,119570.0275
1708516800,2899.11,2928.31,2868.0,2914.81,149314.7272
1708531200,2914.81,2938.0,2886.0,2913.0,92144.8947
1708545600,2912.99,2980.0,2897.46,2967.9,80973.1061
1708560000,2967.91,2968.59,2906.51,2935.51,66660.5836
1708574400,2935.52,2998.0,2920.98,2993.79,107720.5121
1708588800,2993.79,3032.86,2971.0,2990.8,121730.7802
1708603200,2990.8,3005.0,2929.39,2986.95,117091.3468
1708617600,2986.95,3002.8,2960.93,2987.96,63631.0122
1708632000,2987.96,3036.02,2969.35,2971.4,86691.7587
1708646400,2971.4,2993.8,2932.81,2955.95,69733.6425
1708660800,2955.95,2967.89,2923.26,2933.62,64531.3777
1708675200,2933.61,2948.65,2913.3,2943.63,67902.8897
1708689600,2943.63,2962.77,2913.26,2916.07,102400.6433
1708704000,2916.06,2951.7,2906.05,2945.99,73339.4494
1708718400,2946.0,2953.98,2906.87,2922.24,50918.5761
1708732800,2922.25,2937.31,2906.4,2930.19,33518.2444
1708747200,2930.2,2965.55,2929.5,2964.07,66934.9875
1708761600,2964.07,2966.53,2948.21,2961.53,29162.5517
1708776000,2961.53,2968.9,2953.43,2955.47,27172.7014
1708790400,2955.47,3007.48,2955.47,2987.1,59623.5309
1708804800,2987.1,2995.9,2979.04,2992.62,27442.0624
1708819200,2992.62,3049.0,2983.61,3025.17,75215.5646
1708833600,3025.18,3048.0,3012.68,3029.99,61190.7683
1708848000,3030.0,3040.93,3010.49,3040.36,55328.0105
1708862400,3040.36,3074.03,3025.84,3043.62,76231.989
1708876800,3043.61,3088.0,3027.88,3081.6,61607.2026
1708891200,3081.6,3122.0,3081.42,3112.59,82732.6887
1708905600,3112.6,3135.65,3085.81,3107.8,65663.7413
1708920000,3107.81,3115.4,3086.1,3087.19,48676.8165
1708934400,3087.19,3102.84,3036.59,3057.42,119474.191
1708948800,3057.41,3145.95,3038.0,3145.6,110163.5896
1708963200,3145.59,3182.98,3120.0,3179.12,138015.9044
1708977600,3179.11,3196.0,3165.51,3175.94,64728.5319
1708992000,3175.95,3270.0,3160.02,3216.56,170143.5954
1709006400,3216.55,3239.01,3202.37,3217.5,109812.2489
1709020800,3217.51,3269.0,3216.61,3254.89,81830.9854
1709035200,3254.9,3288.14,3219.9,3229.78,128765.4566
1709049600,3229.77,3260.38,3203.72,3250.72,87635.5391
1709064000,3250.72,3268.34,3233.82,3242.36,47751.2967
1709078400,3242.35,3258.39,3230.12,3248.82,32950.7248
1709092800,3248.83,3306.01,3244.16,3302.99,87355.3821
1709107200,3303.0,3369.8,3277.54,3296.13,166820.2697
1709121600,3296.13,3376.38,3287.07,3348.39,167845.0129
1709136000,3348.38,3488.0,3176.16,3299.12,394792.4683
1709150400,3299.13,3384.54,3253.46,3383.1,97774.9082
1709164800,3383.11,3467.77,3374.18,3407.15,134560.9615
1709179200,3407.15,3494.63,3397.95,3467.99,112911.7465
1709193600,3467.99,3522.81,3442.52,3513.87,140548.8542
1709208000,3513.88,3517.92,3445.42,3468.42,129449.6946
1709222400,3468.42,3470.6,3351.0,3403.26,144467.7712
1709236800,3403.27,3415.44,3300.0,3340.09,97759.0843
1709251200,3340.1,3388.82,3338.54,3367.79,66201.9036
1709265600,3367.78,3399.0,3364.32,3365.41,55423.9715
1709280000,3365.41,3437.08,3353.74,3410.9,91689.1515
1709294400,3410.89,3449.81,3379.6,3390.76,89813.1551
1709308800,3390.76,3435.9,3380.06,3427.73,63881.7445
1709323200,3427.73,3450.0,3421.28,3433.43,45778.6511
1709337600,3433.42,3460.04,3424.71,3442.34,53603.9715
1709352000,3442.33,3452.76,3390.01,3430.25,73960.5478
1709366400,3430.26,3435.68,3391.83,3403.39,46989.2405
1709380800,3403.4,3427.01,3394.47,3418.05,43485.4252
1709395200,3418.04,3431.03,3410.0,3426.19,34444.983
1709409600,3426.2,3431.31,3402.56,3421.4,31500.7768
1709424000,3421.39,3434.0,3409.1,3431.56,42198.1371
1709438400,3431.57,3446.23,3360.0,3392.76,76052.0366
1709452800,3392.76,3414.91,3375.0,3413.39,51813.7052
1709467200,3413.39,3447.53,3403.92,3422.5,60505.3203
1709481600,3422.5,3484.44,3418.22,3465.2,69628.9165
1709496000,3465.2,3491.8,3458.65,3487.81,41433.4153
1709510400,3487.8,3528.96,3423.78,3471.85,104241.127
1709524800,3471.84,3487.34,3456.36,3478.61,64931.4423
1709539200,3478.61,3544.14,3478.6,3506.91,130561.2393
1709553600,3506.92,3568.18,3459.03,3560.42,132120.4513
1709568000,3560.42,3610.0,3528.42,3593.01,184688.9321
1709582400,3593.0,3640.94,3558.3,3627.76,98817.4441
1709596800,3627.75,3697.2,3607.24,3689.81,115612.4894
1709611200,3689.81,3740.0,3641.5,3672.98,214653.2558
1709625600,3672.99,3742.0,3651.87,3731.45,96557.8615
1709640000,3731.46,3822.04,3730.8,3783.01,232303.136
1709654400,3783.0,3796.07,3200.0,3376.46,421444.8851
1709668800,3376.46,3580.6,3324.68,3553.65,312333.2362
1709683200,3553.66,3591.23,3499.4,3538.01,115820.7803
1709697600,3538.01,3789.77,3536.2,3786.6,230737.8482
1709712000,3786.61,3899.47,3778.6,3879.74,201051.8756
1709726400,3879.74,3900.0,3724.0,3790.94,234039.7964
1709740800,3790.95,3880.0,3764.25,3852.59,107005.7888
1709755200,3852.59,3892.58,3792.7,3818.59,80838.6207
1709769600,3818.58,3852.69,3764.21,3775.18,101621.8497
1709784000,3775.18,3803.36,3735.0,3789.22,71852.4759
1709798400,3789.23,3814.92,3770.36,3787.58,73348.2997
1709812800,3787.58,3855.23,3765.12,3837.16,112772.69
1709827200,3837.17,3883.77,3812.44,3870.19,78329.5525
1709841600,3870.19,3933.81,3840.0,3868.76,102855.8072
1709856000,3868.76,3940.6,3863.56,3900.85,77725.9157
1709870400,3900.85,3946.57,3880.0,3908.16,64744.9491
1709884800,3908.16,3954.98,3908.15,3950.46,79443.9638
1709899200,3950.46,3993.75,3886.0,3900.75,172241.1434
1709913600,3900.76,3978.49,3820.0,3928.82,174005.1197
1709928000,3928.82,3950.85,3871.28,3883.36,78238.1672
1709942400,3883.37,3929.0,3877.5,3923.21,42981.501
1709956800,3923.22,3942.0,3912.05,3925.47,36331.8334
1709971200,3925.46,3936.0,3887.99,3912.49,47849.7238
1709985600,3912.5,3927.05,3901.62,3916.66,40208.5626
1710000000,3916.66,3920.22,3870.01,3881.18,57453.4371
1710014400,3881.18,3912.68,3881.17,3905.21,30014.0807
1710028800,3905.2,3940.1,3899.51,3935.0,51918.0288
1710043200,3935.01,3950.0,3929.79,3944.82,38704.7462
1710057600,3944.81,3964.67,3920.02,3932.72,60457.1563
1710072000,3932.72,3947.18,3860.65,3883.69,85475.6879
1710086400,3883.7,3927.05,3882.06,3898.0,48450.6237
1710100800,3898.01,3903.89,3791.26,3878.47,71658.4371
1710115200,3878.47,3888.38,3722.95,3866.93,104660.8458
1710129600,3866.92,4011.79,3834.22,4001.4,158741.3444
1710144000,4001.4,4054.6,3986.86,4034.25,166787.8858
1710158400,4034.25,4065.8,4017.0,4018.0,128794.4803
1710172800,4018.01,4086.23,3998.92,4031.71,107913.564
1710187200,4031.7,4082.0,4027.92,4064.8,54656.3936
1710201600,4064.8,4093.92,4021.19,4028.69,82355.2843
1710216000,4028.69,4052.4,4000.02,4027.13,62019.6953
1710230400,4027.13,4065.0,3965.0,4020.83,83842.3936
1710244800,4020.84,4053.8,3950.0,3988.46,146976.2191
1710259200,3988.46,3991.62,3828.98,3980.23,199020.7718
1710273600,3980.23,3980.56,3927.18,3979.96,58573.03
1710288000,3979.97,4045.86,3973.53,4043.78,64974.9648
1710302400,4043.78,4078.38,4029.1,4038.36,70118.1647
1710316800,4038.36,4083.0,4038.09,4048.9,71500.9906
1710331200,4048.91,4053.0,3932.23,3962.8,148148.3053
1710345600,3962.8,4011.06,3952.23,4000.44,70578.3149
1710360000,4000.44,4021.0,3974.62,4004.79,56985.0363
1710374400,4004.79,4010.98,3955.0,3993.77,59083.0005
1710388800,3993.77,4005.69,3940.64,3963.46,64515.6419
1710403200,3963.45,3997.7,3943.12,3955.04,59789.1681
1710417600,3955.04,3967.4,3820.2,3845.81,180384.2757
1710432000,3845.81,3896.02,3723.0,3785.89,184658.1893
1710446400,3785.89,3892.0,3780.79,3881.7,99807.249
1710460800,3881.69,3934.02,3623.0,3722.2,208926.9893
1710475200,3722.2,3779.92,3656.49,3754.12,174978.3857
1710489600,3754.12,3761.65,3570.0,3689.33,231263.8534
1710504000,3689.33,3742.0,3670.77,3688.9,116561.5186
1710518400,3688.89,3806.62,3659.01,3689.54,128183.8655
1710532800,3689.53,3749.93,3606.65,3742.19,87622.7946
1710547200,3742.19,3781.12,3722.41,3735.52,73363.2961
1710561600,3735.52,3743.6,3690.18,3740.19,50218.9677
1710576000,3740.2,3741.1,3661.83,3692.29,62013.0313
1710590400,3692.29,3711.37,3637.73,3679.55,92942.0765
1710604800,3679.54,3679.88,3570.0,3600.6,122770.3784
1710619200,3600.6,3633.8,3468.8,3523.09,146980.4069
1710633600,3523.09,3582.4,3504.95,3571.5,90384.1792
1710648000,3571.49,3572.51,3412.0,3472.72,114120.8728
1710662400,3472.72,3606.41,3460.01,3578.99,107483.9821
1710676800,3578.99,3647.15,3528.36,3628.42,95169.7591
1710691200,3628.42,3656.45,3602.43,3651.18,62380.0184
1710705600,3651.18,3678.68,3624.19,3644.71,48252.182
1710720000,3644.7,3645.02,3557.31,3600.39,82008.4412
1710734400,3600.38,3642.52,3576.9,3626.65,65470.8897
1710748800,3626.65,3627.0,3548.99,3597.82,104156.7504
1710763200,3597.83,3613.41,3486.0,3525.18,134712.3087
1710777600,3525.17,3563.86,3454.09,3478.89,129920.707
1710792000,3478.88,3548.0,3478.88,3520.46,54632.1881
1710806400,3520.47,3548.09,3362.15,3419.17,189698.6232
1710820800,3419.18,3427.8,3306.1,3360.14,146220.9547
1710835200,3360.14,3360.16,3202.84,3276.51,265410.214
1710849600,3276.51,3325.69,3223.5,3303.16,164469.5428
1710864000,3303.16,3359.8,3280.8,3333.26,129837.4242
1710878400,3333.27,3338.84,3150.88,3158.64,153992.9347
1710892800,3158.65,3266.01,3153.26,3161.02,176684.8529
1710907200,3161.02,3226.0,3056.56,3218.48,241498.0331
1710921600,3218.47,3296.72,3205.1,3293.26,137299.3104
1710936000,3293.26,3397.0,3275.35,3292.55,226068.0678
1710950400,3292.54,3405.78,3140.71,3379.01,263906.8566
1710964800,3379.0,3535.24,3370.91,3516.53,161865.6993
1710979200,3516.53,3558.99,3493.4,3510.59,109802.7426
1710993600,3510.59,3537.2,3446.47,3516.03,89965.5165
1711008000,3516.04,3587.32,3516.03,3531.18,94844.8442
1711022400,3531.18,3574.41,3478.73,3497.6,103968.4195
1711036800,3497.59,3545.99,3412.22,3441.38,131679.5015
1711051200,3441.37,3521.91,3412.0,3492.85,72494.1829
1711065600,3492.84,3527.61,3454.01,3522.01,61088.8562
1711080000,3522.0,3542.52,3500.63,3511.4,58201.2989
1711094400,3511.39,3523.8,3394.42,3405.19,68698.234
1711108800,3405.18,3425.84,3281.0,3349.31,160395.4791
1711123200,3349.3,3362.19,3289.0,3340.46,123949.364
1711137600,3340.46,3345.59,3250.0,3336.35,86515.6558
1711152000,3336.35,3362.38,3270.08,3303.56,58618.341
1711166400,3303.55,3383.8,3298.6,3365.28,42455.7546
1711180800,3365.28,3380.57,3328.34,3364.99,43508.015
1711195200,3364.98,3423.03,3343.41,3405.5,69877.3828
1711209600,3405.49,3435.48,3384.82,3386.12,45078.0352
1711224000,3386.11,3401.6,3327.28,3329.53,64138.4162
1711238400,3329.53,3368.16,3307.0,3307.62,48041.0628
1711252800,3307.63,3343.07,3298.76,3341.8,39533.9037
1711267200,3341.81,3392.72,3335.5,3387.38,36214.3205
1711281600,3387.37,3414.46,3376.73,3397.51,36265.3185
1711296000,3397.5,3409.5,3333.0,3382.5,49572.2639
1711310400,3382.49,3471.22,3375.56,3454.98,51197.2714
1711324800,3454.99,3461.17,3420.12,3454.97,42364.5167
1711339200,3454.98,3506.49,3440.8,3444.6,84573.3282
1711353600,3444.59,3472.0,3432.15,3436.19,49155.8492
1711368000,3436.2,3587.9,3430.0,3581.49,126222.948
1711382400,3581.49,3666.0,3566.2,3638.96,184776.909
1711396800,3638.96,3646.66,3566.47,3590.42,61484.1431
1711411200,3590.43,3643.71,3580.95,3623.0,118159.5628
1711425600,3623.0,3678.86,3618.4,3635.13,83621.5109
1711440000,3635.14,3670.32,3630.0,3631.6,58958.4099
1711454400,3631.61,3654.34,3545.13,3593.35,109018.2391
1711468800,3593.35,3603.55,3542.62,3560.82,88321.8786
1711483200,3560.83,3613.5,3558.15,3587.33,40934.2371
1711497600,3587.32,3627.67,3577.0,3603.11,38078.1551
1711512000,3603.1,3616.5,3560.2,3565.21,41410.5898
1711526400,3565.21,3590.84,3532.96,3585.07,55698.9769
1711540800,3585.07,3665.84,3496.15,3514.3,191134.3058
1711555200,3514.29,3531.76,3460.02,3491.18,73658.2574
1711569600,3491.18,3521.47,3485.04,3501.19,43215.0447
1711584000,3501.2,3531.47,3465.0,3496.61,98043.3592
1711598400,3496.61,3579.95,3495.79,3573.88,73489.0492
1711612800,3573.88,3595.7,3565.81,3579.73,55528.1056
1711627200,3579.74,3611.78,3552.55,3578.7,84030.442
1711641600,3578.71,3580.75,3537.48,3563.05,60508.7819
1711656000,3563.06,3580.0,3541.37,3560.49,33054.2932
1711670400,3560.49,3584.37,3550.05,3562.39,28619.8812
1711684800,3562.39,3580.8,3512.85,3519.43,58587.0884
1711699200,3519.42,3562.71,3517.15,3549.85,55857.175
1711713600,3549.86,3558.0,3481.14,3488.53,64510.6073
1711728000,3488.52,3502.36,3445.91,3500.34,60765.2112
1711742400,3500.35,3524.55,3476.01,3509.74,54746.2159
1711756800,3509.74,3521.89,3486.58,3490.0,34193.2775
1711771200,3489.99,3532.77,3487.0,3492.64,56078.6986
1711785600,3492.65,3564.0,3492.2,3560.0,43774.3565
1711800000,3559.99,3565.81,3531.0,3536.61,28666.6175
1711814400,3536.6,3547.71,3485.0,3509.02,34164.5481
1711828800,3509.02,3519.0,3494.88,3505.64,19147.7652
1711843200,3505.65,3544.07,3505.09,3537.26,25100.8785
1711857600,3537.26,3631.99,3532.42,3625.38,75942.6382
1711872000,3625.38,3632.8,3600.38,3609.2,33243.8347
1711886400,3609.2,3638.0,3606.78,3617.68,39565.1266
1711900800,3617.69,3655.32,3613.75,3638.18,41090.3708
1711915200,3638.19,3650.6,3617.8,3645.29,28522.1389
1711929600,3645.29,3645.95,3600.74,3610.42,37328.6389
1711944000,3610.41,3613.3,3500.0,3546.88,98690.7113
1711958400,3546.88,3560.17,3520.07,3537.98,44636.9281
1711972800,3537.98,3570.58,3437.23,3444.04,112748.132
1711987200,3444.04,3489.18,3413.71,3486.33,78478.2183
1712001600,3486.33,3514.88,3471.32,3503.8,36971.4939
1712016000,3503.8,3505.6,3319.2,3366.08,124255.7376
1712030400,3366.07,3388.58,3337.25,3362.9,67274.4696
1712044800,3362.89,3371.62,3276.72,3308.64,126538.5812
1712059200,3308.63,3324.26,3232.0,3240.13,151372.6183
1712073600,3240.13,3284.46,3212.0,3277.53,93534.0462
1712088000,3277.53,3305.0,3241.69,3278.96,60289.1947
1712102400,3278.96,3324.19,3202.79,3315.41,93189.2295
1712116800,3315.4,3324.6,3280.0,3305.53,49447.1277
1712131200,3305.52,3357.58,3289.97,3317.53,73863.3134
1712145600,3317.53,3363.58,3292.8,3329.2,73373.412
1712160000,3329.21,3367.4,3281.21,3314.29,64897.7138
1712174400,3314.28,3325.64,3288.39,3310.83,55713.3969
1712188800,3310.83,3333.0,3262.86,3274.37,55991.1705
1712203200,3274.38,3334.46,3250.92,3322.79,55871.5853
1712217600,3322.8,3355.48,3319.42,3340.37,32050.7649
1712232000,3340.36,3395.19,3338.95,3364.12,59348.0128
1712246400,3364.11,3443.93,3360.68,3366.09,66511.991
1712260800,3366.09,3370.3,3278.02,3327.4,86565.0471
1712275200,3327.39,3336.0,3252.8,3308.3,64808.1215
1712289600,3308.3,3319.25,3242.01,3287.61,53002.5926
1712304000,3287.6,3312.8,3236.8,3243.51,60815.6668
1712318400,3243.52,3329.54,3210.0,3326.43,104716.2205
1712332800,3326.43,3350.0,3305.1,3320.1,42565.9659
1712347200,3320.11,3344.95,3310.46,3317.85,18648.231
1712361600,3317.85,3346.39,3306.68,3331.34,28664.5342
1712376000,3331.33,3352.81,3321.13,3330.39,26715.0374
1712390400,3330.4,3351.52,3325.0,3330.67,26159.6312
1712404800,3330.67,3361.77,3313.4,3335.37,30009.2542
1712419200,3335.37,3357.54,3331.22,3349.24,25061.7582
1712433600,3349.23,3398.42,3344.0,3351.59,46701.9973
1712448000,3351.59,3413.61,3344.08,3388.41,40788.4157
1712462400,3388.4,3406.51,3374.6,3385.19,20136.9828
1712476800,3385.19,3395.19,3376.83,3390.34,21075.8618
1712491200,3390.33,3420.0,3384.71,3390.13,40776.2129
1712505600,3390.14,3412.97,3368.0,3381.39,37069.9364
1712520000,3381.38,3459.94,3378.15,3454.2,50611.6656
1712534400,3454.2,3457.27,3406.36,3423.0,33564.1278
1712548800,3422.99,3478.34,3413.22,3473.88,52807.52
1712563200,3473.88,3640.44,3469.8,3633.08,175678.6684
1712577600,3633.07,3672.11,3612.0,3629.2,115824.0414
1712592000,3629.2,3710.45,3627.16,3702.8,76989.1136
1712606400,3702.8,3730.71,3681.06,3694.61,41977.882
1712620800,3694.61,3727.34,3665.25,3692.29,60917.2209
1712635200,3692.3,3701.94,3631.0,3641.81,78663.0304
1712649600,3641.81,3646.6,3580.57,3632.85,83751.2259
1712664000,3632.85,3643.37,3478.5,3529.92,129101.6595
1712678400,3529.93,3532.96,3450.46,3517.1,65691.7243
1712692800,3517.1,3526.63,3485.82,3506.39,39467.391
1712707200,3506.4,3537.5,3465.64,3513.0,59002.792
1712721600,3513.01,3554.19,3505.98,3536.61,36766.0514
1712736000,3536.61,3540.36,3493.07,3521.32,54638.8176
1712750400,3521.33,3527.99,3411.82,3479.41,128853.4687
1712764800,3479.41,3547.49,3469.5,3521.52,73130.5015
1712779200,3521.52,3562.95,3495.58,3545.64,37013.2743
1712793600,3545.64,3576.6,3524.27,3575.84,36473.6411
1712808000,3575.84,3605.76,3553.03,3583.4,48719.2176
1712822400,3583.4,3618.3,3514.57,3522.88,69106.2264
1712836800,3522.89,3575.0,3486.31,3508.32,108947.7602
1712851200,3508.31,3522.0,3474.52,3517.7,45872.8607
1712865600,3517.71,3532.25,3490.63,3502.52,29019.8474
1712880000,3502.52,3537.93,3501.34,3534.01,31946.1988
1712894400,3534.01,3552.4,3507.95,3516.2,36378.2
1712908800,3516.2,3541.78,3508.95,3532.22,57646.7587
1712923200,3532.22,3532.48,3439.23,3440.71,93086.5997
1712937600,3440.7,3454.56,3100.0,3206.17,368390.2385
1712952000,3206.17,3256.0,3201.07,3237.43,109879.1217
1712966400,3237.42,3237.43,3141.6,3230.91,129141.3032
1712980800,3230.91,3272.31,3223.38,3257.6,71583.8293
1712995200,3257.61,3301.9,3247.4,3268.2,49728.8016
1713009600,3268.2,3296.83,3250.7,3272.39,51783.9186
1713024000,3272.4,3279.79,3017.19,3085.2,192725.8168
1713038400,3085.2,3094.88,2852.0,3007.01,500007.5659
1713052800,3007.01,3019.46,2906.73,2970.85,158831.5163
1713067200,2970.86,3102.15,2965.18,3084.2,130082.1584
1713081600,3084.19,3099.13,3008.86,3027.01,93607.7363
1713096000,3027.0,3074.07,3006.0,3055.74,113490.806
1713110400,3055.75,3101.27,2980.0,3073.62,141984.5195
1713124800,3073.63,3174.23,3047.29,3155.11,99583.7301
1713139200,3155.11,3158.62,3100.0,3146.5,78837.1145
1713153600,3146.51,3255.43,3123.0,3242.05,112167.1509
1713168000,3242.04,3277.85,3226.75,3229.64,64554.2124
1713182400,3229.64,3246.03,3102.2,3163.21,130181.8775
1713196800,3163.2,3179.4,3023.19,3100.1,161882.7144
1713211200,3100.09,3128.44,3057.29,3101.99,57807.8166
1713225600,3102.0,3120.59,3051.35,3072.19,91301.5805
1713240000,3072.2,3128.01,2986.0,3107.29,94633.1002
1713254400,3107.3,3110.76,3003.0,3093.31,106184.5489
1713268800,3093.31,3095.37,3008.7,3009.04,108323.748
1713283200,3009.05,3084.99,2995.0,3057.64,89160.7128
1713297600,3057.65,3118.24,3049.9,3084.22,36510.1646
1713312000,3084.21,3107.24,3068.39,3095.61,45177.1765
1713326400,3095.6,3123.75,3064.05,3076.6,53048.8482
1713340800,3076.6,3087.64,3037.65,3040.2,45727.2266
1713355200,3040.19,3063.65,2925.85,2946.8,185441.1871
1713369600,2946.79,3043.73,2914.47,3001.6,113662.6669
1713384000,3001.59,3014.91,2964.35,2985.41,48840.4608
1713398400,2985.41,3035.08,2950.98,3025.68,57953.4313
1713412800,3025.67,3034.29,2956.6,2975.2,60161.4658
1713427200,2975.19,3065.56,2954.01,3046.46,78719.9921
1713441600,3046.45,3094.4,2985.69,3069.17,108069.7724
1713456000,3069.17,3083.54,3018.2,3064.19,60363.215
1713470400,3064.19,3080.82,3056.1,3064.4,23792.8367
1713484800,3064.4,3070.24,2865.18,2979.8,200205.8981
1713499200,2979.81,3128.89,2979.0,3084.41,139081.3466
1713513600,3084.41,3124.44,3077.19,3102.61,79642.8684
1713528000,3102.6,3121.0,3054.35,3080.74,74619.7035
1713542400,3080.73,3107.94,3029.72,3104.1,60560.4186
1713556800,3104.1,3105.68,3020.63,3056.46,53740.1667
1713571200,3056.45,3070.8,3018.75,3055.99,42184.1651
1713585600,3055.99,3071.03,3049.31,3060.64,27818.0665
1713600000,3060.64,3061.29,3029.99,3047.39,31576.8595
1713614400,3047.38,3114.6,3040.34,3109.86,41106.7557
1713628800,3109.86,3166.46,3087.66,3148.21,64448.8195
1713643200,3148.21,3171.88,3140.9,3155.79,35442.9708
1713657600,3155.79,3197.18,3126.87,3166.8,51393.7539
1713672000,3166.81,3191.22,3152.54,3179.55,32445.4054
1713686400,3179.54,3189.0,3153.66,3168.81,38254.6523
1713700800,3168.81,3176.7,3137.32,3158.82,32903.4112
1713715200,3158.82,3161.36,3116.49,3136.79,39846.3754
1713729600,3136.78,3169.57,3129.82,3147.67,25126.909
1713744000,3147.66,3210.75,3129.15,3190.1,64775.007
1713758400,3190.09,3235.0,3184.53,3203.6,56009.1283
1713772800,3203.59,3224.0,3187.99,3194.54,42406.1851
1713787200,3194.55,3211.64,3166.8,3183.32,52021.2321
1713801600,3183.33,3216.99,3169.3,3188.23,44346.4388
1713816000,3188.24,3224.2,3184.02,3200.2,31321.9656
1713830400,3200.19,3223.36,3181.37,3183.9,31002.9675
1713844800,3183.9,3193.49,3152.0,3160.48,38872.1329
1713859200,3160.49,3185.55,3152.45,3179.8,34675.3915
1713873600,3179.79,3263.61,3173.11,3226.13,90805.6152
1713888000,3226.12,3246.22,3213.0,3218.31,31598.2941
1713902400,3218.31,3223.05,3186.43,3219.46,26959.8251
1713916800,3219.46,3249.28,3210.4,3237.61,38187.821
1713931200,3237.61,3275.54,3236.8,3250.11,42663.5601
1713945600,3250.1,3287.0,3241.86,3281.96,52631.1212
1713960000,3281.97,3293.56,3167.23,3175.8,125225.2776
1713974400,3175.8,3193.83,3104.9,3134.67,84696.0405
1713988800,3134.67,3152.59,3112.05,3140.8,49910.521
1714003200,3140.79,3171.2,3126.6,3147.41,52224.3084
1714017600,3147.41,3167.35,3126.17,3136.39,36138.1097
1714032000,3136.39,3152.99,3072.2,3112.0,76649.9228
1714046400,3112.01,3168.0,3082.58,3160.4,104592.0248
1714060800,3160.4,3175.65,3146.24,3165.84,55227.7167
1714075200,3165.84,3191.64,3152.3,3155.8,27456.4678
1714089600,3155.81,3164.08,3124.25,3141.59,41673.6037
1714104000,3141.58,3154.13,3129.0,3135.46,43586.007
1714118400,3135.45,3157.99,3121.8,3128.63,34780.1809
1714132800,3128.63,3167.7,3102.0,3117.6,78960.3574
1714147200,3117.61,3155.0,3105.71,3133.84,31786.6302
1714161600,3133.79,3153.8,3120.77,3131.3,21735.8758
1714176000,3131.3,3138.8,3066.74,3122.18,68745.2052
1714190400,3122.18,3133.25,3107.69,3120.59,26346.987
1714204800,3120.59,3128.57,3107.8,3124.92,24825.3634
1714219200,3124.92,3167.01,3122.0,3145.05,52518.6486
1714233600,3145.05,3285.0,3142.41,3237.4,116347.8618
1714248000,3237.4,3263.3,3223.07,3255.56,35027.1259
1714262400,3255.55,3329.6,3250.45,3308.87,66495.8919
1714276800,3308.86,3339.99,3300.23,3317.6,44047.6154
1714291200,3317.59,3324.78,3275.01,3286.41,56781.1368
1714305600,3286.41,3327.79,3283.8,3321.01,50930.6869
1714320000,3321.0,3357.4,3308.17,3316.92,39141.7072
1714334400,3316.92,3321.0,3251.97,3263.45,47368.9708
1714348800,3263.44,3286.95,3168.01,3177.6,106619.9358
1714363200,3177.6,3208.28,3153.44,3189.0,89021.0329
1714377600,3188.99,3195.4,3147.54,3160.11,60914.3596
1714392000,3160.11,3186.54,3115.13,3182.45,86581.1752
1714406400,3182.45,3189.6,3155.23,3186.01,40952.1099
1714420800,3186.02,3235.43,3163.91,3216.73,37742.6778
1714435200,3216.74,3250.95,3150.0,3180.79,66756.5263
1714449600,3180.8,3185.48,3152.0,3157.35,36501.4589
1714464000,3157.35,3161.75,3003.7,3007.45,153525.6894
1714478400,3007.45,3037.42,2966.01,2994.12,120983.1612
1714492800,2994.11,2998.6,2921.0,2928.96,118100.8555
1714507200,2928.96,3029.4,2928.0,3014.05,65849.7953
1714521600,3014.04,3023.24,2960.03,3004.37,56122.3384
1714536000,3004.37,3013.87,2859.0,2869.71,123926.1965
1714550400,2869.7,2906.27,2817.0,2905.39,143421.0154
1714564800,2905.4,2934.0,2865.91,2885.45,76042.9389
1714579200,2885.46,3015.73,2868.72,2926.06,172442.9636
1714593600,2926.05,2984.89,2914.42,2972.46,53008.3245
1714608000,2972.46,2982.18,2893.26,2929.33,74444.8411
1714622400,2929.34,2938.0,2898.2,2921.22,39776.1802
1714636800,2921.22,3002.51,2916.73,2995.55,79087.6942
1714651200,2995.54,3013.0,2952.4,2990.17,88940.484
1714665600,2990.16,3006.0,2972.0,2999.81,43031.169
1714680000,2999.8,3016.72,2968.84,2986.19,40659.3506
1714694400,2986.19,3036.17,2977.7,3010.15,41019.9792
1714708800,3010.14,3017.2,2958.71,2969.0,37416.0198
1714723200,2969.0,2990.62,2958.32,2979.5,34574.5244
1714737600,2979.49,3086.0,2969.75,3075.52,152439.9324
1714752000,3075.52,3087.99,3062.61,3072.5,38249.1083
1714766400,3072.51,3126.99,3068.59,3102.61,52126.275
1714780800,3102.61,3130.85,3092.85,3112.0,31207.8168
1714795200,3112.0,3123.06,3095.37,3095.94,25653.2228
1714809600,3095.94,3168.0,3095.68,3130.45,55073.4721
1714824000,3130.45,3158.95,3115.08,3126.81,37368.8147
1714838400,3126.8,3140.0,3114.08,3137.01,23546.5398
1714852800,3137.02,3147.0,3104.34,3117.23,23414.0826
1714867200,3117.24,3126.41,3072.99,3086.91,50542.8438
1714881600,3086.9,3114.8,3080.83,3105.7,21580.7472
1714896000,3105.7,3171.93,3103.52,3138.1,66727.8936
1714910400,3138.1,3168.0,3127.04,3160.19,36839.7556
1714924800,3160.18,3166.34,3130.68,3142.45,25728.6721
1714939200,3142.45,3146.66,3122.89,3136.41,17340.3539
1714953600,3136.4,3165.97,3124.38,3134.61,26248.0382
1714968000,3134.61,3191.94,3127.94,3180.53,46060.5365
1714982400,3180.54,3221.4,3131.2,3149.23,98323.4368
1714996800,3149.23,3154.99,3056.61,3089.25,118784.4052
1715011200,3089.25,3096.36,3046.35,3069.84,42521.1903
1715025600,3069.83,3089.11,3060.98,3062.6,23197.6957
1715040000,3062.59,3096.8,3021.34,3049.19,48218.7778
1715054400,3049.19,3082.5,3044.01,3077.4,29362.3583
1715068800,3077.4,3129.85,3059.09,3063.39,79096.7131
1715083200,3063.4,3106.0,3045.7,3071.41,59771.1292
1715097600,3071.41,3079.41,3027.0,3049.62,33921.3804
1715112000,3049.61,3061.44,2998.0,3005.69,48426.3241
1715126400,3005.69,3038.15,2994.58,3032.33,31024.9074
1715140800,3032.32,3036.52,2989.56,2995.01,48324.5348
1715155200,2995.01,3011.4,2978.4,2990.31,46336.5347
1715169600,2990.31,3032.5,2985.0,3006.98,59661.6558
1715184000,3006.99,3024.11,2986.58,2999.38,26014.5888
1715198400,2999.39,3004.0,2936.48,2974.21,55572.591
1715212800,2974.2,3005.1,2972.2,2997.9,24807.7468
1715227200,2997.91,3014.96,2975.7,2983.59,45323.0638
1715241600,2983.59,2991.8,2950.77,2977.2,39630.623
1715256000,2977.2,3019.28,2955.86,3005.99,62506.4399
1715270400,3005.99,3025.98,2989.59,3021.41,34139.9401
1715284800,3021.4,3059.0,3015.66,3036.23,32153.9326
1715299200,3036.24,3044.0,3018.23,3028.95,37115.6492
1715313600,3028.95,3053.89,3021.64,3042.26,39477.4863
1715328000,3042.27,3045.23,3022.0,3037.85,29448.5225
1715342400,3037.85,3044.53,2907.79,2918.54,112704.6548
1715356800,2918.54,2935.0,2878.03,2901.6,84041.6607
1715371200,2901.6,2916.11,2887.4,2909.99,25067.9023
1715385600,2909.98,2936.59,2905.2,2911.0,27696.4544
1715400000,2911.0,2927.74,2905.9,2921.79,17063.5205
1715414400,2921.8,2925.38,2886.46,2903.4,26271.95
1715428800,2903.4,2945.67,2896.0,2925.72,34805.94
1715443200,2925.72,2940.37,2917.43,2930.61,15991.4116
1715457600,2930.61,2930.96,2906.48,2912.45,16333.8322
1715472000,2912.45,2925.33,2909.11,2921.13,11001.5881
1715486400,2921.12,2932.26,2901.17,2907.8,14180.9676
1715500800,2907.8,2943.73,2902.68,2928.0,22845.2522
1715515200,2928.0,2943.77,2925.41,2938.0,18231.319
1715529600,2937.99,2955.2,2921.25,2929.59,24224.3756
1715544000,2929.6,2936.27,2913.78,2929.29,17187.1298
1715558400,2929.3,2942.97,2864.76,2889.92,83159.2925
1715572800,2889.92,2958.0,2870.37,2953.99,56990.6181
1715587200,2953.99,2996.4,2948.4,2965.57,68334.0181
1715601600,2965.57,2987.0,2949.26,2961.22,87796.0231
1715616000,2961.21,2977.89,2928.66,2956.7,51884.7266
1715630400,2956.69,2960.0,2938.0,2950.99,20500.0864
1715644800,2950.99,2960.6,2936.66,2940.99,29749.065
1715659200,2940.99,2949.07,2882.29,2920.03,45499.3304
1715673600,2920.02,2920.03,2897.53,2907.94,24096.7151
1715688000,2907.94,2924.14,2870.25,2898.93,109974.172
1715702400,2898.94,2900.67,2862.0,2893.74,40137.7193
1715716800,2893.73,2903.0,2878.65,2881.93,20218.3019
1715731200,2881.93,2903.08,2863.75,2902.64,24110.6365
1715745600,2902.65,2922.0,2897.98,2916.51,31482.672
1715760000,2916.5,2933.8,2886.81,2898.74,51111.8661
1715774400,2898.74,2992.99,2893.02,2976.81,132869.8227
1715788800,2976.8,3025.96,2970.0,3024.56,55815.6495
1715803200,3024.55,3041.36,3009.49,3032.55,54863.672
1715817600,3032.55,3041.24,2997.0,3013.44,60840.5182
1715832000,3013.45,3021.37,3004.4,3016.31,28652.441
1715846400,3016.31,3027.85,2989.72,3006.45,43183.012
1715860800,3006.45,3009.12,2931.05,2956.57,89261.8078
1715875200,2956.57,2960.64,2925.02,2944.76,48287.9599
1715889600,2944.75,2946.1,2922.8,2944.7,23648.4124
1715904000,2944.7,2956.28,2933.06,2950.49,28995.1606
1715918400,2950.5,3033.0,2940.0,3024.67,83087.8449
1715932800,3024.66,3059.53,3017.74,3030.4,68597.6468
1715947200,3030.4,3118.54,3020.1,3111.54,108964.1229
1715961600,3111.54,3120.0,3067.16,3085.16,52451.0235
1715976000,3085.16,3095.76,3080.59,3092.01,15628.9744
1715990400,3092.0,3126.66,3083.61,3114.4,46394.7028
1716004800,3114.39,3119.94,3090.71,3101.99,30034.8165
1716019200,3102.0,3146.98,3100.27,3133.79,47870.1246
1716033600,3133.79,3135.0,3095.71,3110.89,42938.119
1716048000,3110.89,3121.2,3105.88,3119.69,17770.6644
1716062400,3119.69,3126.89,3106.05,3122.94,14968.1183
1716076800,3122.94,3136.64,3112.61,3129.36,18838.9425
1716091200,3129.35,3130.52,3103.33,3115.81,18073.4688
1716105600,3115.8,3125.0,3082.04,3102.58,42183.6904
1716120000,3102.59,3103.0,3063.26,3077.25,40766.7055
1716134400,3077.25,3083.9,3057.82,3065.2,27642.5703
1716148800,3065.2,3082.41,3053.38,3071.19,18639.6327
1716163200,3071.2,3100.67,3047.67,3087.21,38814.7129
1716177600,3087.2,3140.0,3065.0,3091.73,66673.9759
1716192000,3091.72,3113.94,3086.5,3093.8,45418.754
1716206400,3093.79,3121.0,3076.69,3118.53,43683.87
1716220800,3118.52,3457.12,3110.85,3438.87,279008.4101
1716235200,3438.86,3694.0,3420.37,3661.78,373508.1599
1716249600,3661.79,3721.0,3638.8,3695.9,176437.8446
1716264000,3695.9,3699.6,3624.28,3660.49,117372.7656
1716278400,3660.5,3823.5,3649.36,3777.97,185777.9962
1716292800,3777.98,3836.0,3748.57,3777.68,224432.9922
1716307200,3777.69,3841.54,3680.68,3712.27,169773.2141
1716321600,3712.26,3821.5,3709.13,3789.6,78642.4567
1716336000,3789.59,3813.69,3774.91,3793.43,58660.3493
1716350400,3793.42,3795.07,3720.01,3746.79,83698.9643
1716364800,3746.8,3779.8,3690.0,3690.6,65723.1063
1716379200,3690.59,3773.88,3653.15,3762.66,167446.8295
1716393600,3762.65,3798.0,3700.6,3736.61,110830.3049
1716408000,3736.61,3781.0,3723.38,3737.73,88578.7556
1716422400,3737.72,3788.86,3736.67,3782.11,51405.4772
1716436800,3782.1,3833.65,3759.41,3814.0,70165.4088
1716451200,3813.99,3925.24,3790.94,3918.46,139988.1687
1716465600,3918.45,3949.29,3723.0,3812.95,290141.6873
1716480000,3812.96,3827.77,3685.0,3791.34,156371.2119
1716494400,3791.33,3901.0,3498.0,3783.61,419794.1221
1716508800,3783.6,3829.61,3744.34,3803.82,59517.5987
1716523200,3803.82,3815.63,3651.0,3679.24,122645.0986
1716537600,3679.24,3717.67,3626.1,3712.62,81589.6453
1716552000,3712.62,3732.83,3671.15,3693.67,85395.4253
1716566400,3693.66,3759.0,3655.26,3744.4,92836.7116
1716580800,3744.4,3755.05,3723.01,3728.28,37433.9523
1716595200,3728.28,3747.72,3709.03,3745.26,25256.8427
1716609600,3745.26,3779.43,3744.4,3746.6,33903.2058
1716624000,3746.6,3775.0,3736.42,3739.39,32551.3548
1716638400,3739.39,3758.2,3719.8,3743.79,35726.8417
1716652800,3743.8,3766.02,3736.68,3757.64,16658.1948
1716667200,3757.65,3760.28,3730.12,3749.26,14615.4594
1716681600,3749.25,3772.93,3731.17,3771.59,28721.1033
1716696000,3771.59,3795.06,3741.16,3786.02,30277.312
1716710400,3786.01,3822.4,3777.22,3813.79,63831.0072
1716724800,3813.79,3875.8,3792.14,3833.05,86573.3268
1716739200,3833.06,3884.2,3831.26,3878.86,50878.426
1716753600,3878.86,3879.63,3817.39,3826.47,31927.1184
1716768000,3826.47,3939.59,3823.37,3919.58,87143.4381
1716782400,3919.59,3935.0,3888.71,3914.01,41541.5848
1716796800,3914.01,3954.35,3884.17,3900.49,58135.6201
1716811200,3900.5,3977.0,3891.81,3963.39,80810.8165
1716825600,3963.39,3974.3,3854.16,3873.25,56750.0898
1716840000,3873.26,3905.14,3860.71,3894.22,39336.098
1716854400,3894.21,3910.0,3827.41,3849.71,68416.8132
1716868800,3849.72,3864.85,3821.63,3847.29,50036.2523
1716883200,3847.3,3931.09,3839.0,3904.34,70119.748
1716897600,3904.34,3912.0,3831.29,3861.1,96245.094
1716912000,3861.1,3869.14,3773.9,3840.81,88427.4714
1716926400,3840.8,3871.76,3823.0,3844.69,43004.4555
1716940800,3844.69,3862.41,3835.15,3851.0,35975.2377
1716955200,3850.99,3888.55,3818.48,3820.0,62582.4505
1716969600,3819.99,3828.88,3781.0,3811.16,64094.1388
1716984000,3811.15,3838.83,3750.6,3759.85,87201.9645
1716998400,3759.84,3780.0,3744.41,3749.66,44445.5715
1717012800,3749.66,3792.99,3742.59,3767.43,40460.2718
1717027200,3767.44,3797.79,3750.75,3791.31,30162.3742
1717041600,3791.3,3801.65,3712.73,3720.32,56963.1566
1717056000,3720.32,3757.25,3702.58,3737.0,49744.5544
1717070400,3737.01,3798.97,3733.39,3776.12,52289.9206
1717084800,3776.12,3825.35,3752.24,3762.01,57189.8504
1717099200,3762.0,3762.4,3719.3,3747.91,30684.4332
1717113600,3747.9,3770.0,3740.45,3760.21,20559.7687
1717128000,3760.21,3766.55,3724.41,3729.11,27617.2547
1717142400,3729.11,3813.2,3726.45,3802.62,46707.6025
1717156800,3802.62,3849.94,3742.35,3744.77,89048.2576
1717171200,3744.77,3794.62,3723.75,3785.45,56610.6927
1717185600,3785.45,3800.94,3742.0,3762.29,32863.1898
1717200000,3762.29,3782.07,3752.67,3778.98,19162.466
1717214400,3778.98,3794.11,3770.31,3773.0,19843.0304
1717228800,3772.99,3809.55,3772.43,3788.28,28016.7925
1717243200,3788.28,3814.67,3787.0,3798.6,23200.5208
1717257600,3798.6,3809.81,3790.21,3804.51,18166.4278
1717272000,3804.5,3833.3,3799.0,3815.82,24297.9631
1717286400,3815.82,3838.59,3797.7,3807.13,40362.6748
1717300800,3807.13,3824.5,3792.25,3793.33,42266.6486
1717315200,3793.33,3810.0,3770.99,3805.01,40043.5712
1717329600,3805.01,3810.0,3776.86,3798.78,23979.178
1717344000,3798.79,3803.67,3752.62,3782.37,37585.3386
1717358400,3782.37,3796.44,3765.99,3780.91,26058.0295
1717372800,3780.92,3821.32,3761.05,3799.5,34542.182
1717387200,3799.51,3842.01,3795.18,3817.82,41747.9614
1717401600,3817.81,3840.16,3804.7,3809.0,37028.9177
1717416000,3809.01,3849.99,3758.43,3796.82,82479.9693
1717430400,3796.82,3798.63,3759.0,3773.4,31798.1474
1717444800,3773.39,3784.88,3759.67,3767.06,21251.5242
1717459200,3767.07,3785.19,3730.0,3773.51,37241.3776
1717473600,3773.51,3778.63,3752.1,3774.72,22170.4494
1717488000,3774.72,3782.99,3741.6,3764.65,28835.7026
1717502400,3764.65,3817.99,3753.57,3810.63,67169.5087
1717516800,3810.63,3831.65,3776.2,3800.38,52190.8252
1717531200,3800.37,3822.0,3792.0,3810.23,24455.8833
1717545600,3810.23,3839.92,3800.0,3810.45,37461.0947
1717560000,3810.45,3820.81,3777.33,3809.58,52478.4484
1717574400,3809.57,3811.03,3788.9,3804.31,31518.1002
1717588800,3804.31,3824.44,3782.0,3813.58,47557.5833
1717603200,3813.59,3878.0,3796.8,3876.54,73294.7532
1717617600,3876.53,3887.47,3842.28,3865.99,31428.6237
1717632000,3866.0,3878.6,3853.2,3861.69,26177.2594
1717646400,3861.7,3865.5,3838.53,3852.1,38537.3942
1717660800,3852.1,3856.5,3842.84,3849.51,24695.0892
1717675200,3849.51,3866.48,3820.0,3845.01,46381.6924
1717689600,3845.0,3855.6,3787.15,3791.01,62854.2034
1717704000,3791.01,3815.45,3760.0,3813.46,38858.5519
1717718400,3813.47,3813.47,3792.34,3806.3,19303.9314
1717732800,3806.3,3825.75,3806.0,3816.31,19448.3091
1717747200,3816.31,3839.98,3801.11,3835.0,24999.764
1717761600,3834.99,3841.39,3771.39,3800.73,77115.5473
1717776000,3800.73,3807.67,3600.0,3687.37,179164.1298
1717790400,3687.37,3700.0,3670.43,3678.32,42191.6778
1717804800,3678.31,3692.3,3673.82,3690.0,22188.3343
1717819200,3690.0,3709.5,3677.22,3708.98,16278.6668
1717833600,3708.98,3709.39,3678.53,3683.13,38253.4513
1717848000,3683.13,3697.47,3660.08,3688.13,30914.3498
1717862400,3688.13,3694.5,3672.18,3682.61,19917.2379
1717876800,3682.6,3684.46,3670.37,3681.57,12998.7993
1717891200,3681.58,3684.66,3666.36,3674.22,18043.8984
1717905600,3674.21,3692.0,3669.21,3685.99,16380.3084
1717920000,3685.98,3693.87,3683.02,3693.5,11187.5719
1717934400,3693.49,3712.5,3680.99,3690.59,29149.8489
1717948800,3690.6,3709.43,3689.43,3701.09,14111.4392
1717963200,3701.09,3721.52,3693.72,3706.4,14578.0352
1717977600,3706.4,3706.94,3680.97,3684.14,17242.0935
1717992000,3684.14,3692.41,3642.74,3647.79,29285.0966
1718006400,3647.8,3681.01,3646.94,3675.95,24499.1155
1718020800,3675.95,3713.67,3662.96,3702.54,36788.6562
1718035200,3702.53,3705.68,3659.81,3668.33,27095.9403
1718049600,3668.33,3677.07,3650.64,3667.85,21452.2825
1718064000,3667.85,3673.0,3567.0,3595.6,86732.2688
1718078400,3595.6,3595.61,3505.0,3534.6,83213.3547
1718092800,3534.6,3549.36,3503.4,3529.56,71505.3092
1718107200,3529.56,3546.47,3432.01,3447.75,102175.1839
1718121600,3447.75,3502.44,3432.0,3497.21,72534.3495
1718136000,3497.21,3509.65,3483.7,3497.33,23408.1317
1718150400,3497.33,3513.78,3462.07,3509.99,36109.1392
1718164800,3509.99,3532.39,3507.02,3526.71,29038.1895
1718179200,3526.7,3563.56,3516.95,3531.72,38233.539
1718193600,3531.73,3659.01,3531.4,3618.32,153722.7335
1718208000,3618.32,3625.7,3513.32,3529.01,104913.6778
1718222400,3529.01,3574.39,3521.88,3560.12,25026.495
1718236800,3560.13,3561.65,3476.21,3503.0,64329.204
1718251200,3502.99,3517.32,3484.04,3507.53,30637.8742
1718265600,3507.53,3511.86,3472.6,3497.17,36046.7782
1718280000,3497.17,3539.83,3433.0,3441.73,107443.9794
1718294400,3441.73,3491.55,3428.0,3481.43,40773.5683
1718308800,3481.43,3491.55,3461.59,3469.4,20999.4258
1718323200,3469.4,3510.53,3457.37,3490.91,33997.5513
1718337600,3490.91,3532.61,3490.46,3516.61,40530.3017
1718352000,3516.61,3530.25,3505.69,3515.8,28624.7515
1718366400,3515.8,3525.56,3460.17,3462.41,46240.8077
1718380800,3462.41,3467.4,3362.26,3406.21,103511.0856
1718395200,3406.21,3528.93,3404.19,3481.8,69411.9236
1718409600,3481.8,3505.01,3473.1,3504.4,27164.3759
1718424000,3504.4,3557.81,3498.29,3529.61,70337.7423
1718438400,3529.61,3542.3,3519.49,3539.4,29865.1365
1718452800,3539.4,3594.39,3537.75,3565.8,65751.339
1718467200,3565.8,3575.73,3552.0,3558.48,32626.8792
1718481600,3558.48,3575.36,3536.76,3568.74,20904.1165
1718496000,3568.75,3573.79,3548.04,3555.01,15279.5371
1718510400,3555.01,3574.54,3541.05,3561.93,15928.9861
1718524800,3561.93,3570.99,3546.92,3555.28,22391.2841
1718539200,3555.28,3611.98,3553.17,3591.88,40470.9591
1718553600,3591.88,3608.44,3586.69,3599.03,21795.5901
1718568000,3599.03,3653.79,3587.86,3624.41,33973.6255
1718582400,3624.41,3638.37,3573.83,3582.05,48730.6671
1718596800,3582.05,3596.0,3538.7,3552.68,48673.361
1718611200,3552.68,3561.1,3490.95,3527.63,70419.5076
1718625600,3527.63,3547.07,3485.44,3497.26,60249.8476
1718640000,3497.26,3577.77,3463.39,3554.01,80942.9401
1718654400,3554.01,3556.55,3500.8,3511.46,28789.3168
1718668800,3511.47,3517.2,3355.0,3441.53,151261.2357
1718683200,3441.52,3462.54,3428.78,3443.97,41588.3438
1718697600,3443.97,3451.84,3391.86,3414.11,50599.076
1718712000,3414.11,3440.73,3370.92,3424.01,94772.0482
1718726400,3424.02,3436.0,3386.92,3423.27,56147.0642
1718740800,3423.27,3490.0,3412.64,3483.42,55545.5335
1718755200,3483.42,3573.08,3465.65,3565.93,92263.4561
1718769600,3565.93,3585.0,3532.96,3544.3,54305.0421
1718784000,3544.31,3564.0,3518.46,3536.94,57044.7188
1718798400,3536.95,3550.61,3512.2,3529.29,39731.2801
1718812800,3529.3,3590.01,3523.43,3546.29,50877.7687
1718827200,3546.28,3576.69,3532.14,3560.51,27277.7369
1718841600,3560.51,3594.47,3533.49,3553.65,41899.1315
1718856000,3553.65,3616.06,3544.61,3607.87,57347.7784
1718870400,3607.87,3625.96,3572.24,3598.94,58174.3822
1718884800,3598.94,3611.81,3491.46,3506.61,103144.2628
1718899200,3506.61,3542.4,3486.0,3536.61,51457.987
1718913600,3536.61,3538.91,3511.0,3513.08,17094.3034
1718928000,3513.08,3536.21,3491.66,3501.2,34013.0856
1718942400,3501.2,3521.74,3467.0,3475.0,45022.5479
1718956800,3475.0,3532.83,3446.82,3503.22,84533.4256
1718971200,3503.21,3519.99,3455.1,3492.78,89030.6982
1718985600,3492.78,3537.5,3469.96,3535.45,66320.0669
1719000000,3535.44,3547.55,3500.0,3518.5,23235.2778
1719014400,3518.5,3521.19,3493.24,3506.77,21118.7164
1719028800,3506.77,3509.76,3489.73,3494.0,22707.2062
1719043200,3494.0,3498.96,3475.09,3493.2,19859.6331
1719057600,3493.19,3511.84,3486.78,3505.43,28273.381
1719072000,3505.43,3508.37,3485.56,3491.44,13959.7515
1719086400,3491.44,3507.86,3485.8,3495.75,9855.9275
1719100800,3495.76,3519.0,3494.67,3519.0,14289.8809
1719115200,3518.99,3521.45,3506.63,3512.5,9763.1021
1719129600,3512.49,3513.0,3488.2,3498.29,18175.411
1719144000,3498.29,3504.62,3471.82,3474.54,26491.4608
1719158400,3474.54,3482.4,3461.38,3479.93,18541.0352
1719172800,3479.93,3480.12,3406.38,3420.91,46150.5404
1719187200,3420.91,3435.76,3387.05,3402.81,50128.5048
1719201600,3402.82,3413.56,3354.22,3369.19,58893.4861
1719216000,3369.2,3394.36,3240.0,3321.19,160169.3219
1719230400,3321.18,3337.07,3261.72,3280.3,96661.7814
1719244800,3280.31,3314.9,3242.44,3293.07,102398.4262
1719259200,3293.06,3363.18,3256.35,3352.73,75118.9025
1719273600,3352.74,3386.25,3336.76,3371.61,40978.574
1719288000,3371.62,3394.92,3357.01,3361.0,37133.9505
1719302400,3361.0,3394.31,3345.79,3376.01,34837.6718
1719316800,3376.0,3425.37,3358.2,3419.6,72423.3215
1719331200,3419.6,3430.88,3381.68,3415.66,36920.3828
1719345600,3415.67,3418.84,3388.88,3394.91,17742.323
1719360000,3394.91,3426.75,3385.22,3395.15,26819.52
1719374400,3395.15,3406.0,3376.81,3401.8,26669.2503
1719388800,3401.8,3402.85,3366.37,3381.44,31946.3772
1719403200,3381.44,3396.53,3346.0,3361.69,38271.455
1719417600,3361.68,3410.0,3325.01,3408.08,57919.9768
1719432000,3408.08,3417.43,3367.15,3371.44,25322.7625
1719446400,3371.77,3393.0,3361.74,3383.8,21306.96
1719460800,3383.79,3388.41,3366.05,3374.98,22096.4472
1719475200,3374.98,3414.05,3368.7,3403.46,41795.5588
1719489600,3403.46,3477.0,3403.45,3452.75,73901.3411
1719504000,3452.75,3467.5,3439.0,3449.79,24220.9756
1719518400,3449.78,3455.06,3440.53,3450.44,17720.3782
1719532800,3450.44,3487.7,3435.95,3460.5,35716.2271
1719547200,3460.5,3461.07,3427.01,3431.82,26966.7465
1719561600,3431.82,3461.39,3420.24,3452.78,30450.9048
1719576000,3452.79,3476.73,3403.06,3413.61,67543.456
1719590400,3413.6,3416.6,3365.22,3379.74,44208.0751
1719604800,3379.74,3394.15,3368.73,3380.15,16748.934
1719619200,3380.15,3399.98,3380.01,3386.07,17745.9808
1719633600,3386.06,3408.32,3381.56,3399.72,18952.9595
1719648000,3399.72,3406.05,3387.2,3400.45,15348.806
1719662400,3400.45,3403.2,3383.0,3394.62,12952.0566
1719676800,3394.62,3396.53,3376.81,3387.02,9707.3365
1719691200,3387.02,3389.71,3371.86,3378.8,13622.6257
1719705600,3378.8,3389.61,3352.66,3371.28,23491.9778
1719720000,3371.28,3400.0,3358.49,3394.03,20690.4836
1719734400,3394.03,3399.38,3386.02,3389.19,16477.0951
1719748800,3389.19,3404.88,3379.81,3399.8,22547.9265
1719763200,3399.81,3434.0,3391.99,3428.41,25398.4021
1719777600,3428.4,3460.0,3408.96,3438.16,32615.7334
1719792000,3438.16,3524.94,3432.55,3498.23,68223.5035
1719806400,3498.23,3499.73,3484.44,3490.58,28424.9548
1719820800,3490.59,3495.0,3457.59,3459.6,35063.7579
1719835200,3459.61,3481.27,3453.0,3474.35,36567.9235
1719849600,3474.35,3499.0,3462.09,3471.47,31603.3766
1719864000,3471.47,3475.91,3423.78,3442.2,24389.6959
1719878400,3442.2,3464.12,3434.02,3457.03,17046.9388
1719892800,3457.03,3463.95,3434.17,3439.0,22849.472
1719907200,3439.01,3454.73,3431.6,3453.26,19840.984
1719921600,3453.26,3462.5,3402.0,3415.65,44961.2764
1719936000,3415.66,3433.65,3408.89,3415.37,18180.9348
1719950400,3415.38,3428.58,3413.39,3421.35,15053.0954
1719964800,3421.35,3432.1,3331.23,3360.33,56476.8025
1719979200,3360.34,3373.2,3352.2,3352.2,20526.974
1719993600,3352.21,3356.98,3281.63,3307.5,72972.726
1720008000,3307.51,3326.36,3275.48,3304.26,61775.2472
1720022400,3304.16,3322.09,3254.49,3266.29,70449.3809
1720036800,3266.2,3306.17,3251.0,3295.48,28207.3204
1720051200,3295.49,3313.45,3155.0,3243.2,110045.1383
1720065600,3243.2,3246.28,3170.22,3182.21,54262.3513
1720080000,3182.21,3195.99,3126.6,3159.45,85869.0158
1720094400,3159.45,3160.8,3088.25,3138.79,108884.6249
1720108800,3138.79,3152.64,3113.18,3133.82,40600.7709
1720123200,3133.83,3169.79,3050.34,3059.7,50740.668
1720137600,3059.7,3110.0,2890.0,2920.99,289984.2983
1720152000,2920.99,2928.47,2810.0,2882.21,253999.8044
1720166400,2882.21,2956.93,2820.0,2947.42,143768.5871
1720180800,2947.42,3005.42,2922.7,2990.99,115166.3226
1720195200,2990.99,3001.63,2958.15,2987.99,60768.6971
1720209600,2987.98,2993.2,2963.86,2981.78,23306.6658
1720224000,2981.79,3026.45,2955.06,2980.01,39909.0097
1720238400,2980.0,3016.37,2961.65,3004.69,33024.5438
1720252800,3004.69,3016.0,2985.06,3005.65,44828.7897
1720267200,3005.66,3030.0,2989.49,3020.0,33557.5287
1720281600,3020.0,3065.94,3016.31,3058.21,40135.8109
1720296000,3058.2,3081.78,3056.47,3066.83,23032.2885
1720310400,3066.83,3073.08,3039.4,3050.76,23898.9918
1720324800,3050.76,3050.77,2993.51,3004.42,29985.9767
1720339200,3004.42,3032.18,3004.12,3015.51,19843.9563
1720353600,3015.52,3024.05,2955.12,2970.99,41810.4444
1720368000,2970.99,3009.58,2963.89,2985.19,21260.5898
1720382400,2985.2,3000.72,2922.24,2931.0,43092.8022
1720396800,2930.99,2951.89,2822.8,2879.71,111600.3586
1720411200,2879.71,2932.79,2875.22,2927.0,40517.0278
1720425600,2927.02,3097.06,2922.71,3053.97,118196.4132
1720440000,3053.98,3064.71,2890.0,2969.21,156027.0736
1720454400,2969.21,3009.88,2945.4,3004.59,38601.6244
1720468800,3004.6,3046.0,2981.82,3019.01,35502.5129
1720483200,3019.01,3076.74,3004.0,3064.45,51172.7521
1720497600,3064.45,3090.38,3054.14,3061.93,39909.1489
1720512000,3061.94,3115.2,3054.99,3083.47,41048.4455
1720526400,3083.45,3108.72,3031.06,3067.83,72995.9956
1720540800,3067.83,3089.34,3046.99,3068.99,53707.8018
1720555200,3069.0,3079.2,3046.32,3066.65,21523.9985
1720569600,3066.65,3082.46,3024.0,3080.0,29726.4409
1720584000,3080.0,3129.89,3080.0,3097.08,54747.9557
1720598400,3097.07,3109.1,3078.43,3102.22,27639.2203
1720612800,3102.22,3129.61,3077.76,3122.76,77648.5786
1720627200,3122.76,3151.51,3090.17,3107.03,49062.5774
1720641600,3107.03,3112.1,3080.21,3101.05,32002.3115
1720656000,3101.06,3130.0,3054.76,3077.2,34911.342
1720670400,3077.2,3124.15,3073.99,3118.22,22671.2036
1720684800,3118.22,3156.93,3114.52,3147.04,40591.5006
1720699200,3147.04,3217.24,3104.52,3117.95,116955.8929
1720713600,3117.95,3148.58,3097.3,3107.11,43267.1929
1720728000,3107.11,3123.7,3086.0,3099.57,30832.188
1720742400,3099.57,3117.92,3055.11,3085.74,32384.1963
1720756800,3085.62,3098.67,3057.87,3072.3,20230.5029
1720771200,3072.3,3086.24,3045.58,3070.0,32506.8939
1720785600,3070.0,3139.74,3057.58,3131.34,42632.5813
1720800000,3131.34,3157.89,3112.47,3116.1,32682.231
1720814400,3116.1,3135.4,3090.0,3133.88,25308.7771
1720828800,3133.89,3140.4,3120.3,3120.94,14045.7686
1720843200,3120.95,3142.62,3113.37,3140.21,15588.5675
1720857600,3140.2,3171.0,3128.99,3156.84,28706.7349
1720872000,3156.84,3165.67,3140.94,3154.87,18763.0676
1720886400,3154.86,3165.32,3146.85,3163.75,11736.4726
1720900800,3163.75,3201.8,3144.26,3175.93,30461.8657
1720915200,3175.93,3193.61,3163.67,3172.75,23189.3613
1720929600,3172.74,3206.7,3171.22,3195.4,31503.902
1720944000,3195.4,3225.13,3195.4,3202.84,29415.9314
1720958400,3202.85,3204.48,3173.68,3190.48,24709.3054
1720972800,3190.47,3197.9,3183.31,3190.9,15171.9991
1720987200,3190.9,3268.72,3190.24,3245.08,41440.2724
1721001600,3245.2,3342.19,3233.22,3329.37,62167.7706
1721016000,3329.37,3369.42,3320.78,3355.95,52045.5258
1721030400,3355.96,3373.0,3328.0,3339.68,35902.2987
1721044800,3339.68,3393.69,3333.33,3367.83,41384.83
1721059200,3367.82,3431.92,3358.21,3406.0,64769.2902
1721073600,3406.0,3493.63,3403.21,3483.39,58027.1299
1721088000,3483.2,3498.59,3453.96,3469.51,43190.2791
1721102400,3469.51,3478.52,3372.2,3376.8,85385.3345
1721116800,3376.8,3425.0,3346.55,3419.79,52731.1967
1721131200,3419.78,3484.73,3375.6,3476.25,72924.2562
1721145600,3476.21,3494.38,3441.61,3474.4,75353.5961
1721160000,3474.4,3475.0,3414.31,3444.13,46544.1243
1721174400,3444.14,3517.0,3441.86,3480.25,63187.5187
1721188800,3480.25,3514.54,3471.99,3486.22,44337.3766
1721203200,3486.23,3500.0,3440.96,3449.03,56767.5254
1721217600,3449.03,3475.5,3432.49,3437.17,52698.6235
1721232000,3437.18,3438.92,3376.0,3416.79,55994.1642
1721246400,3416.79,3428.4,3385.5,3387.05,24827.3078
1721260800,3387.05,3441.49,3383.43,3431.4,37282.1827
1721275200,3431.4,3454.08,3408.95,3433.0,30323.182
1721289600,3433.0,3461.01,3431.34,3458.83,36230.4199
1721304000,3458.83,3489.98,3385.01,3389.28,71240.042
1721318400,3389.29,3424.24,3367.2,3405.6,51836.371
1721332800,3405.59,3437.3,3397.44,3426.5,15038.1481
1721347200,3426.49,3432.92,3384.04,3429.59,31002.0002
1721361600,3429.59,3450.5,3386.69,3391.59,40087.0717
1721376000,3391.59,3412.0,3377.0,3404.54,36661.6142
1721390400,3404.55,3474.99,3395.99,3465.0,76379.9615
1721404800,3465.0,3540.27,3464.99,3522.97,82209.5679
1721419200,3522.98,3525.96,3492.54,3503.53,33171.4267
1721433600,3503.53,3508.49,3480.0,3495.01,25294.795
1721448000,3495.01,3508.18,3487.39,3487.4,24381.936
1721462400,3487.39,3494.59,3480.5,3484.81,19729.9081
1721476800,3484.81,3507.84,3481.2,3503.72,24138.4776
1721491200,3503.71,3539.65,3490.53,3514.45,40940.6088
1721505600,3514.44,3526.22,3500.2,3517.5,13025.091
1721520000,3517.5,3528.8,3503.7,3510.47,13607.9347
1721534400,3510.47,3513.6,3476.6,3485.01,22407.1774
1721548800,3485.0,3507.21,3483.8,3498.79,15423.6252
1721563200,3498.79,3517.1,3482.47,3499.95,26306.5045
1721577600,3499.95,3526.12,3411.4,3490.72,90344.3959
1721592000,3490.72,3547.0,3482.6,3535.92,50801.3279
1721606400,3535.93,3562.82,3515.27,3517.33,34508.7552
1721620800,3517.34,3523.58,3459.6,3478.89,36911.2107
1721635200,3478.9,3503.85,3469.0,3500.31,20343.0402
1721649600,3500.3,3507.35,3435.6,3457.15,51488.7864
1721664000,3457.15,3498.63,3444.86,3498.14,26567.2598
1721678400,3498.18,3499.53,3422.34,3439.6,38040.452
1721692800,3439.61,3490.14,3435.43,3474.99,43702.0655
1721707200,3474.99,3483.45,3425.0,3454.84,51045.7694
1721721600,3454.85,3541.0,3452.09,3516.0,106597.3643
1721736000,3516.01,3518.8,3429.59,3454.38,125107.7628
1721750400,3454.38,3496.49,3389.0,3457.03,109045.3008
1721764800,3457.03,3500.0,3454.94,3482.51,65070.5183
1721779200,3482.51,3487.82,3427.4,3448.36,51607.5929
1721793600,3448.36,3451.74,3429.61,3446.69,22627.1401
1721808000,3446.69,3472.33,3443.17,3459.63,28795.0939
1721822400,3459.63,3471.54,3409.01,3414.87,60536.0716
1721836800,3414.87,3432.4,3357.4,3363.0,46904.3022
1721851200,3362.99,3376.48,3300.0,3335.81,65008.8499
1721865600,3335.82,3342.5,3153.04,3168.3,162147.9909
1721880000,3168.31,3194.65,3130.0,3171.84,71301.3644
1721894400,3171.84,3187.8,3152.89,3172.5,46850.1646
1721908800,3172.49,3183.79,3105.35,3142.28,92866.4623
1721923200,3142.28,3172.75,3100.9,3123.88,56723.5005
1721937600,3123.88,3198.5,3087.53,3175.48,64393.1571
1721952000,3175.47,3259.89,3171.0,3236.21,71558.0382
1721966400,3236.21,3276.0,3233.01,3251.0,53845.3085
1721980800,3251.0,3263.76,3234.43,3246.86,34743.6662
1721995200,3246.87,3271.14,3221.43,3255.02,55971.9473
1722009600,3255.02,3285.61,3242.62,3274.19,25068.6999
1722024000,3274.2,3286.36,3251.24,3274.61,19049.804
1722038400,3274.6,3275.06,3241.31,3245.0,23403.5223
1722052800,3245.0,3277.8,3243.96,3272.31,16695.5656
1722067200,3272.31,3282.98,3262.92,3278.41,18484.5109
1722081600,3278.41,3327.59,3269.68,3280.97,57472.8296
1722096000,3280.97,3291.81,3227.09,3261.0,44410.9596
1722110400,3261.0,3294.5,3191.01,3249.01,71524.5157
1722124800,3249.0,3256.36,3225.73,3237.7,18479.6243
1722139200,3237.71,3244.3,3198.11,3227.69,22571.814
1722153600,3227.69,3265.72,3215.87,3256.46,18512.5133
1722168000,3256.46,3279.93,3254.31,3268.61,20423.3467
1722182400,3268.61,3284.3,3262.2,3271.85,12981.7418
1722196800,3271.85,3273.78,3251.08,3270.16,10560.7928
1722211200,3270.16,3356.7,3267.17,3348.98,56328.9402
1722225600,3348.98,3389.0,3339.86,3366.91,47550.5766
1722240000,3366.9,3396.77,3361.82,3375.0,33297.2724
1722254400,3375.01,3386.8,3290.0,3308.67,69835.2343
1722268800,3308.66,3324.19,3258.0,3311.02,68829.5419
1722283200,3311.03,3353.38,3309.23,3317.66,42629.9401
1722297600,3317.66,3337.94,3282.3,3321.0,41748.5862
1722312000,3321.0,3353.41,3298.12,3340.9,26383.0201
1722326400,3340.9,3355.5,3327.09,3334.65,22941.9785
1722340800,3334.66,3366.4,3291.6,3321.0,40077.5343
1722355200,3321.0,3327.42,3260.0,3272.79,37527.1304
1722369600,3272.79,3285.23,3233.18,3279.21,28598.9146
1722384000,3279.2,3304.89,3262.04,3294.01,19396.1899
1722398400,3294.01,3332.04,3262.49,3317.5,41437.6447
1722412800,3317.49,3326.98,3306.81,3322.87,21979.6077
1722427200,3322.88,3350.0,3297.85,3302.36,53208.2554
1722441600,3302.35,3326.79,3245.0,3266.19,51571.4412
1722456000,3266.19,3271.87,3213.75,3232.74,46118.1963
1722470400,3232.74,3242.57,3171.65,3178.22,53390.5476
1722484800,3178.22,3189.8,3136.47,3166.81,49372.2508
1722499200,3166.82,3194.23,3165.52,3188.39,23439.8597
1722513600,3188.39,3207.0,3102.4,3117.18,75856.1791
1722528000,3117.18,3136.0,3080.02,3131.64,73912.6239
1722542400,3131.64,3219.34,3121.73,3203.4,47314.1494
1722556800,3203.4,3218.6,3136.41,3168.27,34860.9621
1722571200,3168.28,3175.52,3127.0,3147.42,29937.757
1722585600,3147.41,3166.95,3134.26,3153.73,29653.6551
1722600000,3153.73,3182.8,2985.13,3038.99,173912.4137
1722614400,3039.0,3048.59,2995.0,3011.64,55041.9854
1722628800,3011.64,3041.91,2967.0,2989.61,62297.2662
1722643200,2989.61,3003.53,2913.56,2982.5,68097.7841
1722657600,2982.49,2996.63,2961.04,2983.9,27043.971
1722672000,2983.81,3006.64,2974.5,2997.21,30768.4215
1722686400,2997.2,3018.02,2938.88,2942.4,39003.7122
1722700800,2942.4,2955.39,2878.0,2893.53,119955.4009
1722715200,2893.53,2922.41,2859.0,2903.64,59726.026
1722729600,2903.65,2935.46,2876.22,2915.78,32211.267
1722744000,2915.79,2922.0,2888.0,2893.24,25281.2304
1722758400,2893.24,2925.0,2876.93,2914.22,23191.0524
1722772800,2914.22,2925.8,2819.5,2826.98,88217.1839
1722787200,2827.0,2837.96,2630.0,2757.55,271340.6928
1722801600,2757.55,2772.74,2681.04,2688.92,71822.8347
1722816000,2688.91,2697.44,2111.0,2312.72,935014.2509
1722830400,2312.72,2386.44,2160.0,2357.55,603396.4171
1722844800,2357.54,2362.24,2224.22,2290.57,321924.8795
1722859200,2290.6,2462.9,2183.51,2450.8,511619.0657
1722873600,2450.8,2518.0,2364.14,2404.9,213856.426
1722888000,2404.89,2474.75,2401.53,2419.59,84793.0611
1722902400,2419.76,2547.43,2415.8,2491.9,124688.8145
1722916800,2491.9,2535.19,2478.53,2523.41,91242.331
1722931200,2523.42,2525.0,2440.32,2458.91,104813.2647
1722945600,2458.9,2556.23,2414.19,2527.6,166534.8948
1722960000,2527.59,2549.73,2480.99,2493.04,85929.469
1722974400,2493.04,2513.84,2446.08,2461.33,69075.0298
1722988800,2461.33,2530.0,2425.53,2507.27,89998.2153
1723003200,2507.26,2534.6,2485.12,2510.72,71252.392
1723017600,2510.79,2551.32,2470.0,2473.01,109157.3757
1723032000,2473.01,2487.64,2364.76,2412.75,177351.8683
1723046400,2412.76,2416.45,2326.95,2350.45,107767.2516
1723060800,2350.45,2370.0,2309.04,2342.8,74588.3199
1723075200,2342.79,2465.25,2320.4,2430.41,94210.6601
1723089600,2430.4,2445.32,2411.31,2414.0,47121.1834
1723104000,2414.0,2460.68,2408.6,2447.63,53930.8485
1723118400,2447.64,2525.68,2411.02,2507.2,155144.3221
1723132800,2507.21,2607.29,2504.02,2573.53,119225.8246
1723147200,2573.54,2724.1,2567.64,2682.5,116870.0367
1723161600,2682.5,2702.19,2646.4,2694.67,63994.929
1723176000,2694.66,2707.98,2649.0,2670.21,65306.4662
1723190400,2670.21,2681.28,2617.2,2634.92,59287.2414
1723204800,2634.93,2663.96,2556.4,2557.82,126842.6847
1723219200,2557.82,2609.75,2552.61,2590.8,47767.5934
1723233600,2590.8,2613.07,2562.39,2598.78,43541.0464
1723248000,2598.79,2644.7,2576.49,2602.59,41781.1559
1723262400,2602.6,2637.0,2588.4,2634.27,24360.3776
1723276800,2634.27,2642.84,2623.0,2636.58,23580.2801
1723291200,2636.58,2637.89,2597.0,2599.49,21751.9003
1723305600,2599.5,2622.84,2589.51,2603.01,42801.0115
1723320000,2603.01,2618.0,2596.21,2609.92,16737.6365
1723334400,2609.92,2668.28,2606.02,2646.38,29621.3165
1723348800,2646.39,2683.15,2634.0,2677.79,31780.3845
1723363200,2677.8,2720.0,2644.91,2652.61,59099.6587
1723377600,2652.6,2655.8,2594.46,2614.07,56736.4622
1723392000,2614.07,2645.92,2596.33,2599.06,50953.5936
1723406400,2599.06,2602.91,2540.0,2555.38,68907.499
1723420800,2555.38,2577.9,2510.05,2541.02,58146.0202
1723435200,2541.03,2582.75,2516.36,2567.27,43215.6712
1723449600,2567.27,2683.2,2558.54,2673.6,89661.5896
1723464000,2673.6,2723.7,2592.58,2689.2,160424.4042
1723478400,2689.2,2698.87,2627.89,2660.09,52993.2364
1723492800,2660.09,2750.0,2658.13,2722.3,78973.329
1723507200,2722.3,2738.4,2650.61,2656.39,75847.8786
1723521600,2656.38,2664.0,2635.13,2648.94,36317.3848
1723536000,2648.95,2658.34,2611.37,2644.65,36586.1892
1723550400,2644.66,2674.99,2630.91,2652.0,58394.3027
1723564800,2652.0,2730.28,2650.0,2711.46,80433.5472
1723579200,2711.46,2734.0,2692.85,2702.44,38089.3939
1723593600,2702.44,2725.4,2685.8,2709.39,29788.4378
1723608000,2709.4,2750.0,2707.72,2727.57,45833.5826
1723622400,2727.56,2764.05,2715.0,2750.24,57437.1613
1723636800,2750.24,2780.0,2632.2,2674.21,142243.9932
1723651200,2674.22,2674.22,2641.4,2669.06,38939.5101
1723665600,2669.06,2679.81,2641.3,2661.45,24566.0291
1723680000,2661.45,2673.57,2634.0,2652.5,35244.0635
1723694400,2652.49,2656.62,2589.0,2615.16,47768.0328
1723708800,2615.16,2644.1,2604.3,2637.73,32083.2746
1723723200,2637.73,2675.6,2633.0,2668.4,57024.9425
1723737600,2668.4,2675.0,2521.87,2549.59,130417.331
1723752000,2549.59,2589.55,2515.71,2569.89,54009.1615
1723766400,2569.9,2610.35,2552.17,2580.08,34928.8712
1723780800,2580.08,2628.83,2577.71,2617.45,36266.4295
1723795200,2617.44,2626.41,2606.55,2612.52,24004.2242
1723809600,2612.52,2619.89,2550.04,2568.97,73905.5159
1723824000,2568.96,2630.97,2564.13,2620.4,81118.3896
1723838400,2620.4,2626.19,2587.0,2592.73,20460.7069
1723852800,2592.72,2607.92,2587.5,2595.77,17799.5792
1723867200,2595.78,2603.65,2590.9,2600.24,10808.4453
1723881600,2600.24,2607.28,2593.0,2599.23,14186.2746
1723896000,2599.23,2618.65,2596.7,2606.78,19916.75
1723910400,2606.79,2629.69,2606.78,2614.94,15643.5968
1723924800,2614.95,2618.23,2600.0,2614.51,10994.0301
1723939200,2614.51,2638.22,2605.05,2606.6,25195.1998
1723953600,2606.61,2610.84,2594.53,2608.06,17655.2544
1723968000,2608.05,2669.49,2605.59,2649.4,46909.3327
1723982400,2649.4,2689.16,2643.06,2672.2,37248.2904
1723996800,2672.2,2678.38,2643.75,2667.9,19490.8698
1724011200,2667.99,2670.0,2610.05,2612.15,27575.1114
1724025600,2612.15,2647.42,2603.53,2644.41,39440.4953
1724040000,2644.41,2648.08,2612.0,2614.31,25322.1941
1724054400,2614.31,2622.26,2565.84,2587.9,47327.1464
1724068800,2587.91,2604.67,2563.58,2584.53,45893.9924
1724083200,2584.54,2629.96,2574.28,2606.63,44403.0922
1724097600,2606.63,2641.15,2604.32,2636.36,22480.2132
1724112000,2636.36,2677.0,2619.06,2661.99,44019.1489
1724126400,2662.0,2695.0,2657.63,2674.81,45897.8592
1724140800,2674.81,2676.4,2639.4,2642.45,28408.1903
1724155200,2642.46,2655.78,2555.0,2574.99,95187.741
1724169600,2575.0,2606.7,2565.8,2601.94,39842.9406
1724184000,2601.94,2609.93,2565.23,2572.82,27959.9951
1724198400,2572.81,2598.2,2557.0,2591.5,29772.4505
1724212800,2591.51,2606.6,2588.31,2600.72,20871.9622
1724227200,2600.73,2607.87,2567.35,2577.6,25994.1915
1724241600,2577.61,2618.0,2536.22,2601.89,82446.4366
1724256000,2601.88,2650.0,2592.58,2646.43,48427.2293
1724270400,2646.42,2663.74,2619.77,2630.71,37774.3517
1724284800,2630.71,2640.25,2584.2,2616.59,37855.1007
1724299200,2616.6,2642.33,2613.75,2636.29,20272.9857
1724313600,2636.3,2644.49,2619.6,2641.91,32925.1144
1724328000,2641.9,2644.69,2590.5,2599.4,60175.4528
1724342400,2599.41,2619.23,2597.4,2606.6,27850.849
1724356800,2606.61,2627.06,2606.47,2622.88,19983.617
1724371200,2622.89,2652.95,2621.4,2635.72,29172.9593
1724385600,2635.71,2689.0,2634.41,2669.23,63389.3545
1724400000,2669.24,2681.0,2650.99,2653.27,41876.3322
1724414400,2653.27,2699.0,2632.83,2671.09,91496.4468
1724428800,2671.09,2750.0,2663.0,2746.54,104960.0382
1724443200,2746.55,2799.13,2723.55,2762.48,70891.3137
1724457600,2762.49,2769.6,2742.47,2746.6,37141.1388
1724472000,2746.59,2765.3,2739.4,2758.48,38293.8238
1724486400,2758.48,2786.29,2754.82,2756.31,29140.0856
1724500800,2756.3,2764.58,2751.36,2761.07,28376.8278
1724515200,2761.06,2820.0,2760.28,2793.01,83086.7315
1724529600,2793.01,2807.61,2731.26,2768.0,47504.3366
1724544000,2768.01,2782.73,2748.9,2764.53,32309.0924
1724558400,2764.52,2770.29,2733.21,2743.4,25458.7456
1724572800,2743.39,2761.5,2737.23,2750.99,23915.8443
1724587200,2751.0,2772.9,2746.0,2763.81,21236.2074
1724601600,2763.81,2773.8,2760.15,2766.3,13737.9161
1724616000,2766.3,2792.28,2739.77,2746.13,37869.4294
1724630400,2746.12,2762.0,2718.14,2744.34,29741.3445
1724644800,2744.35,2752.2,2728.54,2733.13,20577.5855
1724659200,2733.13,2749.12,2710.01,2737.35,27380.4223
1724673600,2737.34,2742.47,2701.43,2721.69,55161.1476
1724688000,2721.69,2732.08,2675.52,2680.83,54876.0413
1724702400,2680.84,2693.23,2666.66,2680.49,23971.5835
1724716800,2680.49,2693.79,2667.12,2685.27,24222.1281
1724731200,2685.26,2699.98,2673.6,2687.9,35545.8362
1724745600,2687.9,2692.07,2619.3,2626.67,46222.7582
1724760000,2626.66,2628.91,2555.0,2579.3,99931.8544
1724774400,2579.3,2591.93,2563.49,2584.0,42186.7785
1724788800,2584.01,2588.34,2392.96,2457.33,164551.3643
1724803200,2457.33,2480.31,2418.8,2478.45,88136.9581
1724817600,2478.45,2485.99,2433.3,2437.02,56056.4456
1724832000,2437.02,2550.31,2429.14,2523.2,95664.2576
1724846400,2523.19,2539.4,2467.93,2496.05,71811.0681
1724860800,2496.05,2546.13,2456.19,2504.88,89785.8057
1724875200,2504.89,2554.6,2504.6,2528.33,49812.0989
1724889600,2528.33,2537.99,2512.2,2523.4,24672.3392
1724904000,2523.4,2559.39,2518.44,2547.53,31962.534
1724918400,2547.52,2574.22,2536.63,2555.21,33508.6029
1724932800,2555.2,2595.4,2552.14,2575.97,59653.3809
1724947200,2575.97,2585.69,2509.66,2528.54,61398.5516
1724961600,2528.55,2543.6,2505.88,2527.61,25807.5546
1724976000,2527.6,2535.4,2505.0,2516.8,28608.572
1724990400,2516.8,2533.52,2503.8,2517.41,34519.6722
1725004800,2517.42,2528.37,2507.31,2512.44,21297.5566
1725019200,2512.43,2552.17,2434.96,2448.75,103983.6261
1725033600,2448.76,2542.19,2431.14,2506.94,130701.1151
1725048000,2506.94,2530.66,2506.35,2526.0,19268.6521
1725062400,2525.99,2533.95,2518.86,2523.52,14166.9397
1725076800,2523.52,2529.86,2518.17,2521.01,14956.1787
1725091200,2521.01,2529.81,2511.47,2525.5,14773.6726
1725105600,2525.49,2527.8,2513.8,2519.19,15368.1774
1725120000,2519.18,2519.8,2491.92,2499.8,22057.3239
1725134400,2499.79,2528.22,2493.68,2513.01,16623.8224
1725148800,2513.0,2516.28,2476.44,2488.74,22040.3526
1725163200,2488.75,2491.18,2458.84,2486.82,26820.4775
1725177600,2486.82,2492.88,2459.02,2477.74,22368.1709
1725192000,2477.73,2489.31,2438.0,2480.83,47978.3656
1725206400,2480.83,2514.82,2457.16,2501.71,38784.3156
1725220800,2501.71,2516.0,2400.0,2425.72,65136.0938
1725235200,2425.71,2455.26,2423.52,2450.52,35331.6569
1725249600,2450.47,2466.2,2433.18,2441.14,37943.8673
1725264000,2441.14,2539.53,2438.39,2515.81,85893.6804
1725278400,2515.81,2528.0,2492.55,2513.2,41643.4238
1725292800,2513.2,2530.92,2505.78,2524.25,29916.1001
1725307200,2524.26,2564.83,2522.22,2538.01,31904.11
1725321600,2538.0,2553.6,2514.73,2516.0,27730.1585
1725336000,2516.0,2525.2,2512.46,2519.55,19383.1812
1725350400,2519.55,2520.54,2494.24,2509.59,20704.4681
1725364800,2509.59,2519.12,2435.79,2444.01,81518.5002
1725379200,2444.01,2469.87,2435.83,2447.6,41528.1331
1725393600,2447.6,2470.57,2411.12,2425.29,33928.6888
1725408000,2425.28,2449.22,2306.65,2373.0,144366.9266
1725422400,2372.99,2414.71,2363.56,2401.52,45719.3498
1725436800,2401.52,2410.83,2387.15,2398.77,36620.6349
1725451200,2398.77,2458.57,2393.16,2455.4,91240.017
1725465600,2455.39,2490.0,2439.2,2452.16,48221.7855
1725480000,2452.15,2469.55,2443.32,2450.71,18010.6716
1725494400,2450.71,2466.0,2404.28,2405.55,51182.1435
1725508800,2405.56,2418.47,2376.72,2412.4,42138.4727
1725523200,2412.41,2416.35,2383.16,2389.54,28448.2371
1725537600,2389.53,2415.15,2355.8,2371.43,85446.0382
1725552000,2371.43,2395.99,2348.04,2363.97,43189.7973
1725566400,2363.97,2378.33,2350.0,2368.81,28144.4081
1725580800,2368.81,2408.4,2357.6,2392.63,32980.5199
1725595200,2392.63,2397.35,2321.21,2344.45,57143.7515
1725609600,2344.44,2379.4,2338.57,2372.95,39913.21
1725624000,2372.96,2408.83,2266.0,2290.21,175343.7092
1725638400,2290.21,2293.17,2207.4,2222.56,176299.547
1725652800,2222.56,2229.89,2150.55,2225.23,161346.3734
1725667200,2225.24,2243.0,2220.98,2238.41,34327.2918
1725681600,2238.41,2293.76,2237.61,2288.11,54140.9563
1725696000,2288.11,2299.47,2275.2,2283.7,29197.2328
1725710400,2283.7,2311.27,2282.03,2300.49,35018.3105
1725724800,2300.49,2304.54,2263.4,2290.44,41600.0682
1725739200,2290.43,2291.19,2257.37,2273.58,25169.348
1725753600,2273.58,2288.33,2263.22,2286.04,19091.7911
1725768000,2286.04,2304.8,2283.75,2294.94,21958.6858
1725782400,2294.94,2309.86,2287.64,2296.6,24075.8922
1725796800,2296.6,2299.0,2240.94,2245.74,52232.089
1725811200,2245.74,2283.46,2243.26,2272.09,27008.5984
1725825600,2272.08,2333.58,2267.39,2297.3,48408.5928
1725840000,2297.3,2320.74,2288.61,2304.23,36474.1665
1725854400,2304.23,2316.51,2283.1,2314.33,31102.4478
1725868800,2314.33,2339.0,2310.06,2315.29,45191.1776
1725883200,2315.3,2325.51,2272.8,2292.55,71423.5153
1725897600,2292.56,2352.89,2291.0,2350.57,91396.0358
1725912000,2350.57,2381.41,2337.04,2359.5,46111.647
1725926400,2359.51,2360.59,2334.99,2340.84,27409.2787
1725940800,2340.85,2366.47,2328.0,2363.51,27052.9146
1725955200,2363.51,2372.0,2339.08,2351.0,33662.5301
1725969600,2351.0,2364.16,2320.41,2325.01,56700.2756
1725984000,2325.01,2391.94,2324.52,2380.73,47628.1754
1725998400,2380.73,2400.0,2372.2,2388.52,31928.9985
1726012800,2388.52,2389.32,2339.0,2348.31,39080.7694
1726027200,2348.31,2348.31,2318.66,2341.66,32934.4948
1726041600,2341.66,2341.89,2306.45,2327.59,29236.327
1726056000,2327.59,2355.32,2277.68,2325.9,110620.3982
1726070400,2325.89,2368.87,2324.48,2340.6,54352.1621
1726084800,2340.6,2351.8,2333.0,2340.55,16674.161
1726099200,2340.54,2391.93,2339.54,2368.0,44561.7461
1726113600,2368.01,2379.33,2352.74,2359.59,25955.6825
1726128000,2359.59,2365.99,2343.2,2348.55,23459.5022
1726142400,2348.56,2366.98,2315.39,2323.2,54189.4376
1726156800,2323.2,2361.54,2322.42,2361.03,32562.9832
1726171200,2361.03,2373.64,2341.5,2361.76,21881.7792
1726185600,2361.75,2364.56,2350.27,2356.04,13613.7223
1726200000,2356.04,2359.2,2337.35,2348.88,17905.2743
1726214400,2348.87,2376.22,2341.66,2354.35,27196.9041
1726228800,2354.39,2412.61,2342.41,2407.79,84151.519
1726243200,2407.79,2428.38,2396.06,2421.07,64306.4597
1726257600,2421.06,2464.82,2413.14,2439.19,46714.7366
1726272000,2439.19,2440.6,2422.28,2432.94,23620.601
1726286400,2432.94,2433.6,2413.8,2420.23,16326.8004
1726300800,2420.23,2421.76,2407.98,2417.07,19673.4027
1726315200,2417.08,2424.11,2412.17,2418.54,19119.1368
1726329600,2418.55,2421.15,2376.72,2408.71,31801.3372
1726344000,2408.71,2422.99,2407.16,2417.79,12389.9521
1726358400,2417.8,2430.32,2416.53,2420.09,14598.6023
1726372800,2420.09,2424.49,2414.1,2422.9,9048.6699
1726387200,2422.89,2423.18,2401.75,2406.86,14771.6684
1726401600,2406.86,2418.72,2396.28,2408.71,20382.7049
1726416000,2408.72,2409.12,2362.71,2372.35,41671.0716
1726430400,2372.34,2372.34,2283.75,2316.1,73891.4775
1726444800,2316.09,2322.6,2252.39,2278.38,86962.8377
1726459200,2278.38,2312.86,2276.1,2310.69,42263.8162
1726473600,2310.69,2335.7,2289.0,2307.8,45264.6371
1726488000,2307.8,2312.6,2269.52,2287.72,53576.0851
1726502400,2287.73,2311.06,2269.25,2275.22,57131.6662
1726516800,2275.22,2301.6,2267.6,2295.68,45356.1897
1726531200,2295.67,2298.91,2263.29,2284.18,28503.775
1726545600,2284.19,2310.75,2282.44,2309.18,23151.7754
1726560000,2309.18,2323.69,2302.46,2308.12,40567.8112
1726574400,2308.12,2393.63,2302.61,2383.79,100277.9426
1726588800,2383.79,2390.0,2327.9,2353.09,55350.6039
1726603200,2353.09,2361.6,2328.79,2341.8,26354.3507
1726617600,2341.79,2343.28,2309.69,2334.79,33269.0484
1726632000,2334.79,2336.24,2312.64,2330.0,24340.0227
1726646400,2330.0,2330.01,2277.34,2300.59,43998.7581
1726660800,2300.6,2318.0,2288.0,2296.0,39254.5568
1726675200,2296.0,2364.42,2288.25,2315.19,107978.8702
1726689600,2315.19,2376.14,2290.0,2374.75,44076.3446
1726704000,2374.74,2412.82,2372.6,2403.68,74063.4655
1726718400,2403.69,2442.6,2399.59,2438.06,51924.8166
1726732800,2438.07,2442.1,2423.35,2435.35,42639.8525
1726747200,2435.34,2453.0,2420.48,2440.0,57030.3325
1726761600,2439.99,2494.95,2433.41,2460.93,69471.6538
1726776000,2460.94,2478.8,2452.26,2465.21,31615.9111
1726790400,2465.21,2521.71,2437.31,2520.56,49254.4522
1726804800,2520.56,2571.93,2516.81,2561.0,103499.6359
1726819200,2561.0,2565.0,2539.34,2544.96,43297.2088
1726833600,2544.95,2570.0,2516.2,2560.27,81292.3298
1726848000,2560.27,2569.0,2525.36,2540.98,42141.6771
1726862400,2540.97,2562.4,2538.47,2561.4,21269.2874
1726876800,2561.4,2587.4,2534.17,2544.0,43762.2681
1726891200,2544.01,2558.99,2528.97,2555.77,24115.9844
1726905600,2555.77,2557.34,2545.04,2556.5,13639.3088
1726920000,2556.49,2576.47,2550.44,2560.0,26807.5925
1726934400,2560.0,2578.4,2556.21,2572.05,16053.7707
1726948800,2572.06,2623.34,2560.0,2612.4,30378.9528
1726963200,2612.4,2632.57,2588.1,2594.71,44959.9
1726977600,2594.7,2604.6,2576.01,2587.99,23704.0734
1726992000,2587.99,2595.76,2569.61,2580.59,27603.6937
1727006400,2580.59,2588.0,2554.82,2570.51,35522.7974
1727020800,2570.51,2591.69,2552.49,2578.37,36410.4297
1727035200,2578.38,2594.0,2524.58,2581.0,46065.4315
1727049600,2580.99,2687.24,2539.49,2676.71,98308.8181
1727064000,2676.71,2681.13,2636.49,2646.48,44218.2619
1727078400,2646.47,2662.47,2633.91,2646.0,36840.1003
1727092800,2646.0,2685.1,2631.45,2675.38,59269.4637
1727107200,2675.37,2702.82,2658.08,2672.97,58966.6192
1727121600,2672.97,2682.3,2639.55,2646.97,35678.7517
1727136000,2646.98,2651.39,2609.4,2627.4,52066.9646
1727150400,2627.39,2649.4,2618.28,2647.0,25605.4939
1727164800,2647.0,2667.75,2619.35,2636.85,45110.5414
1727179200,2636.86,2646.36,2591.56,2612.44,79666.7414
1727193600,2612.44,2657.0,2611.07,2650.49,44179.4142
1727208000,2650.49,2670.96,2640.14,2653.2,41970.8847
1727222400,2653.2,2673.5,2632.5,2646.6,45571.698
1727236800,2646.61,2646.87,2610.53,2621.47,36076.8035
1727251200,2621.48,2630.52,2613.99,2627.4,28484.7217
1727265600,2627.39,2629.56,2595.61,2600.81,40267.1429
1727280000,2600.81,2609.39,2564.77,2570.69,47192.8845
1727294400,2570.69,2584.75,2554.05,2579.95,22750.1787
1727308800,2580.09,2607.0,2559.2,2602.3,41277.9557
1727323200,2602.31,2634.95,2591.75,2629.8,30667.359
1727337600,2629.8,2639.5,2612.83,2628.8,46833.8007
1727352000,2628.79,2663.8,2607.92,2652.01,82796.5157
1727366400,2652.01,2666.22,2626.8,2648.99,46663.0564
1727380800,2649.0,2654.97,2617.49,2632.26,30447.6698
1727395200,2632.25,2644.9,2615.21,2638.66,26768.3738
1727409600,2638.66,2668.37,2636.8,2657.27,56713.5886
1727424000,2657.28,2677.61,2641.3,2652.0,41596.5263
1727438400,2652.0,2699.68,2642.2,2683.62,67237.2116
1727452800,2683.63,2728.6,2678.49,2701.37,71817.2564
1727467200,2701.38,2708.41,2689.99,2694.43,17694.0225
1727481600,2694.43,2704.35,2688.01,2690.31,21128.0815
1727496000,2690.31,2700.36,2674.75,2677.93,24118.7176
1727510400,2677.93,2678.42,2650.0,2675.22,29681.2006
1727524800,2675.23,2675.9,2652.2,2669.9,24672.6722
1727539200,2669.89,2684.51,2662.21,2678.34,21399.5884
1727553600,2678.33,2680.33,2655.5,2675.21,16229.7739
1727568000,2675.21,2683.7,2663.64,2674.96,13413.3075
1727582400,2674.96,2674.96,2629.73,2640.44,55180.1074
1727596800,2640.43,2655.0,2634.2,2652.49,24320.7835
1727611200,2652.49,2669.2,2641.0,2666.38,24891.9894
1727625600,2666.38,2671.8,2650.49,2666.78,20369.8117
1727640000,2666.77,2673.41,2648.0,2657.62,22378.3151
1727654400,2657.62,2663.5,2601.12,2629.89,67474.6477
1727668800,2629.89,2643.53,2623.08,2637.82,27997.402
1727683200,2637.81,2643.08,2592.42,2628.94,66786.5368
1727697600,2628.94,2638.94,2593.73,2596.0,35767.354
1727712000,2595.99,2610.01,2575.0,2595.31,45071.6506
1727726400,2595.31,2617.46,2576.58,2602.23,39378.205
1727740800,2602.24,2633.3,2591.34,2629.83,46721.4787
1727755200,2629.83,2659.0,2627.6,2645.61,41960.4537
1727769600,2645.61,2647.19,2628.47,2628.87,28094.2912
1727784000,2628.86,2633.42,2481.4,2524.81,162363.3521
1727798400,2524.81,2531.4,2428.34,2488.71,137494.6322
1727812800,2488.71,2492.4,2414.0,2447.79,86194.4725
1727827200,2447.78,2499.0,2442.13,2489.6,44750.7125
1727841600,2489.6,2492.93,2467.19,2482.04,33754.5231
1727856000,2482.03,2486.89,2441.71,2455.22,39918.2223
1727870400,2455.22,2463.67,2418.8,2460.4,69451.668
1727884800,2460.4,2478.89,2368.03,2371.77,74986.2284
1727899200,2371.77,2392.99,2352.0,2364.1,54623.3807
1727913600,2364.09,2399.6,2352.59,2399.32,42118.3821
1727928000,2399.32,2403.38,2360.0,2364.66,42369.5009
1727942400,2364.65,2370.0,2318.72,2352.34,83288.927
1727956800,2352.35,2366.09,2310.0,2340.59,87184.8993
1727971200,2340.6,2354.31,2312.0,2353.51,39550.6975
1727985600,2353.51,2357.9,2332.6,2349.8,20123.5195
1728000000,2349.8,2380.0,2339.15,2367.06,38159.3861
1728014400,2367.07,2387.58,2365.63,2381.6,29429.7729
1728028800,2381.6,2393.52,2374.11,2386.2,24944.9194
1728043200,2386.2,2418.41,2352.6,2417.05,79263.7285
1728057600,2417.1,2441.64,2409.67,2428.9,52325.0473
1728072000,2428.9,2431.74,2412.4,2414.41,15260.1628
1728086400,2414.41,2428.23,2390.26,2399.6,20356.2535
1728100800,2399.61,2427.0,2397.11,2415.1,14638.4733
1728115200,2415.11,2428.22,2415.1,2417.19,14026.2539
1728129600,2417.19,2424.15,2404.7,2415.01,20570.7141
1728144000,2415.01,2416.1,2392.8,2396.54,18796.2094
1728158400,2396.54,2419.5,2390.05,2414.66,15352.3274
1728172800,2414.66,2423.0,2407.0,2413.64,11865.5663
1728187200,2413.63,2421.0,2410.35,2417.38,10555.4611
1728201600,2417.39,2430.73,2415.4,2426.63,13919.4157
1728216000,2426.64,2457.8,2424.91,2446.62,28185.7731
1728230400,2446.62,2453.0,2435.4,2441.39,20084.9861
1728244800,2441.4,2444.6,2415.65,2440.03,21141.5073
1728259200,2440.02,2512.92,2435.84,2495.34,64906.1124
1728273600,2495.34,2498.7,2477.24,2480.53,24519.6837
1728288000,2480.54,2488.87,2437.9,2475.84,53068.404
1728302400,2475.84,2521.0,2462.67,2474.23,69983.6456
1728316800,2474.24,2481.2,2420.01,2445.62,50138.6127
1728331200,2445.62,2457.65,2403.0,2422.71,37843.0823
1728345600,2422.7,2448.1,2422.7,2438.13,23442.3811
1728360000,2438.13,2445.74,2410.51,2428.6,30639.3201
1728374400,2428.6,2441.74,2417.4,2439.71,20649.4241
1728388800,2439.71,2453.23,2401.18,2419.5,63179.4006
1728403200,2419.49,2456.62,2411.17,2440.13,43221.5315
1728417600,2440.13,2466.66,2434.06,2440.89,20226.2738
1728432000,2440.88,2473.61,2427.44,2446.78,35935.5975
1728446400,2446.78,2452.61,2431.71,2436.01,21223.492
1728460800,2436.0,2442.55,2427.79,2441.7,22985.73
1728475200,2441.69,2472.08,2423.13,2461.3,55578.003
1728489600,2461.3,2462.61,2407.43,2418.3,40763.1329
1728504000,2418.3,2418.3,2351.42,2370.47,65596.3171
1728518400,2370.47,2400.6,2366.87,2395.3,38178.3731
1728532800,2395.31,2411.38,2391.12,2395.8,20018.0731
1728547200,2395.78,2408.12,2368.55,2406.56,32497.4526
1728561600,2406.56,2408.93,2370.0,2404.63,50311.8395
1728576000,2404.62,2421.36,2330.66,2367.13,93309.876
1728590400,2367.13,2387.09,2357.07,2386.49,23547.3476
1728604800,2386.49,2416.94,2381.86,2411.1,30289.8309
1728619200,2411.18,2418.55,2403.36,2407.64,24815.734
1728633600,2407.64,2426.22,2402.65,2417.82,29077.8241
1728648000,2417.83,2453.84,2414.51,2443.81,70787.7003
1728662400,2443.8,2471.45,2433.46,2459.6,54255.9426
1728676800,2459.59,2462.31,2434.22,2439.5,26214.1878
1728691200,2439.49,2451.37,2434.35,2439.04,25581.3859
1728705600,2439.05,2451.77,2439.05,2446.69,19107.4669
1728720000,2446.68,2467.51,2442.61,2452.5,22359.2388
1728734400,2452.5,2484.0,2448.8,2473.11,38159.8719
1728748800,2473.1,2486.75,2466.66,2472.6,21868.9413
1728763200,2472.6,2490.51,2469.1,2476.4,12560.6014
1728777600,2476.4,2484.92,2452.55,2457.86,22224.4323
1728792000,2457.86,2469.84,2457.32,2465.0,11829.3096
1728806400,2465.0,2471.74,2457.52,2458.27,13286.2189
1728820800,2458.27,2470.49,2436.4,2440.51,25303.6962
1728835200,2440.51,2462.31,2437.92,2458.09,24263.4219
1728849600,2458.09,2484.6,2452.87,2468.91,23115.739
1728864000,2468.92,2526.6,2443.39,2521.11,65340.254
1728878400,2521.11,2548.43,2511.34,2535.78,90677.8823
1728892800,2535.78,2547.49,2519.65,2537.9,44684.5599
1728907200,2537.91,2642.88,2534.47,2635.47,149388.5896
1728921600,2635.47,2640.4,2615.12,2620.51,51675.6035
1728936000,2620.5,2654.0,2616.1,2629.79,34133.2726
1728950400,2629.79,2637.38,2608.52,2612.32,32699.9359
1728964800,2612.33,2623.7,2590.29,2615.66,39737.151
1728979200,2615.67,2622.5,2580.01,2586.2,46038.5745
1728993600,2586.2,2688.6,2537.36,2573.45,191312.0206
1729008000,2573.42,2619.33,2571.36,2592.11,70160.4914
1729022400,2592.11,2609.08,2563.6,2607.41,36337.4929
1729036800,2607.41,2630.6,2588.67,2617.23,41559.1494
1729051200,2617.22,2624.44,2598.77,2607.13,44954.7587
1729065600,2607.12,2642.69,2605.01,2630.4,57405.2416
1729080000,2630.41,2647.79,2595.0,2607.67,69142.741
1729094400,2607.68,2628.0,2591.58,2614.93,29249.1835
1729108800,2614.93,2628.83,2608.94,2611.1,18011.35
1729123200,2611.1,2645.6,2610.03,2640.8,42096.8727
1729137600,2640.8,2648.37,2618.99,2628.5,33833.5101
1729152000,2628.5,2630.71,2596.49,2598.01,37961.3642
1729166400,2598.01,2632.73,2583.5,2630.82,53370.1693
1729180800,2630.81,2631.43,2575.4,2595.59,36027.0507
1729195200,2595.6,2614.91,2594.8,2605.8,18335.5764
1729209600,2605.79,2651.66,2596.49,2609.99,55249.9857
1729224000,2609.98,2645.83,2608.79,2644.5,39782.9796
1729238400,2644.51,2650.0,2621.0,2621.98,34026.8825
1729252800,2621.98,2663.4,2612.2,2653.15,73294.5491
1729267200,2653.15,2675.58,2629.5,2651.31,65334.2914
1729281600,2651.38,2652.03,2633.59,2642.17,24755.427
1729296000,2642.17,2663.49,2635.22,2646.41,24351.122
1729310400,2646.41,2650.97,2638.0,2641.05,16877.9183
1729324800,2641.05,2648.6,2631.02,2631.48,17547.521
1729339200,2631.48,2654.41,2631.04,2645.7,19701.0133
1729353600,2645.69,2646.52,2637.0,2641.34,14020.3029
1729368000,2641.34,2655.5,2640.89,2648.2,12915.8871
1729382400,2648.2,2653.56,2635.54,2640.25,16860.0707
1729396800,2640.26,2652.03,2638.45,2646.1,16365.2238
1729411200,2646.1,2651.49,2643.13,2649.49,12696.1974
1729425600,2649.5,2721.0,2642.0,2706.58,100584.9476
1729440000,2706.58,2709.77,2686.25,2699.86,31714.755
1729454400,2699.87,2759.0,2697.03,2746.91,78689.5503
1729468800,2746.91,2769.48,2725.3,2733.81,65279.2393
1729483200,2733.81,2744.24,2721.62,2722.01,36486.2056
1729497600,2722.01,2729.2,2701.41,2704.77,46379.4613
1729512000,2704.77,2711.36,2659.12,2679.43,90914.2578
1729526400,2679.43,2684.79,2655.01,2680.1,46431.9384
1729540800,2680.1,2685.02,2665.69,2666.7,25183.6208
1729555200,2666.71,2671.92,2613.49,2644.56,74882.1172
1729569600,2644.56,2659.39,2635.21,2646.79,28463.0967
1729584000,2646.8,2649.19,2613.2,2632.9,45524.9314
1729598400,2632.89,2645.5,2606.56,2624.33,65580.5638
1729612800,2624.33,2633.82,2607.0,2628.01,30526.639
1729627200,2628.01,2644.1,2618.21,2622.81,20770.3649
1729641600,2622.81,2628.2,2601.18,2616.5,28370.0336
1729656000,2616.49,2624.68,2602.63,2602.81,25160.8196
1729670400,2602.81,2611.52,2563.73,2580.93,57446.364
1729684800,2580.94,2587.4,2529.66,2540.22,82536.558
1729699200,2540.21,2542.56,2450.0,2512.51,127126.4845
1729713600,2512.51,2528.49,2502.0,2524.61,32007.4489
1729728000,2524.6,2560.75,2508.98,2544.8,51444.6055
1729742400,2544.8,2562.65,2540.38,2544.76,50086.9987
1729756800,2544.76,2551.4,2508.8,2529.47,42147.9069
1729771200,2529.47,2545.75,2513.4,2525.84,72617.4411
1729785600,2525.8,2541.91,2507.31,2539.96,40463.6768
1729800000,2539.97,2560.0,2526.6,2535.82,34091.1552
1729814400,2535.82,2538.53,2509.89,2521.73,27585.145
1729828800,2521.73,2522.55,2462.06,2484.07,63749.3653
1729843200,2484.07,2547.0,2478.37,2545.13,79017.9636
1729857600,2545.13,2566.33,2508.71,2524.86,83767.1181
1729872000,2524.86,2536.7,2455.6,2476.1,114795.8392
1729886400,2476.11,2496.59,2382.59,2440.62,145884.451
1729900800,2440.63,2458.0,2430.12,2452.27,59166.402
1729915200,2452.27,2479.7,2451.4,2465.61,39515.6559
1729929600,2465.62,2478.99,2463.23,2472.98,35646.5741
1729944000,2472.98,2478.8,2442.2,2457.59,54074.5149
1729958400,2457.6,2488.14,2455.77,2486.68,35230.3821
1729972800,2486.68,2508.0,2481.9,2482.51,25091.3023
1729987200,2482.51,2484.89,2469.52,2484.64,15688.7621
1730001600,2484.65,2486.84,2477.98,2481.26,13016.3023
1730016000,2481.25,2484.4,2464.13,2469.86,20154.6201
1730030400,2469.86,2505.82,2469.75,2501.97,37377.7212
1730044800,2501.98,2511.7,2486.0,2494.59,22550.227
1730059200,2494.58,2527.99,2490.83,2507.8,28793.2509
1730073600,2507.8,2512.53,2471.67,2477.71,28902.3387
1730088000,2477.7,2527.0,2473.2,2511.77,39534.4516
1730102400,2511.77,2544.74,2505.18,2527.12,50665.782
1730116800,2527.12,2536.6,2498.46,2501.02,73780.0943
1730131200,2501.01,2524.3,2488.0,2506.7,77169.9539
1730145600,2506.7,2589.67,2505.01,2567.48,90552.7065
1730160000,2567.49,2631.66,2561.2,2607.75,113234.5153
1730174400,2607.75,2626.49,2607.75,2613.3,47598.2051
1730188800,2613.29,2638.8,2612.81,2631.59,47484.2184
1730203200,2631.59,2650.99,2611.33,2648.52,76755.787
1730217600,2648.51,2681.86,2623.22,2624.74,118181.9834
1730232000,2624.74,2648.25,2606.82,2638.8,48660.9933
1730246400,2638.8,2651.42,2599.66,2641.7,58651.4667
1730260800,2641.71,2684.21,2636.2,2668.6,56092.6306
1730275200,2668.6,2696.5,2657.09,2659.18,73414.7548
1730289600,2659.18,2722.3,2653.03,2683.08,149492.5606
1730304000,2683.07,2696.22,2653.26,2655.0,51758.8372
1730318400,2655.0,2686.13,2635.52,2659.19,71216.8761
1730332800,2659.19,2669.0,2637.63,2657.0,44745.4639
1730347200,2657.0,2657.99,2631.63,2646.8,30494.4159
1730361600,2646.79,2648.5,2625.26,2638.81,49785.3798
1730376000,2638.82,2641.0,2541.23,2562.86,138890.8756
1730390400,2562.86,2564.09,2506.3,2514.33,86177.7516
1730404800,2514.34,2530.07,2503.0,2518.61,53333.3149
1730419200,2518.61,2533.25,2467.67,2503.2,86691.3327
1730433600,2503.2,2516.2,2485.35,2504.12,43728.3342
1730448000,2504.12,2525.8,2494.55,2515.44,50334.2681
1730462400,2515.44,2586.8,2481.68,2500.03,148101.0589
1730476800,2500.02,2538.58,2495.2,2514.49,70817.1562
1730491200,2514.5,2527.46,2485.05,2511.49,30576.9572
1730505600,2511.49,2523.45,2501.0,2506.7,23860.5833
1730520000,2506.71,2513.87,2499.59,2507.35,15843.2724
1730534400,2507.34,2510.3,2491.2,2502.13,20552.6748
1730548800,2502.14,2504.5,2470.0,2488.79,55572.1722
1730563200,2488.78,2497.73,2479.3,2493.02,18610.8072
1730577600,2493.01,2497.89,2485.1,2494.23,11521.6201
1730592000,2494.23,2496.39,2421.29,2449.59,67070.7487
1730606400,2449.6,2463.83,2441.1,2450.03,24030.4785
1730620800,2450.03,2462.64,2443.94,2454.47,36799.3352
1730635200,2454.47,2460.6,2413.38,2442.63,60945.4178
1730649600,2442.63,2459.53,2411.0,2452.89,52907.215
1730664000,2452.89,2475.52,2447.4,2457.73,34255.9245
1730678400,2457.73,2491.39,2434.99,2473.76,37127.5002
1730692800,2473.77,2482.42,2457.21,2459.67,22635.0346
1730707200,2459.68,2478.0,2447.34,2470.2,28566.6765
1730721600,2470.2,2486.0,2431.51,2442.6,56215.3522
1730736000,2442.6,2446.32,2405.8,2430.43,63432.5532
1730750400,2430.42,2432.08,2357.59,2398.21,98339.8478
1730764800,2398.21,2421.4,2380.74,2420.41,47944.8664
1730779200,2420.4,2445.7,2417.21,2443.4,38943.023
1730793600,2443.41,2448.0,2430.31,2440.63,36062.5012
1730808000,2440.63,2480.0,2427.4,2441.19,89272.4654
1730822400,2441.2,2475.0,2401.3,2408.4,71328.772
1730836800,2408.39,2440.0,2401.7,2422.55,48067.6265
1730851200,2422.6,2638.0,2420.3,2579.31,273196.315
1730865600,2579.31,2643.2,2561.0,2594.0,263406.854
1730880000,2593.99,2637.0,2571.0,2629.02,130007.8482
1730894400,2629.03,2666.66,2608.0,2634.19,142673.0702
1730908800,2634.2,2687.26,2633.43,2687.25,84147.198
1730923200,2687.25,2744.7,2669.25,2721.87,108710.0764
1730937600,2721.88,2880.0,2699.49,2852.42,239110.0996
1730952000,2852.43,2855.0,2779.91,2820.29,104122.5449
1730966400,2820.3,2830.0,2790.0,2792.28,65854.3896
1730980800,2792.28,2849.0,2776.0,2847.49,100484.4486
1730995200,2847.5,2893.8,2823.75,2885.0,121819.8352
1731009600,2885.0,2916.11,2864.25,2895.47,99454.6345
1731024000,2895.47,2954.94,2886.4,2902.42,126526.9325
1731038400,2902.42,2924.2,2892.0,2911.96,70741.7346
1731052800,2911.88,2930.89,2893.33,2914.39,62192.9151
1731067200,2914.4,2956.56,2903.0,2937.04,110108.0276
1731081600,2937.03,2981.69,2890.04,2949.96,126505.7537
1731096000,2949.96,2975.45,2915.8,2961.75,72789.0715
1731110400,2961.75,2995.22,2954.56,2965.5,76958.1964
1731124800,2965.5,3058.77,2953.71,3030.38,129030.9382
1731139200,3030.37,3055.88,3021.46,3051.6,69670.2941
1731153600,3051.59,3054.17,3028.4,3040.88,53748.8853
1731168000,3040.85,3094.55,2990.58,3070.39,98531.409
1731182400,3070.4,3157.4,3065.56,3126.21,98779.6982
1731196800,3126.2,3151.41,3103.7,3134.82,92569.5686
1731211200,3134.82,3216.47,3129.97,3185.89,188145.3329
1731225600,3185.89,3230.0,3168.81,3220.0,96121.2648
1731240000,3220.01,3236.64,3167.56,3209.53,126863.0189
1731254400,3209.52,3248.52,3150.0,3164.27,167610.7179
1731268800,3164.27,3225.99,3069.0,3183.21,194226.8291
1731283200,3183.2,3221.8,3171.16,3195.07,94211.1415
1731297600,3195.08,3196.98,3105.0,3140.16,103633.8888
1731312000,3140.16,3212.49,3132.1,3197.79,91922.0003
1731326400,3197.79,3256.4,3139.5,3236.98,202264.4074
1731340800,3236.97,3346.4,3233.63,3300.2,264375.1673
1731355200,3300.21,3387.61,3280.0,3371.59,243687.3611
1731369600,3371.59,3374.78,3248.42,3335.6,175983.7872
1731384000,3335.59,3394.09,3314.98,3368.72,129963.2749
1731398400,3368.72,3442.5,3207.67,3282.42,280549.6624
1731412800,3282.41,3296.93,3208.33,3261.65,188297.4664
1731427200,3261.72,3304.57,3209.5,3272.82,117233.5137
1731441600,3272.94,3304.78,3238.63,3243.8,81188.0239
1731456000,3243.79,3285.52,3201.83,3207.99,130449.5382
1731470400,3207.99,3230.19,3116.69,3160.89,153493.6167
1731484800,3160.89,3191.74,3140.75,3168.0,83693.5545
1731499200,3168.0,3328.53,3152.15,3309.28,253124.0517
1731513600,3309.28,3331.0,3155.0,3158.81,193136.2758
1731528000,3158.8,3198.52,3118.39,3187.16,105789.3378
1731542400,3187.16,3228.35,3163.64,3217.21,85729.4181
1731556800,3217.21,3240.4,3174.37,3217.62,67360.4466
1731571200,3217.62,3230.73,3155.0,3185.23,78316.7747
1731585600,3185.22,3198.99,3060.0,3077.68,180775.9688
1731600000,3077.68,3181.0,3070.84,3145.41,97075.8204
1731614400,3145.41,3145.41,3028.56,3058.82,96522.2376
1731628800,3058.81,3092.54,3034.87,3082.44,62360.0892
1731643200,3082.43,3082.43,3014.79,3039.48,74927.4912
1731657600,3039.49,3114.0,3022.0,3104.29,72596.3179
1731672000,3104.29,3131.06,3014.5,3023.73,119823.0011
1731686400,3023.73,3059.9,3015.6,3039.58,94772.9642
1731700800,3039.58,3120.0,3038.24,3090.01,95143.7681
1731715200,3090.01,3157.71,3072.0,3154.78,69859.898
1731729600,3154.77,3165.0,3101.11,3106.66,53482.9739
1731744000,3106.67,3195.63,3103.17,3195.34,81474.3886
1731758400,3195.34,3219.97,3120.41,3141.11,120631.9141
1731772800,3141.11,3184.6,3128.0,3169.01,55018.2084
1731787200,3169.01,3175.0,3121.91,3132.87,43171.7743
1731801600,3132.88,3154.0,3034.99,3080.68,99299.4635
1731816000,3080.67,3147.72,3076.2,3136.79,85339.4369
1731830400,3136.79,3162.11,3100.81,3105.52,64426.9637
1731844800,3105.53,3126.72,3067.33,3086.21,75728.2645
1731859200,3086.2,3115.72,3071.6,3097.74,57460.056
1731873600,3097.74,3106.99,3042.93,3076.0,67564.7729
1731888000,3075.99,3124.2,3069.0,3111.96,55672.4888
1731902400,3111.95,3149.71,3096.07,3130.55,57048.834
1731916800,3130.56,3139.78,3050.01,3056.28,74634.8774
1731931200,3056.29,3157.5,3052.19,3143.41,150241.3211
1731945600,3143.41,3199.0,3090.3,3127.17,182179.47
1731960000,3127.17,3224.94,3122.22,3207.8,120881.4444
1731974400,3207.81,3221.2,3141.7,3148.5,84612.4122
1731988800,3148.5,3159.93,3107.37,3118.08,67070.5837
1732003200,3118.09,3130.0,3091.13,3126.51,63945.7633
1732017600,3126.51,3150.0,3076.0,3104.36,110206.3018
1732032000,3104.35,3145.0,3099.49,3122.19,86887.7832
1732046400,3122.2,3131.11,3065.4,3107.44,87389.1752
1732060800,3107.45,3127.64,3071.6,3096.0,61244.1217
1732075200,3095.99,3115.01,3087.51,3109.54,41876.4871
1732089600,3109.54,3135.13,3083.8,3099.82,70771.0925
1732104000,3099.82,3159.2,3081.56,3130.0,146945.8507
1732118400,3130.0,3135.0,3029.41,3058.05,130168.2034
1732132800,3058.04,3093.16,3044.38,3069.97,52602.0782
1732147200,3069.97,3101.0,3032.59,3081.98,88355.4596
1732161600,3081.99,3143.64,3080.5,3137.02,131761.453
1732176000,3137.02,3155.0,3118.37,3147.75,92439.1127
1732190400,3147.74,3372.6,3146.2,3277.03,446253.975
1732204800,3277.03,3386.73,3277.03,3347.0,144698.7196
1732219200,3347.0,3378.68,3333.54,3355.81,71414.5836
1732233600,3355.88,3380.68,3304.39,3365.8,93006.5467
1732248000,3365.8,3425.92,3355.0,3362.66,107237.9651
1732262400,3362.65,3383.84,3311.68,3344.75,91214.4542
1732276800,3344.76,3357.18,3257.54,3314.15,174597.7487
1732291200,3314.15,3321.14,3264.84,3282.4,81246.6096
1732305600,3282.39,3330.0,3273.2,3327.78,55970.385
1732320000,3327.78,3364.98,3312.72,3345.51,105265.7506
1732334400,3345.51,3361.71,3326.89,3341.34,67445.3359
1732348800,3341.34,3402.98,3335.16,3354.65,105279.0199
1732363200,3354.65,3497.51,3349.68,3460.33,229525.4046
1732377600,3460.34,3470.22,3377.0,3407.83,150136.8855
1732392000,3407.82,3427.73,3379.2,3393.91,63371.6044
1732406400,3393.91,3450.0,3389.03,3427.0,62941.932
1732420800,3427.0,3431.99,3398.12,3422.51,50148.6763
1732435200,3422.51,3428.35,3339.11,3344.22,99770.3421
1732449600,3344.22,3357.32,3281.4,3294.39,147537.1334
1732464000,3294.39,3334.19,3287.19,3326.63,63212.5803
1732478400,3326.64,3372.22,3321.51,3361.2,55487.428
1732492800,3361.21,3370.4,3300.01,3362.44,66165.1278
1732507200,3362.44,3419.81,3361.21,3399.41,63216.584
1732521600,3399.4,3527.0,3396.6,3471.84,169761.3244
1732536000,3471.84,3537.98,3348.72,3518.41,289654.5296
1732550400,3518.41,3546.66,3423.47,3464.0,190751.0262
1732564800,3464.01,3505.45,3363.62,3414.49,169781.778
1732579200,3414.49,3462.49,3395.84,3434.61,99053.4641
1732593600,3434.62,3442.72,3382.35,3394.8,72621.4969
1732608000,3394.8,3397.33,3280.1,3323.01,159770.0173
1732622400,3323.02,3362.5,3290.35,3296.32,131513.0508
1732636800,3296.33,3338.0,3252.0,3300.61,139329.9409
1732651200,3300.61,3344.31,3286.89,3324.73,70079.1803
1732665600,3324.74,3372.5,3302.4,3361.03,86102.9925
1732680000,3361.02,3445.73,3359.32,3424.11,124111.9204
1732694400,3424.12,3485.5,3402.43,3460.43,97680.7587
1732708800,3460.43,3573.17,3441.31,3552.79,192046.4261
1732723200,3552.79,3611.8,3533.83,3589.6,130252.9591
1732737600,3589.6,3684.92,3588.0,3653.28,124378.5917
1732752000,3653.27,3661.92,3564.75,3598.8,102778.5796
1732766400,3598.81,3618.4,3566.91,3592.4,81553.1306
1732780800,3592.4,3638.39,3574.23,3620.51,93409.4729
1732795200,3620.51,3642.19,3536.95,3541.78,146763.2328
1732809600,3541.78,3584.87,3529.76,3575.05,76570.5621
1732824000,3575.05,3599.2,3547.86,3578.79,59901.447
1732838400,3578.8,3602.85,3550.07,3583.82,65033.1438
1732852800,3583.82,3595.7,3534.28,3544.49,76024.4905
1732867200,3544.5,3599.66,3544.49,3594.74,55500.5568
1732881600,3594.75,3647.98,3574.0,3613.95,114108.1335
1732896000,3613.95,3620.08,3559.24,3582.79,76494.6217
1732910400,3582.78,3604.0,3575.56,3592.21,38332.2986
1732924800,3592.22,3661.0,3568.4,3657.12,92179.3342
1732939200,3657.12,3726.71,3635.42,3703.07,128826.8554
1732953600,3703.06,3718.0,3631.23,3653.69,76964.0164
1732968000,3653.68,3685.33,3651.38,3674.0,77209.8515
1732982400,3674.0,3696.78,3656.23,3689.56,61494.3031
1732996800,3689.56,3738.98,3686.58,3703.6,67010.3879
1733011200,3703.59,3732.34,3659.2,3707.0,92779.5957
1733025600,3707.0,3716.96,3682.0,3702.31,40551.5198
1733040000,3702.32,3717.0,3675.47,3692.42,61458.2739
1733054400,3692.43,3746.8,3678.61,3728.59,99717.2507
1733068800,3728.59,3744.11,3693.02,3707.96,66222.5075
1733083200,3707.95,3734.26,3679.0,3707.61,68360.1157
1733097600,3707.61,3760.0,3674.6,3685.01,114620.6485
1733112000,3685.0,3709.59,3650.0,3666.88,121775.4381
1733126400,3666.88,3672.47,3569.58,3588.99,202704.961
1733140800,3588.99,3680.37,3582.6,3672.13,109512.8056
1733155200,3672.13,3682.01,3554.32,3612.17,137683.3569
1733169600,3612.17,3644.44,3598.5,3643.42,50833.3589
1733184000,3643.43,3658.16,3607.8,3639.75,86733.4244
1733198400,3639.75,3670.0,3600.0,3616.85,73048.7319
1733212800,3616.85,3635.14,3585.0,3613.81,121073.7629
1733227200,3613.81,3617.64,3500.0,3571.79,229013.2962
1733241600,3571.8,3594.4,3538.55,3577.34,90514.4017
1733256000,3577.34,3634.81,3575.2,3614.51,78016.5861
1733270400,3614.51,3707.57,3614.51,3661.8,172948.5304
1733284800,3661.79,3721.73,3659.55,3714.99,78886.7891
1733299200,3715.0,3751.44,3696.42,3729.09,139644.0469
1733313600,3729.09,3853.38,3690.0,3821.0,242264.7224
1733328000,3820.99,3844.65,3732.98,3841.15,190852.24
1733342400,3841.15,3887.24,3822.5,3837.8,144147.7111
1733356800,3837.8,3905.0,3765.71,3832.66,218327.0792
1733371200,3832.67,3880.2,3818.61,3850.98,110887.4677
1733385600,3850.98,3943.28,3850.75,3930.98,138309.1401
1733400000,3930.98,3956.0,3861.0,3888.0,153003.626
1733414400,3888.0,3926.33,3820.01,3830.81,120866.8673
1733428800,3830.8,3862.23,3677.0,3785.2,205099.0957
1733443200,3785.21,3914.0,3777.26,3907.01,113127.0334
1733457600,3907.01,3929.0,3874.5,3893.75,80798.7601
1733472000,3893.74,3910.45,3845.3,3867.02,92340.5447
1733486400,3867.01,4041.0,3831.9,3993.02,286698.8778
1733500800,3993.01,4073.86,3980.11,4067.62,137627.0476
1733515200,4067.61,4087.73,3990.03,3998.87,93262.851
1733529600,3998.87,4024.46,3970.0,3986.87,65288.4745
1733544000,3986.87,4003.16,3968.0,3985.87,44458.0473
1733558400,3985.87,4009.0,3973.51,3998.3,44383.4721
1733572800,3998.29,4008.46,3976.2,4004.71,48658.8373
1733587200,4004.72,4020.43,3986.0,4012.19,46291.4199
1733601600,4012.2,4024.01,3993.02,3996.22,34839.7689
1733616000,3996.22,4008.99,3985.47,3989.28,27302.2303
1733630400,3989.28,3995.85,3958.87,3980.6,37262.434
1733644800,3980.6,3981.79,3923.5,3971.84,55860.2743
1733659200,3971.85,4003.4,3956.16,3990.79,60123.2278
1733673600,3990.79,3999.89,3964.4,3989.99,35630.8291
1733688000,3989.99,4015.58,3975.4,4004.15,35183.173
1733702400,4004.15,4006.17,3905.21,3929.37,74905.7169
1733716800,3929.37,3948.91,3880.44,3918.44,75191.7029
1733731200,3918.44,3920.0,3841.24,3850.88,95335.7358
1733745600,3850.88,3946.0,3804.32,3824.0,164012.5757
1733760000,3824.0,3866.35,3786.87,3795.78,108473.7508
1733774400,3795.77,3804.19,3509.0,3712.0,421722.718
1733788800,3712.0,3780.76,3615.11,3682.4,201647.552
1733803200,3682.39,3743.65,3638.0,3734.55,95140.8254
1733817600,3734.54,3773.39,3713.56,3750.11,66469.389
1733832000,3750.1,3754.5,3555.41,3567.75,260032.2239
1733846400,3567.76,3634.92,3515.89,3628.82,238385.3346
1733860800,3628.81,3673.2,3613.3,3628.25,80530.7088
1733875200,3628.24,3668.96,3562.34,3665.23,83678.45
1733889600,3665.23,3681.81,3646.0,3652.58,47088.7098
1733904000,3652.58,3728.0,3651.23,3716.84,62134.3791
1733918400,3716.84,3821.0,3709.17,3787.34,131816.234
1733932800,3787.34,3814.2,3753.5,3803.91,83844.0606
1733947200,3803.91,3848.64,3803.0,3831.81,53256.9466
1733961600,3831.82,3947.81,3796.8,3935.0,96992.9744
1733976000,3935.0,3945.67,3894.09,3905.4,75641.5407
1733990400,3905.4,3937.99,3891.32,3913.38,60232.5799
1734004800,3913.38,3987.41,3913.38,3957.67,161318.0936
1734019200,3957.77,3985.56,3853.83,3871.14,109750.4709
1734033600,3871.13,3902.04,3836.07,3881.61,68162.9748
1734048000,3881.6,3941.19,3852.94,3932.83,64542.0267
1734062400,3932.83,3936.26,3871.0,3885.64,51976.2093
1734076800,3885.64,3923.66,3872.2,3901.5,54233.1081
1734091200,3901.5,3968.47,3879.0,3886.21,107263.9583
1734105600,3886.2,3946.37,3880.07,3917.98,66342.3222
1734120000,3917.99,3936.0,3891.0,3906.8,43408.0627
1734134400,3906.8,3945.0,3895.67,3910.83,48077.2434
1734148800,3910.83,3935.71,3906.26,3920.76,23290.7886
1734163200,3920.75,3931.38,3886.2,3894.53,32599.3234
1734177600,3894.53,3898.8,3846.3,3889.01,59099.8968
1734192000,3889.0,3898.23,3827.0,3859.11,65864.5831
1734206400,3859.11,3876.87,3825.03,3870.29,36607.1126
1734220800,3870.3,3895.53,3856.02,3874.48,24783.839
1734235200,3874.49,3911.5,3831.5,3845.2,38056.0576
1734249600,3845.19,3879.01,3837.21,3877.61,25590.3833
1734264000,3877.61,3910.33,3867.99,3894.76,44614.4511
1734278400,3894.76,3919.6,3886.4,3904.09,31811.6421
1734292800,3904.09,3974.61,3844.4,3959.09,88976.841
1734307200,3959.09,4025.18,3928.88,3942.6,144630.7421
1734321600,3942.6,3983.0,3935.23,3974.01,43808.388
1734336000,3974.0,3975.91,3902.39,3909.67,63910.2867
1734350400,3909.68,3960.0,3884.0,3941.21,122284.2247
1734364800,3941.21,4107.8,3939.4,4056.88,220282.2717
1734379200,4056.89,4071.99,3980.0,3986.24,78435.1591
1734393600,3986.24,4041.82,3943.0,4035.01,73034.8936
1734408000,4035.01,4035.02,3982.77,3994.24,49961.2435
1734422400,3994.23,4031.38,3990.0,3997.14,51842.525
1734436800,3997.15,4025.6,3916.57,3939.18,118990.8486
1734451200,3939.19,3984.46,3917.2,3943.99,71693.5838
1734465600,3944.0,3952.0,3847.96,3893.01,85302.8916
1734480000,3893.01,3903.2,3834.66,3849.81,80564.7394
1734494400,3849.8,3861.7,3803.63,3847.33,83904.9284
1734508800,3847.33,3887.32,3841.6,3882.65,44754.8074
1734523200,3882.66,3891.09,3825.0,3867.98,85350.9141
1734537600,3867.99,3907.19,3770.0,3770.29,120106.5226
1734552000,3770.3,3786.23,3617.42,3626.8,307823.1499
1734566400,3626.8,3673.82,3542.22,3668.9,199888.1171
1734580800,3668.9,3699.58,3653.0,3693.79,62129.1335
1734595200,3693.79,3720.0,3664.28,3705.62,58298.6588
1734609600,3705.62,3710.2,3572.73,3613.92,138220.2184
1734624000,3613.92,3637.1,3376.2,3439.44,392538.6357
1734638400,3439.45,3465.11,3326.8,3417.01,227078.7216
1734652800,3417.01,3465.6,3370.47,3413.87,147018.6408
1734667200,3413.85,3431.16,3328.44,3390.48,145836.4031
1734681600,3390.48,3390.79,3103.0,3104.56,458522.5239
1734696000,3104.68,3396.4,3101.9,3374.61,335474.3132
1734710400,3374.62,3497.84,3366.68,3479.35,160666.9785
1734724800,3479.36,3489.99,3393.09,3472.21,85264.8715
1734739200,3472.2,3489.96,3445.35,3467.64,54575.1862
1734753600,3467.64,3555.18,3460.8,3523.46,85515.9214
1734768000,3523.45,3527.49,3423.91,3442.23,71843.6301
1734782400,3442.23,3444.24,3347.0,3390.4,121858.0815
1734796800,3390.4,3401.33,3326.59,3359.89,79490.6857
1734811200,3359.89,3388.88,3293.11,3338.92,61992.3151
1734825600,3338.92,3374.48,3318.71,3356.38,46613.1262
1734840000,3356.38,3361.75,3295.07,3332.4,40581.5308
1734854400,3332.5,3403.0,3331.19,3381.03,44270.8729
1734868800,3381.03,3397.88,3275.0,3302.38,86429.5165
1734883200,3302.38,3338.65,3238.0,3247.14,75577.8841
1734897600,3247.14,3310.93,3221.1,3281.83,68447.319
1734912000,3281.83,3357.03,3216.97,3351.0,92072.9227
1734926400,3351.0,3363.12,3260.48,3305.2,59489.045
1734940800,3305.2,3355.54,3293.5,3339.54,54542.9983
1734955200,3339.51,3361.78,3269.35,3277.2,99124.7485
1734969600,3277.19,3384.6,3270.91,3338.21,97640.678
1734984000,3338.21,3466.99,3329.66,3422.53,85383.0175
1734998400,3422.53,3426.4,3358.19,3396.94,52061.6979
1735012800,3396.95,3434.97,3385.02,3401.22,37688.0563
1735027200,3401.22,3416.65,3385.98,3414.56,34709.9812
1735041600,3414.56,3510.0,3395.59,3493.07,84727.1401
1735056000,3493.07,3539.65,3465.02,3465.52,68642.133
1735070400,3465.51,3505.0,3431.99,3493.18,37894.6678
1735084800,3493.17,3495.97,3458.0,3478.23,37452.4891
1735099200,3478.23,3509.68,3469.61,3489.22,23470.0573
1735113600,3489.21,3547.95,3465.43,3471.04,56689.0785
1735128000,3471.04,3501.05,3457.7,3472.99,43263.8038
1735142400,3473.0,3488.55,3440.93,3481.21,30283.1034
1735156800,3481.21,3500.0,3449.64,3497.0,28687.5131
1735171200,3497.0,3514.94,3450.45,3455.71,39490.1081
1735185600,3455.71,3455.71,3417.95,3422.0,37010.8253
1735200000,3422.0,3426.0,3346.87,3373.28,75705.1585
1735214400,3373.28,3374.0,3328.21,3344.13,52846.6299
1735228800,3344.14,3365.01,3313.5,3339.75,51011.9069
1735243200,3339.74,3350.0,3304.63,3335.05,54105.5432
1735257600,3335.04,3388.57,3317.27,3379.4,45630.5975
1735272000,3379.4,3398.79,3317.25,3326.02,51589.392
1735286400,3326.01,3444.16,3325.68,3419.27,84740.616
1735300800,3419.27,3423.0,3307.83,3326.32,76485.302
1735315200,3326.32,3366.62,3306.6,3355.0,51582.1218
1735329600,3354.99,3355.54,3310.0,3333.51,32501.5745
1735344000,3333.51,3353.09,3322.23,3345.51,26238.7528
1735358400,3345.51,3361.14,3332.71,3335.53,23967.6455
1735372800,3335.53,3363.53,3333.0,3359.23,26959.5805
1735387200,3359.23,3396.0,3351.02,3368.38,41263.3733
1735401600,3368.39,3413.0,3365.61,3400.87,33164.8093
1735416000,3400.87,3428.68,3389.71,3404.0,24369.4516
1735430400,3404.01,3406.6,3375.62,3382.98,20759.3469
1735444800,3382.98,3407.99,3380.0,3407.61,15629.5688
1735459200,3407.6,3413.78,3390.0,3398.36,21613.8119
1735473600,3398.37,3410.92,3354.68,3373.82,35645.2469
1735488000,3373.82,3376.21,3345.9,3362.6,25174.7717
1735502400,3362.59,3368.35,3326.17,3356.48,37434.1357
1735516800,3356.48,3437.59,3347.77,3403.76,63632.2232
1735531200,3403.75,3432.65,3388.6,3427.0,49424.5964
1735545600,3427.01,3434.35,3395.05,3424.13,41773.7823
1735560000,3424.12,3430.2,3305.0,3324.16,104004.1696
1735574400,3324.16,3408.56,3317.5,3401.93,73974.9031
1735588800,3401.93,3419.0,3308.87,3361.84,87984.973
1735603200,3361.83,3365.04,3315.59,3340.18,41362.5257
1735617600,3340.19,3363.42,3328.77,3353.64,24854.5842
1735632000,3353.64,3410.0,3352.79,3394.73,44537.3245
1735646400,3394.74,3451.0,3393.12,3412.85,95324.0163
1735660800,3412.86,3416.35,3330.0,3355.38,65968.4251
1735675200,3355.37,3364.64,3328.47,3337.78,31006.2927
1735689600,3337.78,3368.42,3335.84,3355.2,27833.8566
1735704000,3355.2,3356.61,3336.88,3347.12,20068.2829
1735718400,3347.11,3348.84,3313.88,3341.0,39620.2004
1735732800,3341.01,3359.37,3328.2,3352.93,30899.7402
1735747200,3352.93,3364.14,3323.03,3356.55,35964.8595
1735761600,3356.56,3374.85,3352.0,3360.38,35851.6465
1735776000,3360.39,3405.6,3354.5,3388.55,52198.498
1735790400,3388.54,3427.54,3388.0,3420.05,45379.1947
1735804800,3420.06,3476.0,3414.21,3471.18,51457.6321
1735819200,3471.18,3509.99,3440.38,3463.51,100117.958
1735833600,3463.52,3491.19,3428.99,3463.18,59125.0848
1735848000,3463.18,3475.28,3421.79,3455.67,30354.5198
1735862400,3455.68,3477.03,3442.62,3470.16,30377.2819
1735876800,3470.17,3470.94,3432.44,3433.27,26434.7355
1735891200,3433.27,3468.01,3423.44,3465.62,33237.3195
1735905600,3465.61,3576.0,3461.26,3565.13,113597.4343
1735920000,3565.14,3630.0,3565.14,3622.83,91647.7522
1735934400,3622.82,3624.38,3595.0,3609.01,38746.537
1735948800,3609.0,3620.86,3579.92,3597.97,32059.5521
1735963200,3597.98,3609.81,3584.16,3594.04,29387.4649
1735977600,3594.05,3605.57,3572.42,3602.01,26671.4
1735992000,3602.01,3663.25,3592.06,3607.81,74947.1675
1736006400,3607.81,3644.54,3601.62,3631.14,31618.7517
1736020800,3631.13,3671.6,3631.13,3656.88,34581.9771
1736035200,3656.88,3675.25,3629.66,3637.79,23170.7894
1736049600,3637.79,3650.44,3629.0,3631.56,14533.8551
1736064000,3631.55,3633.29,3603.33,3613.47,29089.6373
1736078400,3613.46,3638.77,3593.7,3629.6,38066.8557
1736092800,3629.6,3648.11,3613.04,3637.78,27732.354
1736107200,3637.78,3656.88,3629.5,3635.99,22850.6826
1736121600,3636.0,3684.03,3610.63,3664.92,50315.5662
1736136000,3664.92,3698.04,3642.6,3650.75,44005.3678
1736150400,3650.75,3662.73,3633.0,3654.52,35871.6086
1736164800,3654.51,3714.49,3622.1,3714.45,97690.5245
1736179200,3714.45,3744.83,3655.55,3687.44,72164.6711
1736193600,3687.44,3703.38,3666.37,3687.45,29594.6266
1736208000,3687.44,3700.86,3663.0,3682.25,27692.0794
1736222400,3682.25,3685.92,3659.0,3667.77,20773.8207
1736236800,3667.78,3679.27,3625.55,3639.27,38116.8609
1736251200,3639.28,3645.95,3413.81,3462.64,237757.3537
1736265600,3462.65,3491.7,3372.71,3385.67,137249.7913
1736280000,3385.68,3414.04,3356.31,3381.31,79953.3814
1736294400,3381.31,3415.1,3343.22,3360.31,72032.314
1736308800,3360.31,3373.14,3306.41,3354.59,96871.4444
1736323200,3354.59,3376.85,3323.0,3349.79,56107.3562
1736337600,3349.78,3386.36,3332.55,3346.73,110465.553
1736352000,3346.72,3347.68,3208.2,3280.68,202602.4597
1736366400,3280.68,3334.8,3266.08,3327.29,46670.8354
1736380800,3327.29,3357.27,3306.5,3324.74,52228.5161
1736395200,3324.71,3343.36,3281.96,3288.71,48878.5653
1736409600,3288.71,3327.75,3265.77,3301.41,68409.9459
1736424000,3301.41,3337.0,3210.28,3320.58,129495.9017
1736438400,3320.57,3327.91,3190.82,3195.63,101321.1919
1736452800,3195.63,3239.59,3158.0,3219.2,101484.3038
1736467200,3219.2,3260.47,3213.74,3254.37,38726.2671
1736481600,3254.36,3313.65,3242.4,3296.29,54266.7097
1736496000,3296.29,3321.25,3288.12,3311.65,58339.9484
1736510400,3311.64,3317.03,3193.97,3245.14,188771.5903
1736524800,3245.15,3322.49,3232.2,3295.66,87802.2684
1736539200,3295.65,3295.65,3256.9,3267.04,26235.3494
1736553600,3267.05,3270.0,3231.83,3236.8,23585.0737
1736568000,3236.8,3251.13,3222.73,3235.72,22043.9098
1736582400,3235.72,3280.5,3217.56,3273.81,33928.1666
1736596800,3273.81,3282.94,3258.3,3271.33,22576.1658
1736611200,3271.33,3283.54,3259.06,3278.45,20674.0187
1736625600,3278.46,3320.18,3275.84,3282.83,28872.4141
1736640000,3282.83,3290.91,3274.12,3286.0,16338.3838
1736654400,3286.0,3289.41,3263.49,3266.87,17101.3936
1736668800,3266.87,3271.36,3224.49,3253.02,30127.3285
1736683200,3253.03,3296.14,3247.89,3285.68,45904.0573
1736697600,3285.68,3300.0,3268.66,3280.12,25565.4361
1736712000,3280.11,3289.31,3234.38,3267.3,29843.3716
1736726400,3267.3,3339.0,3235.69,3242.72,74893.5146
1736740800,3242.73,3260.49,3181.3,3201.66,60066.4461
1736755200,3201.66,3205.9,3055.88,3057.16,168149.8731
1736769600,3057.15,3091.38,2920.0,3049.0,307651.5684
1736784000,3049.01,3060.51,2986.4,3025.07,133843.8405
1736798400,3025.06,3143.2,3011.71,3137.51,101302.3242
1736812800,3137.51,3175.51,3125.65,3158.87,49686.9686
1736827200,3158.87,3190.07,3158.18,3171.53,34578.9351
1736841600,3171.53,3256.67,3169.41,3217.62,81942.4905
1736856000,3217.61,3233.27,3178.11,3199.45,120884.5335
1736870400,3199.45,3235.99,3172.12,3214.38,56930.5399
1736884800,3214.37,3240.69,3194.86,3225.63,30284.9841
1736899200,3225.63,3245.77,3205.17,3240.79,53847.0282
1736913600,3240.8,3252.35,3215.73,3233.3,36021.9932
1736928000,3233.3,3248.55,3186.36,3199.6,41139.0192
1736942400,3199.61,3353.82,3186.73,3334.47,167086.5433
1736956800,3334.47,3442.59,3323.91,3434.99,92241.8869
1736971200,3434.99,3473.75,3418.4,3451.52,73851.5632
1736985600,3451.51,3460.79,3346.0,3363.38,80015.6264
1737000000,3363.38,3391.5,3362.0,3384.3,35612.5086
1737014400,3384.3,3385.84,3300.21,3351.27,81969.0716
1737028800,3351.26,3365.16,3265.44,3333.04,143419.3038
1737043200,3333.02,3365.95,3310.47,3344.81,66607.9866
1737057600,3344.81,3354.01,3269.0,3308.05,63658.1817
1737072000,3308.04,3397.66,3307.5,3361.01,97199.4285
1737086400,3361.01,3389.11,3347.79,3373.14,51957.9518
1737100800,3373.14,3439.0,3372.52,3423.24,70486.3322
1737115200,3423.25,3450.53,3395.14,3421.8,119276.6918
1737129600,3421.8,3448.5,3407.63,3432.11,69418.1971
1737144000,3432.1,3525.72,3425.9,3473.63,110211.5799
1737158400,3473.64,3494.39,3368.06,3384.07,72302.7289
1737172800,3384.08,3395.49,3281.09,3287.63,136100.3118
1737187200,3287.64,3324.1,3227.0,3311.62,153502.6355
1737201600,3311.63,3347.34,3274.17,3307.07,121126.2592
1737216000,3307.07,3316.62,3250.0,3290.2,102206.1472
1737230400,3290.21,3321.11,3258.37,3307.71,48959.0455
1737244800,3307.71,3378.11,3298.71,3335.47,85390.1548
1737259200,3335.47,3337.95,3259.9,3276.06,116181.1471
1737273600,3276.06,3277.53,3130.48,3149.97,255482.6912
1737288000,3149.98,3426.05,3145.0,3383.68,366843.084
1737302400,3383.68,3448.99,3378.11,3418.92,133240.277
1737316800,3418.93,3431.82,3156.7,3215.12,385164.1676
1737331200,3215.2,3280.75,3142.78,3272.34,274130.007
1737345600,3272.3,3453.69,3250.66,3382.59,232466.8507
1737360000,3382.58,3413.3,3334.32,3375.43,131468.8606
1737374400,3375.42,3379.94,3257.2,3335.9,167094.9543
1737388800,3335.91,3390.68,3205.42,3343.5,286337.6826
1737403200,3343.49,3344.5,3255.92,3284.0,66856.4262
1737417600,3283.99,3289.85,3204.6,3262.6,133473.3547
1737432000,3262.6,3266.24,3213.03,3254.7,71362.1643
1737446400,3254.7,3314.0,3234.48,3305.07,82511.5762
1737460800,3305.07,3335.44,3265.11,3295.1,121235.0686
1737475200,3295.1,3368.0,3290.5,3332.16,92024.6512
1737489600,3332.16,3347.12,3302.03,3327.54,48099.2363
1737504000,3327.55,3365.99,3321.31,3330.98,60248.4497
1737518400,3330.98,3339.59,3287.0,3288.07,50588.4786
1737532800,3288.08,3329.99,3273.83,3326.55,52580.187
1737547200,3326.55,3332.7,3267.17,3278.39,77812.8324
1737561600,3278.39,3291.3,3239.4,3261.99,61571.1565
1737576000,3262.0,3276.6,3222.85,3242.6,46439.6456
1737590400,3242.61,3261.34,3204.18,3226.92,66638.8818
1737604800,3227.0,3234.0,3185.0,3233.48,55874.4651
1737619200,3233.48,3233.65,3188.89,3213.08,54314.7039
1737633600,3213.08,3286.72,3189.69,3259.33,162299.7618
1737648000,3259.33,3297.49,3195.0,3204.98,86129.1778
1737662400,3204.98,3347.97,3196.25,3338.21,180335.7321
1737676800,3338.22,3349.6,3275.9,3302.26,79820.4869
1737691200,3302.26,3421.0,3292.23,3380.8,111035.1083
1737705600,3380.79,3416.5,3374.68,3399.22,57084.8198
1737720000,3399.21,3428.0,3355.67,3383.69,82277.9441
1737734400,3383.64,3409.4,3365.0,3368.7,54874.6628
1737748800,3368.7,3378.79,3304.11,3310.09,66431.2533
1737763200,3310.1,3325.0,3268.66,3319.44,56579.5625
1737777600,3319.43,3319.7,3283.57,3291.53,32529.0183
1737792000,3291.52,3311.5,3272.09,3306.91,26453.7694
1737806400,3306.91,3345.0,3294.24,3334.62,37205.69
1737820800,3334.62,3349.58,3330.63,3340.3,30687.7471
1737835200,3340.29,3350.68,3314.87,3318.77,25103.2542
1737849600,3318.76,3350.0,3313.9,3338.94,30620.8049
1737864000,3338.95,3362.0,3330.3,3338.56,31975.7408
1737878400,3338.57,3343.45,3292.82,3312.3,37739.2642
1737892800,3312.3,3320.68,3297.47,3315.31,35395.7128
1737907200,3315.31,3344.88,3307.96,3338.74,32638.251
1737921600,3338.73,3342.34,3230.0,3232.61,103795.6953
1737936000,3232.61,3253.91,3160.71,3183.6,143752.4038
1737950400,3183.6,3183.6,3020.01,3070.8,190988.3997
1737964800,3070.8,3090.77,3034.48,3058.94,113419.5103
1737979200,3058.94,3152.0,3053.67,3133.4,130642.8831
1737993600,3133.39,3133.39,3046.68,3075.93,91816.9296
1738008000,3075.93,3239.0,3073.13,3182.44,82384.6264
1738022400,3182.44,3218.39,3151.62,3203.15,59730.3964
1738036800,3203.15,3223.01,3188.8,3196.22,36876.4693
1738051200,3196.22,3208.0,3177.1,3186.74,29927.795
1738065600,3186.75,3214.38,3156.86,3181.36,56108.5561
1738080000,3181.37,3182.98,3120.36,3147.31,70607.8468
1738094400,3147.31,3155.37,3040.03,3077.72,97708.6537
1738108800,3077.72,3132.69,3076.31,3130.43,38565.7576
1738123200,3130.43,3160.0,3117.01,3156.89,31716.9894
1738137600,3156.88,3164.11,3119.8,3135.13,31298.1473
1738152000,3135.13,3140.38,3080.57,3101.12,63257.2553
1738166400,3101.11,3153.22,3054.06,3126.5,138822.555
1738180800,3126.49,3182.52,3091.0,3113.9,106076.553
1738195200,3113.9,3202.58,3091.06,3201.5,59767.8767
1738209600,3201.5,3215.73,3178.76,3191.04,41271.2784
1738224000,3191.04,3229.82,3181.1,3222.71,43500.7294
1738238400,3222.71,3281.0,3209.24,3255.3,115188.9076
1738252800,3255.3,3283.43,3249.06,3271.61,48762.1455
1738267200,3271.6,3273.2,3228.68,3247.39,42148.5447
1738281600,3247.38,3279.5,3221.2,3230.65,44873.3589
1738296000,3230.65,3276.93,3213.8,3241.63,50490.3334
1738310400,3241.63,3338.55,3234.05,3335.16,93861.7646
1738324800,3335.16,3436.34,3325.3,3427.66,186786.6888
1738339200,3427.65,3437.31,3294.97,3339.08,183740.9869
1738353600,3339.07,3339.07,3278.5,3300.99,88928.5235
1738368000,3300.99,3331.98,3283.01,3291.97,45386.3486
1738382400,3291.97,3307.19,3273.44,3280.1,38200.5703
1738396800,3280.11,3286.31,3224.01,3252.16,61226.0725
1738411200,3252.17,3273.15,3228.93,3250.99,42293.9961
1738425600,3251.0,3267.24,3178.07,3197.08,60538.4039
1738440000,3197.09,3197.09,3101.7,3117.54,106419.8611
1738454400,3117.54,3163.2,3069.36,3077.97,89939.3891
1738468800,3077.98,3139.0,3075.0,3101.51,79243.3375
1738483200,3101.5,3124.13,3052.19,3064.86,74238.7842
1738497600,3064.87,3101.92,3050.64,3081.19,110373.1219
1738512000,3081.18,3082.02,2894.4,2958.9,371163.2332
1738526400,2958.91,2987.68,2750.71,2869.68,325848.0641
1738540800,2869.68,2872.75,2125.01,2527.12,1114056.6473
1738555200,2527.2,2632.8,2447.25,2622.35,360415.8333
1738569600,2622.35,2622.51,2526.16,2581.41,313992.2338
1738584000,2581.41,2728.0,2529.39,2700.72,480214.163
1738598400,2700.73,2770.26,2668.06,2764.23,264479.6094
1738612800,2764.21,2921.0,2695.61,2879.9,274820.5342
1738627200,2879.89,2888.5,2792.22,2811.0,138011.8718
1738641600,2810.99,2836.68,2663.21,2703.53,263950.4571
1738656000,2703.54,2789.44,2677.0,2757.99,136242.205
1738670400,2757.99,2846.3,2730.18,2777.18,248591.0339
1738684800,2777.18,2869.39,2765.26,2770.6,197618.1804
1738699200,2770.6,2794.05,2632.6,2731.19,275180.6437
1738713600,2731.19,2767.78,2699.13,2720.38,115470.3507
1738728000,2720.38,2788.0,2709.2,2759.31,83663.9379
1738742400,2759.3,2817.89,2746.85,2800.01,97829.6017
1738756800,2800.0,2826.95,2757.46,2773.46,145221.6591
1738771200,2773.45,2787.56,2715.27,2775.49,147455.2194
1738785600,2775.5,2803.0,2739.49,2788.25,96952.2741
1738800000,2788.25,2819.51,2755.69,2806.49,90491.0279
1738814400,2806.5,2856.21,2805.87,2831.32,72823.7821
1738828800,2831.33,2857.64,2793.05,2803.92,78819.9706
1738843200,2803.92,2807.77,2683.71,2705.57,201947.9866
1738857600,2705.57,2726.75,2672.03,2689.57,178796.1312
1738872000,2689.56,2725.6,2655.28,2686.64,96581.0587
1738886400,2686.63,2739.61,2679.79,2715.58,84594.2909
1738900800,2715.58,2731.0,2668.03,2713.07,73234.0939
1738915200,2713.06,2764.78,2705.56,2762.69,54688.6634
1738929600,2762.69,2797.5,2710.97,2721.73,186449.8092
1738944000,2721.74,2727.78,2655.8,2659.3,136563.808
1738958400,2659.3,2661.85,2562.51,2622.1,159936.6958
1738972800,2622.11,2667.3,2615.88,2641.66,92979.212
1738987200,2641.67,2648.99,2594.63,2629.61,82532.5459
1739001600,2629.61,2632.5,2601.4,2613.32,46191.8863
1739016000,2613.3,2636.9,2588.8,2605.24,64882.546
1739030400,2605.24,2649.9,2589.97,2637.89,64134.2209
1739044800,2637.89,2645.6,2623.78,2632.46,28964.7398
1739059200,2632.46,2698.9,2626.63,2678.54,57303.1101
1739073600,2678.53,2678.9,2649.29,2662.59,32616.6626
1739088000,2662.59,2673.38,2650.99,2654.78,36834.7682
1739102400,2654.8,2661.81,2611.78,2653.21,62701.1928
1739116800,2653.22,2666.38,2616.81,2623.89,38288.2364
1739131200,2623.89,2649.55,2520.02,2627.18,159422.821
1739145600,2627.18,2658.6,2559.85,2625.97,124085.1172
1739160000,2625.97,2660.0,2618.4,2637.03,50659.2011
1739174400,2637.02,2662.0,2634.84,2653.16,44469.5344
1739188800,2653.16,2684.55,2631.24,2658.22,79674.8175
1739203200,2658.21,2693.79,2650.0,2672.28,64651.5219
1739217600,2672.28,2686.61,2651.74,2661.19,34633.0795
1739232000,2661.19,2725.04,2660.72,2678.89,74917.793
1739246400,2678.89,2724.98,2676.49,2712.15,56265.817
1739260800,2712.12,2720.9,2690.24,2708.8,59949.3625
1739275200,2708.8,2710.29,2626.13,2662.36,87537.4987
1739289600,2662.35,2670.8,2580.0,2589.7,103602.5891
1739304000,2589.69,2631.36,2558.24,2602.59,101923.0832
1739318400,2602.59,2624.36,2569.31,2587.24,51289.7143
1739332800,2587.23,2624.07,2577.5,2618.63,47853.4948
1739347200,2618.62,2639.49,2610.78,2627.08,58319.6511
1739361600,2627.08,2665.16,2546.92,2606.9,231775.8396
1739376000,2606.9,2683.65,2583.18,2677.95,116993.489
1739390400,2677.95,2795.45,2669.49,2738.27,140063.7071
1739404800,2738.27,2757.28,2716.0,2744.0,59978.5118
1739419200,2744.0,2745.73,2672.03,2681.5,65437.2035
1739433600,2681.51,2688.43,2650.65,2656.19,67087.393
1739448000,2656.18,2677.77,2616.04,2647.95,129821.5749
1739462400,2647.96,2662.17,2612.76,2640.94,82110.6284
1739476800,2640.94,2679.99,2640.5,2675.87,39333.9737
1739491200,2675.87,2721.4,2664.46,2715.39,46515.5177
1739505600,2715.39,2716.2,2689.43,2699.42,45766.299
1739520000,2699.41,2716.48,2682.42,2684.81,70491.0328
1739534400,2684.8,2747.39,2677.43,2734.33,88731.914
1739548800,2734.33,2791.78,2709.61,2738.0,116442.086
1739563200,2738.0,2751.1,2706.0,2725.95,51948.9367
1739577600,2725.95,2739.0,2703.99,2724.4,38406.6504
1739592000,2724.41,2733.6,2694.0,2697.66,28365.3972
1739606400,2697.65,2715.1,2695.7,2708.37,31229.706
1739620800,2708.37,2713.99,2662.28,2691.05,51483.7874
1739635200,2691.05,2707.93,2679.0,2691.59,29841.035
1739649600,2691.6,2704.0,2679.16,2693.04,23644.8535
1739664000,2693.04,2705.98,2687.71,2698.73,18133.5135
1739678400,2698.73,2727.31,2690.56,2695.59,30078.2868
1739692800,2695.59,2713.0,2689.49,2710.99,31255.4898
1739707200,2710.99,2712.49,2676.73,2694.2,36990.7167
1739721600,2694.21,2703.46,2659.1,2683.47,38553.7836
1739736000,2683.46,2689.13,2651.26,2661.41,36219.741
1739750400,2661.41,2684.0,2658.0,2671.88,34706.9905
1739764800,2671.89,2695.27,2637.71,2681.59,95908.2492
1739779200,2681.59,2774.98,2676.29,2755.2,133143.9377
1739793600,2755.2,2849.7,2746.1,2755.72,201274.6321
1739808000,2755.71,2765.79,2686.91,2717.72,124486.4926
1739822400,2717.72,2778.15,2716.54,2744.05,50219.5176
1739836800,2744.05,2756.93,2707.5,2712.08,53866.0828
1739851200,2712.07,2718.09,2652.17,2672.51,144898.4315
1739865600,2672.51,2706.12,2653.4,2679.26,88680.2452
1739880000,2679.26,2732.8,2660.0,2673.7,114342.8765
1739894400,2673.7,2684.63,2605.44,2630.37,139482.6642
1739908800,2630.38,2672.4,2618.0,2671.99,63593.5735
1739923200,2672.0,2700.0,2656.03,2694.02,48256.7103
1739937600,2694.02,2717.34,2664.54,2708.38,56191.0568
1739952000,2708.39,2736.7,2703.99,2726.93,61785.4339
1739966400,2726.93,2731.16,2677.51,2696.99,71752.3137
1739980800,2696.99,2724.29,2694.78,2712.03,47648.0995
1739995200,2712.03,2734.37,2706.02,2715.5,40520.406
1740009600,2715.51,2751.5,2709.69,2741.77,50953.0686
1740024000,2741.77,2758.68,2722.23,2730.22,50511.3938
1740038400,2730.23,2746.99,2725.28,2740.71,33327.6054
1740052800,2740.7,2770.59,2707.33,2712.6,96259.5299
1740067200,2712.6,2767.93,2707.18,2747.77,72800.2885
1740081600,2747.77,2761.06,2722.2,2738.04,32883.3682
1740096000,2738.04,2749.49,2726.0,2744.2,32255.6241
1740110400,2744.2,2769.56,2744.19,2756.32,44085.0098
1740124800,2756.31,2831.71,2747.74,2788.73,101826.5357
1740139200,2788.73,2845.32,2675.02,2723.31,273746.5973
1740153600,2723.3,2769.88,2625.94,2640.19,328655.2354
1740168000,2640.2,2664.0,2616.72,2663.0,109871.0581
1740182400,2663.0,2688.97,2653.33,2675.37,88626.3932
1740196800,2675.37,2697.1,2673.0,2684.56,35257.9596
1740211200,2684.55,2753.59,2676.8,2732.99,136897.9772
1740225600,2733.0,2785.91,2722.15,2775.68,64983.537
1740240000,2775.67,2798.07,2756.37,2770.09,89040.9675
1740254400,2770.1,2778.14,2759.39,2763.22,30182.8324
1740268800,2763.23,2775.88,2745.41,2752.77,39782.8142
1740283200,2752.76,2829.98,2746.17,2825.2,108629.0536
1740297600,2825.2,2831.58,2783.2,2797.48,98860.1041
1740312000,2797.48,2827.0,2773.48,2783.0,155759.8402
1740326400,2783.0,2824.0,2782.38,2807.97,117626.0389
1740340800,2807.97,2857.34,2784.01,2819.69,90344.2712
1740355200,2819.7,2839.95,2711.8,2718.08,132389.5642
1740369600,2718.08,2735.78,2691.49,2722.01,121962.0226
1740384000,2722.02,2722.4,2663.03,2689.99,104336.8507
1740398400,2690.0,2696.63,2636.33,2658.77,146891.4552
1740412800,2658.77,2682.42,2623.12,2641.26,112927.4368
1740427200,2641.3,2663.9,2470.33,2513.52,258369.0412
1740441600,2513.52,2530.6,2458.27,2495.21,211165.3701
1740456000,2495.22,2512.9,2313.49,2368.11,376091.6202
1740470400,2368.12,2439.5,2357.05,2433.69,255323.8198
1740484800,2433.7,2448.95,2361.89,2409.8,250071.3592
1740499200,2409.8,2473.59,2383.4,2471.91,135745.5299
1740513600,2471.9,2533.49,2457.59,2495.7,93619.1726
1740528000,2495.69,2507.5,2471.8,2490.6,62969.4729
1740542400,2490.61,2506.4,2475.2,2483.81,64151.974
1740556800,2483.81,2496.25,2457.77,2464.79,93766.3355
1740571200,2464.8,2466.81,2370.0,2428.47,166356.9374
1740585600,2428.5,2434.2,2266.1,2296.29,278352.1916
1740600000,2296.3,2383.37,2253.77,2336.37,197490.3019
1740614400,2336.38,2370.9,2315.85,2332.11,90991.5806
1740628800,2332.11,2373.2,2303.22,2356.13,111823.423
1740643200,2356.13,2381.6,2343.41,2353.82,77842.7418
1740657600,2353.83,2362.35,2290.78,2323.31,129970.0648
1740672000,2323.31,2337.5,2278.79,2292.41,105527.0794
1740686400,2292.41,2311.52,2230.57,2307.72,121429.021
1740700800,2307.72,2314.18,2123.63,2147.49,410729.0366
1740715200,2147.49,2156.0,2076.26,2106.2,304572.7663
1740729600,2106.21,2151.94,2076.26,2125.8,164223.0144
1740744000,2125.8,2228.64,2105.38,2223.01,234321.3019
1740758400,2223.0,2255.13,2193.4,2230.15,120716.9075
1740772800,2230.14,2239.69,2198.51,2237.59,56976.029
1740787200,2237.59,2275.61,2213.33,2262.98,76171.7295
1740801600,2262.98,2281.14,2224.2,2229.24,78968.1809
1740816000,2229.25,2239.77,2171.41,2184.42,76803.1109
1740830400,2184.43,2187.7,2142.73,2173.29,87634.5779
1740844800,2173.3,2234.6,2169.4,2223.31,67008.3349
1740859200,2223.31,2235.99,2191.1,2217.39,59844.793
1740873600,2217.4,2230.82,2201.1,2220.18,64784.6556
1740888000,2220.19,2235.6,2218.2,2221.4,43328.6385
1740902400,2221.4,2260.84,2208.06,2238.88,91437.409
1740916800,2238.88,2291.76,2172.04,2229.51,238909.0638
1740931200,2229.51,2518.0,2212.35,2486.42,673710.4844
1740945600,2486.42,2550.58,2480.19,2518.11,154514.5235
1740960000,2518.12,2523.56,2418.67,2441.15,126059.2499
1740974400,2441.16,2457.25,2352.79,2387.01,116668.3594
1740988800,2387.01,2388.11,2322.01,2356.16,106661.5946
1741003200,2356.15,2389.0,2266.97,2287.24,233661.8371
1741017600,2287.3,2297.0,2100.0,2109.88,321208.0472
1741032000,2109.87,2173.29,2097.91,2149.01,205306.1121
1741046400,2149.02,2167.18,2002.81,2074.89,381379.4472
1741060800,2074.89,2122.12,2068.34,2080.41,100105.7709
1741075200,2080.42,2118.0,2071.03,2101.36,83425.9767
1741089600,2101.38,2158.32,2025.62,2074.49,282620.1985
1741104000,2074.49,2174.72,1993.2,2172.65,263372.4771
1741118400,2172.63,2221.88,2126.06,2171.51,146918.4668
1741132800,2171.5,2192.75,2155.03,2160.89,75779.2625
1741147200,2160.9,2213.13,2156.15,2207.0,74065.4863
1741161600,2207.0,2273.51,2204.61,2217.72,157942.1343
1741176000,2217.72,2232.81,2166.48,2186.82,197537.5452
1741190400,2186.81,2222.99,2161.78,2218.3,119024.4928
1741204800,2218.3,2252.86,2214.12,2241.59,62781.8686
1741219200,2241.59,2296.31,2234.07,2289.79,105010.7409
1741233600,2289.79,2319.99,2275.91,2286.0,70371.8427
1741248000,2285.99,2305.68,2276.77,2297.59,52141.9558
1741262400,2297.59,2298.9,2208.6,2257.49,191161.4281
1741276800,2257.5,2265.7,2176.9,2198.34,112488.4374
1741291200,2198.35,2229.4,2192.3,2202.2,65733.9886
1741305600,2202.21,2227.39,2101.82,2147.89,241562.3974
1741320000,2147.9,2193.39,2144.59,2192.41,47011.2169
1741334400,2192.41,2210.8,2177.15,2197.49,48544.8208
1741348800,2197.49,2258.47,2165.79,2209.68,184203.3684
1741363200,2209.67,2215.49,2141.53,2178.34,137449.4887
1741377600,2178.33,2186.96,2115.0,2141.6,123615.9684
1741392000,2141.6,2156.0,2105.06,2137.8,49887.2769
1741406400,2137.8,2152.69,2131.4,2137.88,26053.3446
1741420800,2137.89,2143.5,2126.66,2141.95,32120.7156
1741435200,2141.95,2198.86,2138.1,2181.4,89601.1782
1741449600,2181.4,2234.93,2161.14,2224.6,96299.8498
1741464000,2224.61,2225.99,2193.2,2203.58,34830.7328
1741478400,2203.57,2212.0,2176.14,2186.01,31680.2767
1741492800,2186.0,2197.1,2171.84,2185.07,28504.2259
1741507200,2185.07,2187.68,2128.43,2146.7,55551.963
1741521600,2146.7,2146.9,2084.67,2097.03,121751.0614
1741536000,2097.01,2109.32,1998.0,2040.47,249511.9992
1741550400,2040.47,2056.59,1989.66,2020.41,114672.062
1741564800,2020.43,2071.0,1995.08,2057.89,102595.4967
1741579200,2057.88,2079.33,2054.19,2075.29,41834.9445
1741593600,2075.3,2152.4,2047.83,2128.12,160181.7753
1741608000,2128.11,2135.98,1997.0,2017.83,239663.5971
1741622400,2017.83,2025.3,1810.01,1869.3,566502.5453
1741636800,1869.43,1903.99,1843.23,1865.1,137966.9925
1741651200,1865.11,1890.46,1754.28,1849.78,363691.2023
1741665600,1849.78,1914.25,1845.46,1904.1,125136.8603
1741680000,1904.1,1929.68,1899.57,1914.12,121867.722
1741694400,1914.12,1962.98,1840.53,1914.49,363557.2205
1741708800,1914.49,1963.2,1886.55,1951.91,147786.786
1741723200,1951.9,1955.42,1917.17,1923.43,49388.2084
1741737600,1923.42,1932.86,1867.09,1868.9,89187.395
1741752000,1868.89,1916.66,1852.3,1911.26,110565.4119
1741766400,1911.26,1960.0,1871.11,1916.84,215120.8672
1741780800,1916.85,1947.0,1829.72,1869.85,248953.4079
1741795200,1869.86,1894.72,1862.45,1878.25,73654.1765
1741809600,1878.26,1915.95,1873.7,1908.2,51258.4178
1741824000,1908.2,1917.12,1882.01,1886.87,52279.6222
1741838400,1886.87,1891.5,1858.32,1872.23,70999.1065
1741852800,1872.23,1905.38,1853.9,1900.24,122758.5939
1741867200,1900.24,1923.09,1864.21,1875.41,175474.8446
1741881600,1875.41,1878.1,1821.81,1851.82,103269.565
1741896000,1851.73,1883.56,1839.4,1864.59,44755.53
1741910400,1864.59,1894.63,1861.31,1889.29,37433.6401
1741924800,1889.28,1905.42,1887.73,1893.07,43605.6267
1741939200,1893.08,1908.93,1889.5,1902.4,46793.3531
1741953600,1902.41,1942.48,1877.69,1922.2,143016.1201
1741968000,1922.2,1945.64,1914.19,1934.16,67614.675
1741982400,1934.16,1934.94,1908.38,1911.65,37342.3205
1741996800,1911.64,1923.37,1903.75,1920.44,30993.0842
1742011200,1920.43,1935.21,1914.65,1917.66,33333.6803
1742025600,1917.68,1931.87,1912.7,1929.0,29503.127
1742040000,1929.0,1939.6,1922.55,1937.83,35518.1072
1742054400,1937.84,1948.22,1928.76,1937.31,40092.5507
1742068800,1937.32,1957.19,1936.37,1937.17,40105.3181
1742083200,1937.18,1940.87,1916.56,1927.52,31212.3097
1742097600,1927.52,1934.0,1921.53,1925.89,22661.718
1742112000,1925.89,1926.92,1866.9,1874.0,90060.573
1742126400,1874.01,1898.33,1873.42,1895.01,53503.7716
1742140800,1895.01,1924.11,1860.38,1882.74,86543.0685
1742155200,1882.73,1898.63,1870.1,1887.0,40785.2156
1742169600,1887.01,1915.44,1886.36,1908.85,41322.9928
1742184000,1908.85,1912.99,1879.98,1900.74,38881.3235
1742198400,1900.75,1918.42,1893.0,1910.59,37499.8988
1742212800,1910.58,1939.03,1888.01,1919.47,107747.907
1742227200,1919.47,1952.4,1907.74,1942.23,71315.4844
1742241600,1942.22,1949.5,1922.2,1926.31,38072.8812
1742256000,1926.3,1930.25,1897.47,1901.17,52066.7245
1742270400,1901.17,1910.41,1893.86,1905.06,37720.0428
1742284800,1905.05,1913.09,1885.58,1892.43,55602.0709
1742299200,1892.42,1903.2,1872.31,1881.02,87278.069
1742313600,1881.03,1908.39,1873.6,1904.57,56527.7258
1742328000,1904.57,1936.2,1898.65,1931.54,43701.3825
1742342400,1931.54,1949.03,1927.58,1938.33,78297.369
1742356800,1938.33,1943.14,1930.3,1932.0,51764.9712
1742371200,1932.0,2033.79,1931.7,2027.99,177658.3462
1742385600,2028.0,2056.99,1994.65,2048.99,153084.4055
1742400000,2049.0,2064.91,1997.33,2031.06,179077.3681
1742414400,2031.07,2069.9,2028.58,2056.06,51927.0434
1742428800,2056.05,2067.9,2020.41,2022.75,55508.5588
1742443200,2022.75,2025.6,2005.2,2007.54,56313.6544
1742457600,2007.55,2021.27,1972.4,1989.08,83047.3029
1742472000,1989.09,2010.66,1965.85,1972.17,86188.1979
1742486400,1972.01,1980.26,1952.17,1974.75,92498.9104
1742500800,1974.76,1984.88,1971.33,1983.79,27962.3038
1742515200,1983.79,1996.73,1973.0,1978.17,36187.0196
1742529600,1978.16,1989.95,1966.52,1976.78,32847.9402
1742544000,1976.79,1982.33,1956.6,1966.81,43285.7076
1742558400,1966.81,1973.99,1937.1,1950.69,70931.0173
1742572800,1950.69,1977.9,1946.07,1973.93,51879.2956
1742587200,1973.92,1983.4,1962.62,1965.75,27510.6787
1742601600,1965.74,1987.23,1964.34,1986.04,30242.4857
1742616000,1986.07,1993.1,1983.23,1984.23,22032.5288
1742630400,1984.22,2006.61,1981.68,1990.41,42628.2325
1742644800,1990.41,1997.75,1981.12,1986.29,29865.6634
1742659200,1986.29,2000.0,1982.52,1995.94,21282.0684
1742673600,1995.95,2004.3,1974.78,1980.69,24731.9786
1742688000,1980.68,2008.73,1976.81,2008.31,30652.622
1742702400,2008.32,2019.8,1992.08,2008.04,84722.8166
1742716800,2008.04,2020.74,2002.9,2008.01,40446.2429
1742731200,2008.01,2020.2,2002.52,2007.06,41764.057
1742745600,2007.06,2008.23,1987.5,1996.3,37278.0699
1742760000,1996.3,2006.68,1980.77,2005.99,33843.7149
1742774400,2005.99,2021.39,1977.67,2014.48,79392.7375
1742788800,2014.49,2079.58,2014.49,2069.16,123425.724
1742803200,2069.18,2104.11,2068.77,2092.77,82706.6126
1742817600,2092.77,2102.49,2073.47,2089.77,85147.898
1742832000,2089.76,2101.3,2067.67,2088.71,69700.2774
1742846400,2088.71,2095.41,2068.33,2081.2,37539.5659
1742860800,2081.2,2097.7,2041.83,2043.26,63776.9053
1742875200,2043.25,2066.98,2037.08,2055.55,45714.9026
1742889600,2055.56,2075.36,2052.44,2068.68,58564.8607
1742904000,2068.68,2080.4,2051.88,2067.67,75513.4319
1742918400,2067.67,2083.52,2056.51,2075.64,49556.1643
1742932800,2075.64,2082.99,2053.85,2066.15,35639.0644
1742947200,2066.16,2079.21,2042.6,2049.07,47785.8977
1742961600,2049.06,2071.4,2047.55,2069.25,49512.9513
1742976000,2069.26,2075.76,2057.6,2068.51,61640.9566
1742990400,2068.52,2070.52,2006.66,2012.27,132460.4999
1743004800,2012.27,2022.13,1981.6,1999.92,100130.393
1743019200,1999.91,2017.92,1991.85,2009.52,37444.6301
1743033600,2009.52,2037.38,2006.78,2031.32,41020.331
1743048000,2031.32,2032.87,2020.95,2026.43,27996.1192
1743062400,2026.42,2035.92,2012.21,2016.21,54604.8804
1743076800,2016.21,2026.32,1987.06,2005.49,124157.286
1743091200,2005.48,2015.16,1993.65,2004.08,67723.9446
1743105600,2004.13,2020.0,1999.68,2003.66,45132.2771
1743120000,2003.67,2015.93,1991.63,1999.84,45959.3744
1743134400,1999.84,2004.7,1900.0,1910.21,204560.9423
1743148800,1910.21,1925.0,1860.0,1900.48,131084.2217
1743163200,1900.47,1903.87,1871.58,1872.13,135936.1364
1743177600,1872.13,1887.28,1862.14,1874.16,67418.3875
1743192000,1874.17,1902.0,1873.75,1896.9,41208.5209
1743206400,1896.9,1913.6,1886.27,1899.83,49911.4913
1743220800,1899.84,1904.96,1875.41,1880.14,49183.2001
1743235200,1880.14,1887.28,1833.5,1844.55,104293.8926
1743249600,1844.55,1863.75,1833.84,1840.24,49507.5742
1743264000,1840.24,1848.12,1797.2,1827.5,121732.8898
1743278400,1827.5,1830.31,1811.6,1828.08,35140.7075
1743292800,1828.09,1844.59,1812.69,1834.39,45627.2749
1743307200,1834.39,1846.85,1832.56,1837.74,25482.9237
1743321600,1837.74,1849.01,1826.49,1833.27,34404.5555
1743336000,1833.28,1839.71,1790.06,1813.75,80088.8278
1743350400,1813.76,1834.33,1785.41,1814.22,70663.6853
1743364800,1814.22,1821.68,1767.69,1807.74,71576.1804
1743379200,1807.74,1823.5,1776.75,1798.32,83766.4283
1743393600,1798.32,1813.68,1789.1,1798.92,53143.2359
1743408000,1798.91,1819.74,1777.79,1813.43,90571.4839
1743422400,1813.43,1854.22,1794.94,1842.23,158823.842
1743436800,1842.22,1847.34,1817.23,1827.71,68966.6935
1743451200,1827.71,1834.74,1816.4,1822.43,42583.2216
1743465600,1822.43,1843.0,1817.88,1835.0,55092.8255
1743480000,1835.0,1867.91,1831.95,1854.26,50598.2842
1743494400,1854.26,1892.55,1853.93,1862.36,95925.7841
1743508800,1862.37,1927.9,1842.42,1918.58,156992.8651
1743523200,1918.59,1924.17,1901.5,1910.09,53127.4709
1743537600,1910.1,1922.75,1897.13,1904.98,41251.8676
1743552000,1904.98,1908.41,1872.39,1876.39,54199.1151
1743566400,1876.4,1883.3,1852.0,1865.06,62469.3203
1743580800,1865.07,1888.05,1862.62,1868.72,46565.6618
1743595200,1868.73,1919.0,1854.27,1901.21,205643.0299
1743609600,1901.21,1916.1,1882.22,1911.45,91870.8888
1743624000,1911.45,1957.0,1781.53,1795.22,290092.7664
1743638400,1795.21,1834.88,1788.97,1824.46,86309.6716
1743652800,1824.47,1845.26,1807.13,1815.31,63173.4782
1743667200,1815.31,1824.18,1787.23,1795.13,68000.455
1743681600,1795.13,1800.52,1750.0,1782.27,183694.3886
1743696000,1782.26,1799.15,1767.23,1787.12,61798.8036
1743710400,1787.11,1821.84,1779.78,1817.23,45098.221
1743724800,1817.23,1823.12,1771.11,1792.91,71533.8066
1743739200,1792.91,1821.82,1784.17,1817.93,44350.2635
1743753600,1817.94,1835.68,1758.72,1783.88,126091.5891
1743768000,1783.88,1821.0,1769.45,1795.24,190281.9269
1743782400,1795.24,1828.9,1783.25,1810.21,99784.1323
1743796800,1810.21,1827.99,1807.52,1816.87,40692.7518
1743811200,1816.88,1827.29,1809.39,1810.01,24960.4779
1743825600,1810.01,1815.75,1803.99,1813.22,19521.7579
1743840000,1813.22,1822.04,1806.56,1807.34,27693.9316
1743854400,1807.34,1808.3,1777.93,1782.01,57339.1196
1743868800,1782.01,1795.38,1780.0,1782.17,20889.6367
1743883200,1782.17,1810.04,1764.39,1806.01,51311.3459
1743897600,1806.02,1817.0,1801.78,1809.81,24843.9304
1743912000,1809.81,1813.55,1791.49,1797.69,28106.5655
1743926400,1797.7,1798.2,1783.0,1789.19,36956.075
1743940800,1789.19,1792.09,1735.0,1759.55,126184.7151
1743955200,1759.56,1760.06,1602.0,1626.24,394747.5662
1743969600,1626.24,1631.18,1537.5,1580.76,369008.2436
1743984000,1580.77,1614.2,1520.78,1543.69,231470.3874
1743998400,1543.69,1561.41,1411.01,1460.15,606711.8104
1744012800,1460.15,1520.83,1455.63,1483.11,289167.8855
1744027200,1483.11,1639.0,1478.12,1556.56,745901.0133
1744041600,1556.56,1572.7,1526.0,1545.41,211504.8219
1744056000,1545.47,1585.5,1545.06,1553.04,84040.0882
1744070400,1553.04,1618.67,1541.04,1584.71,108270.5369
1744084800,1584.71,1602.27,1561.89,1570.83,90041.615
1744099200,1570.83,1590.08,1554.37,1588.32,79592.2855
1744113600,1588.32,1593.47,1518.29,1531.77,195381.2018
1744128000,1531.76,1533.08,1454.63,1466.67,296007.5833
1744142400,1466.67,1486.2,1441.3,1473.41,122552.9102
1744156800,1473.41,1482.28,1385.05,1418.8,348901.6501
1744171200,1418.79,1492.02,1414.77,1483.43,231481.7066
1744185600,1483.45,1496.55,1445.07,1455.33,225142.4451
1744200000,1455.33,1501.27,1440.2,1485.26,274260.0992
1744214400,1485.26,1673.29,1481.97,1640.92,728405.2382
1744228800,1640.93,1689.0,1640.56,1669.51,160339.7746
1744243200,1669.51,1669.85,1601.76,1617.01,126397.4019
1744257600,1617.0,1626.14,1583.31,1595.81,104597.0239
1744272000,1595.81,1606.86,1581.36,1594.81,87134.1256
1744286400,1594.8,1640.0,1483.6,1495.98,325823.9029
1744300800,1495.97,1532.2,1471.02,1514.67,206611.5545
1744315200,1514.6,1533.7,1514.16,1522.25,61291.3846
1744329600,1522.24,1550.6,1504.63,1544.61,94058.3669
1744344000,1544.61,1562.8,1541.04,1553.04,69184.0419
1744358400,1553.05,1585.0,1538.14,1558.79,139182.3495
1744372800,1558.8,1581.44,1541.48,1565.44,148755.5345
1744387200,1565.44,1591.47,1555.87,1565.79,83844.1242
1744401600,1565.79,1586.97,1558.7,1566.85,43459.9013
1744416000,1566.85,1569.79,1546.06,1554.4,48549.479
1744430400,1554.4,1585.23,1550.5,1582.05,48725.5648
1744444800,1582.04,1606.41,1581.0,1594.06,68189.6049
1744459200,1594.06,1669.59,1590.7,1655.87,184898.5365
1744473600,1655.88,1662.33,1628.24,1642.63,96645.472
1744488000,1642.64,1659.93,1641.24,1644.18,54859.2461
1744502400,1644.19,1649.75,1606.55,1624.53,75377.2782
1744516800,1624.52,1624.66,1597.47,1613.5,57240.2926
1744531200,1613.51,1628.2,1592.58,1604.28,72537.0065
1744545600,1604.29,1609.3,1566.11,1586.62,107308.5997
1744560000,1586.61,1649.04,1562.01,1590.25,173502.9478
1744574400,1590.25,1617.08,1572.24,1597.76,94170.4897
1744588800,1597.76,1660.32,1595.56,1629.59,126833.3588
1744603200,1629.6,1642.19,1612.63,1635.57,68892.4749
1744617600,1635.58,1691.5,1629.34,1675.32,140481.582
1744632000,1675.32,1689.59,1619.34,1627.93,157297.7459
1744646400,1627.94,1651.51,1615.0,1636.58,105039.3429
1744660800,1636.58,1638.18,1606.01,1623.77,47385.6374
1744675200,1623.78,1643.7,1614.8,1637.89,66593.4424
1744689600,1637.9,1648.47,1632.06,1644.84,49772.8016
1744704000,1644.83,1651.96,1622.47,1632.05,71974.1557
1744718400,1632.06,1661.21,1601.36,1621.02,167803.8185
1744732800,1621.01,1627.99,1597.17,1606.96,64876.56
1744747200,1606.95,1614.78,1583.12,1588.78,55158.1133
1744761600,1588.77,1604.4,1576.5,1591.04,53725.2608
1744776000,1591.04,1593.66,1551.18,1564.28,98012.8235
1744790400,1564.28,1586.1,1556.7,1584.17,61135.9591
1744804800,1584.18,1613.66,1566.28,1590.69,127938.4349
1744819200,1590.7,1612.83,1538.07,1588.6,208530.8318
1744833600,1588.61,1598.15,1570.0,1577.14,62044.5585
1744848000,1577.15,1595.57,1574.69,1584.91,59911.5347
1744862400,1584.91,1610.53,1580.99,1601.6,65643.7644
1744876800,1601.6,1604.23,1588.65,1593.27,44240.9551
1744891200,1593.27,1603.19,1563.2,1583.17,93211.0273
1744905600,1583.17,1616.96,1577.02,1581.45,147342.5624
1744920000,1581.44,1591.84,1579.0,1583.62,39520.5189
1744934400,1583.63,1589.19,1577.23,1584.15,38792.3674
1744948800,1584.14,1585.19,1573.54,1584.09,41086.5907
1744963200,1584.1,1592.82,1582.3,1590.67,30494.132
1744977600,1590.67,1597.2,1579.09,1583.17,40691.5035
1744992000,1583.17,1595.18,1581.8,1593.31,25174.1423
1745006400,1593.31,1600.64,1587.01,1588.6,24170.3
1745020800,1588.6,1600.26,1585.01,1597.76,31072.3981
1745035200,1597.75,1613.48,1595.33,1600.94,43084.6831
1745049600,1600.94,1606.4,1594.07,1596.79,30170.2623
1745064000,1596.8,1612.29,1595.05,1607.28,39041.6232
1745078400,1607.28,1631.81,1598.5,1614.79,58737.7878
1745092800,1614.8,1622.37,1611.06,1613.27,20989.6354
1745107200,1613.26,1619.19,1608.0,1611.87,27425.144
1745121600,1611.87,1617.65,1586.6,1597.46,47330.5051
1745136000,1597.46,1597.61,1565.59,1572.62,86979.4597
1745150400,1572.61,1584.04,1571.1,1573.5,41804.6085
1745164800,1573.51,1587.97,1571.49,1586.17,28189.3136
1745179200,1586.19,1600.75,1574.68,1587.36,44323.1997
1745193600,1587.36,1645.45,1586.18,1634.54,160608.8717
1745208000,1634.55,1658.75,1631.3,1645.92,114675.8872
1745222400,1645.92,1655.0,1617.85,1626.34,77595.4377
1745236800,1626.34,1641.82,1608.6,1623.3,110419.6288
1745251200,1623.3,1626.09,1564.07,1573.7,175835.5597
1745265600,1573.7,1580.75,1571.35,1579.57,52351.2816
1745280000,1579.57,1593.73,1537.26,1579.22,144649.1612
1745294400,1579.22,1624.0,1574.0,1619.21,119131.8864
1745308800,1619.2,1638.16,1613.01,1631.03,118180.9271
1745323200,1631.03,1725.81,1626.85,1703.01,390160.8683
1745337600,1703.0,1710.66,1683.08,1698.22,117017.3822
1745352000,1698.22,1778.0,1691.68,1756.26,213896.7334
1745366400,1756.25,1807.56,1744.95,1795.49,193263.6182
1745380800,1795.49,1818.18,1773.93,1792.11,180484.4026
1745395200,1792.1,1812.2,1779.2,1797.23,119675.4843
1745409600,1797.22,1834.86,1761.62,1794.6,272006.8304
1745424000,1794.6,1810.0,1774.47,1786.03,88340.4333
1745438400,1786.03,1806.91,1785.73,1795.07,33774.8628
1745452800,1795.08,1802.82,1766.52,1768.18,68766.2419
1745467200,1768.16,1776.34,1751.27,1756.25,76239.2484
1745481600,1756.25,1760.7,1722.9,1755.1,111964.6432
1745496000,1755.1,1777.77,1744.4,1764.62,106855.2798
1745510400,1764.62,1777.5,1746.04,1763.1,76360.5962
1745524800,1763.1,1774.84,1749.04,1769.65,43279.029
1745539200,1769.64,1790.5,1738.6,1760.89,91446.8365
1745553600,1760.89,1781.88,1758.14,1777.18,56655.5164
1745568000,1777.17,1793.29,1764.29,1790.49,94062.5482
1745582400,1790.49,1827.32,1757.25,1806.48,225511.8462
1745596800,1806.48,1810.89,1782.4,1802.16,81938.4927
1745611200,1802.16,1809.4,1783.85,1784.6,45995.6494
1745625600,1784.6,1815.81,1784.6,1797.48,79135.7111
1745640000,1797.48,1810.88,1789.0,1800.49,35833.049
1745654400,1800.49,1841.16,1778.94,1785.85,115929.7567
1745668800,1785.86,1804.0,1780.1,1800.2,53171.575
1745683200,1800.2,1814.89,1795.86,1813.08,28122.1042
1745697600,1813.08,1831.09,1805.51,1820.88,42875.8482
1745712000,1820.87,1857.47,1801.02,1809.75,125776.6408
1745726400,1809.75,1811.6,1790.27,1803.76,45935.8597
1745740800,1803.75,1815.52,1801.56,1805.94,32043.3556
1745755200,1805.94,1808.1,1781.9,1793.86,65995.6124
1745769600,1793.85,1808.47,1787.31,1808.01,32862.3788
1745784000,1808.01,1808.26,1784.59,1791.29,37718.7962
1745798400,1791.29,1793.83,1752.18,1784.23,110341.6608
1745812800,1784.23,1812.08,1784.23,1804.79,63071.9581
1745827200,1804.8,1827.98,1788.3,1816.2,95744.5566
1745841600,1816.2,1816.97,1753.0,1763.28,143536.7345
1745856000,1763.27,1804.79,1744.71,1797.17,119073.3187
1745870400,1797.17,1807.0,1781.16,1799.88,55501.5143
1745884800,1799.88,1811.56,1787.89,1802.08,60533.1763
1745899200,1802.07,1824.94,1788.16,1821.71,77348.4406
1745913600,1821.71,1842.99,1816.92,1829.77,104234.231
1745928000,1829.76,1833.42,1802.02,1814.99,100591.997
1745942400,1814.99,1832.49,1807.48,1821.65,64099.1139
1745956800,1821.66,1825.69,1780.47,1797.81,73649.4296
1745971200,1797.81,1813.09,1788.9,1808.91,47523.1618
1745985600,1808.92,1813.0,1791.1,1796.37,38807.935
1746000000,1796.37,1816.8,1792.8,1815.7,43373.0871
1746014400,1815.69,1816.4,1731.7,1764.74,215011.5837
1746028800,1764.73,1792.97,1756.07,1786.69,67778.2644
1746043200,1786.7,1809.72,1784.61,1793.61,61029.9557
1746057600,1793.62,1819.0,1792.52,1807.99,54356.6699
1746072000,1807.99,1816.9,1802.14,1810.6,34775.7602
1746086400,1810.59,1859.23,1808.8,1845.58,136551.2761
1746100800,1845.58,1873.17,1825.2,1852.99,206809.7762
1746115200,1853.0,1870.25,1838.49,1842.82,71303.5178
1746129600,1842.89,1851.01,1833.5,1838.11,33401.7289
1746144000,1838.1,1851.3,1835.1,1847.74,36438.5546
1746158400,1847.74,1851.79,1816.22,1816.32,77200.0537
1746172800,1816.33,1835.53,1813.0,1833.39,64205.9035
1746187200,1833.39,1854.5,1823.34,1841.12,115720.8477
1746201600,1841.11,1871.0,1831.7,1839.68,86400.4395
1746216000,1839.68,1848.5,1832.49,1842.2,30702.076
1746230400,1842.2,1843.05,1826.58,1834.8,28605.7458
1746244800,1834.8,1839.3,1824.6,1826.41,26200.2165
1746259200,1826.41,1830.51,1817.63,1824.1,38880.361
1746273600,1824.1,1840.12,1823.74,1834.53,35406.8381
1746288000,1834.53,1839.2,1810.0,1838.21,47650.4581
1746302400,1838.21,1848.6,1828.4,1833.52,37007.9784
1746316800,1833.52,1849.6,1826.44,1831.89,37409.3894
1746331200,1831.89,1849.95,1829.66,1840.98,39293.2904
1746345600,1840.98,1841.34,1822.0,1827.6,41649.5415
1746360000,1827.61,1833.99,1818.57,1830.8,34143.7207
1746374400,1830.81,1833.49,1822.08,1828.4,26733.0632
1746388800,1828.4,1842.15,1803.0,1808.86,59025.3512
1746403200,1808.86,1818.49,1781.85,1794.51,86015.2042
1746417600,1794.5,1829.84,1792.82,1826.59,49441.4363
1746432000,1826.58,1831.55,1798.3,1804.63,57907.623
1746446400,1804.64,1815.63,1794.47,1800.99,63242.5831
1746460800,1801.0,1828.5,1800.78,1816.44,43543.1002
1746475200,1816.44,1833.55,1799.52,1820.19,42191.061
1746489600,1820.19,1820.9,1792.49,1806.35,48765.2187
1746504000,1806.35,1809.26,1797.78,1806.03,24102.5412
1746518400,1806.03,1806.1,1757.34,1769.92,79861.629
1746532800,1769.92,1779.68,1752.0,1770.09,85715.8416
1746547200,1770.09,1798.8,1762.16,1784.79,59655.6448
1746561600,1784.8,1819.41,1765.5,1817.0,86483.3698
1746576000,1817.0,1850.0,1814.59,1826.48,125977.3463
1746590400,1826.48,1838.43,1824.57,1838.24,38011.0468
1746604800,1838.23,1847.05,1830.51,1836.35,56688.7297
1746619200,1836.35,1837.1,1814.29,1817.31,78534.1832
1746633600,1817.32,1818.01,1787.01,1795.82,105311.2281
1746648000,1795.83,1825.44,1789.12,1811.11,51647.5364
1746662400,1811.11,1906.77,1808.71,1901.1,182304.831
1746676800,1901.09,1943.83,1892.2,1928.4,174077.6779
1746691200,1928.4,1968.72,1925.9,1957.63,155279.6357
1746705600,1957.64,2075.65,1954.27,2051.3,369909.7122
1746720000,2051.3,2140.0,2036.64,2117.83,238215.6027
1746734400,2117.83,2226.0,2111.6,2207.39,353365.2265
1746748800,2207.39,2245.03,2184.33,2205.06,197091.8523
1746763200,2205.06,2393.0,2202.8,2364.09,322754.4291
1746777600,2364.09,2490.77,2292.12,2351.29,688883.9006
1746792000,2351.29,2388.23,2271.5,2301.3,271184.0811
1746806400,2301.28,2355.2,2274.33,2331.57,129993.1001
1746820800,2331.58,2352.0,2322.65,2345.04,57133.675
1746835200,2345.04,2380.66,2317.0,2339.89,72245.2312
1746849600,2339.89,2417.13,2326.66,2400.0,121392.4906
1746864000,2400.01,2435.72,2360.0,2384.75,221266.4512
1746878400,2384.76,2448.88,2384.76,2433.46,138173.1596
1746892800,2433.46,2512.42,2428.93,2499.48,222169.8609
1746907200,2499.49,2600.0,2469.1,2583.23,204102.9671
1746921600,2583.22,2608.13,2504.27,2537.63,191294.7124
1746936000,2537.62,2562.47,2453.92,2473.22,187762.0232
1746950400,2473.22,2535.46,2472.2,2530.67,108511.1259
1746964800,2530.67,2532.09,2435.51,2462.51,152835.3762
1746979200,2462.55,2525.4,2440.25,2508.02,123750.4647
1746993600,2508.02,2528.52,2483.33,2514.57,67430.6864
1747008000,2514.58,2548.85,2490.75,2520.0,107789.0359
1747022400,2520.01,2624.0,2486.8,2554.77,244402.2228
1747036800,2554.78,2585.83,2522.0,2530.59,153519.4558
1747051200,2530.58,2576.29,2478.0,2486.92,278494.7566
1747065600,2486.91,2512.36,2406.63,2460.36,211087.0722
1747080000,2460.35,2500.36,2452.26,2495.47,73388.4
1747094400,2495.48,2495.79,2415.3,2424.8,110339.1684
1747108800,2424.8,2480.0,2420.0,2460.72,82218.1177
1747123200,2460.73,2525.5,2451.25,2513.39,115595.9445
1747137600,2513.39,2573.87,2491.81,2566.21,215856.7475
1747152000,2566.21,2738.5,2560.01,2690.94,347310.3376
1747166400,2690.93,2707.62,2654.21,2679.71,160035.3308
1747180800,2679.71,2725.99,2622.99,2646.82,257279.4041
1747195200,2646.82,2687.75,2636.59,2640.76,107100.5467
1747209600,2640.75,2645.95,2577.48,2624.94,186139.4657
1747224000,2624.93,2636.15,2559.19,2597.49,143036.0868
1747238400,2597.49,2617.5,2547.26,2605.1,91850.496
1747252800,2605.03,2614.05,2583.99,2609.74,44641.1129
1747267200,2609.75,2647.03,2566.91,2574.93,118326.6199
1747281600,2574.93,2596.49,2515.69,2531.0,117822.453
1747296000,2530.99,2567.65,2517.53,2554.71,110523.8637
1747310400,2554.71,2579.61,2476.03,2563.76,203590.318
1747324800,2563.77,2603.59,2511.77,2530.98,143149.7719
1747339200,2531.0,2564.33,2512.06,2548.69,75541.0067
1747353600,2548.7,2584.62,2534.2,2581.35,78973.7415
1747368000,2581.4,2619.99,2564.0,2601.5,102489.8746
1747382400,2601.5,2649.31,2558.12,2620.83,145031.4625
1747396800,2620.82,2623.25,2573.8,2594.93,148721.2722
1747411200,2594.93,2602.01,2570.0,2591.8,63870.4425
1747425600,2591.89,2592.74,2529.4,2537.12,66866.8986
1747440000,2537.13,2538.16,2452.6,2496.98,179817.7157
1747454400,2497.0,2513.51,2474.93,2492.89,69826.1384
1747468800,2492.9,2496.2,2466.59,2481.67,58703.2416
1747483200,2481.67,2486.64,2446.42,2474.48,68534.1761
1747497600,2474.48,2488.69,2448.27,2470.19,62248.9258
1747512000,2470.18,2495.45,2453.26,2475.08,55203.0806
1747526400,2475.09,2487.44,2467.75,2477.2,33903.8121
1747540800,2477.2,2515.44,2477.2,2509.3,46436.55
1747555200,2509.29,2528.55,2498.11,2501.75,60946.9309
1747569600,2501.74,2587.61,2488.02,2578.99,119513.8117
1747584000,2579.0,2584.0,2403.33,2408.2,270494.374
1747598400,2408.2,2511.27,2323.21,2497.78,278807.7064
1747612800,2497.78,2513.67,2379.8,2385.31,164347.1386
1747627200,2385.32,2413.11,2348.38,2403.74,148408.0227
1747641600,2403.74,2422.69,2390.12,2417.58,86572.2101
1747656000,2417.58,2473.7,2383.8,2466.63,153649.8023
1747670400,2466.63,2547.36,2450.86,2518.82,201749.9999
1747684800,2518.81,2534.52,2492.43,2528.14,107020.3494
1747699200,2528.14,2588.63,2510.72,2553.3,153200.7856
1747713600,2553.29,2578.0,2521.9,2532.3,99367.8058
1747728000,2532.3,2540.0,2492.58,2514.2,74634.3571
1747742400,2514.2,2515.38,2464.56,2482.79,117320.7002
1747756800,2482.78,2511.46,2442.4,2501.28,132395.1503
1747771200,2501.29,2541.03,2485.1,2524.19,100070.3757
1747785600,2524.19,2554.5,2509.0,2544.98,94538.6309
1747800000,2544.98,2615.95,2534.52,2551.87,184170.6385
1747814400,2551.87,2562.15,2515.38,2536.65,101973.1883
1747828800,2536.64,2582.18,2522.22,2567.01,196379.57
1747843200,2567.02,2615.34,2452.2,2512.79,394137.9188
1747857600,2512.75,2597.92,2486.25,2550.99,124690.3437
1747872000,2551.0,2647.8,2544.83,2629.24,193398.7709
1747886400,2629.24,2647.5,2602.78,2635.19,186391.5049
1747900800,2635.19,2692.99,2627.32,2650.75,187811.6911
1747915200,2650.75,2679.99,2623.14,2664.48,143113.8209
1747929600,2664.48,2676.3,2626.37,2634.51,81782.0817
1747944000,2634.68,2665.9,2627.85,2664.82,60057.7974
1747958400,2664.83,2734.23,2645.16,2722.0,187067.1541
1747972800,2722.0,2725.96,2651.35,2655.2,136416.5241
1747987200,2655.2,2689.21,2551.0,2566.79,174275.1796
1748001600,2566.78,2591.95,2498.3,2568.53,287915.0191
1748016000,2568.53,2587.18,2545.91,2560.98,95376.1828
1748030400,2560.97,2562.4,2503.66,2526.5,90392.3935
1748044800,2526.49,2556.73,2515.08,2549.99,57804.475
1748059200,2550.0,2563.5,2535.08,2546.99,35663.2606
1748073600,2546.99,2575.85,2545.22,2563.31,43777.2332
1748088000,2563.32,2565.41,2543.51,2555.64,43615.7389
1748102400,2555.64,2567.38,2543.86,2554.47,29640.3749
1748116800,2554.48,2556.57,2517.65,2530.4,47043.1518
1748131200,2530.41,2539.5,2476.0,2512.78,94625.0126
1748145600,2512.79,2518.75,2487.22,2494.39,34574.3928
1748160000,2494.4,2502.19,2463.0,2497.91,73532.6991
1748174400,2497.91,2524.9,2479.24,2511.7,62833.3505
1748188800,2511.69,2535.66,2496.1,2526.6,35833.8594
1748203200,2526.6,2554.26,2507.65,2551.22,58490.7155
1748217600,2551.22,2577.0,2536.84,2560.3,79035.4012
1748232000,2560.29,2599.0,2557.3,2580.8,62048.7781
1748246400,2580.79,2582.7,2553.24,2568.08,50205.7588
1748260800,2568.08,2574.43,2539.23,2565.99,74983.034
1748275200,2566.0,2573.3,2525.86,2541.22,54080.3119
1748289600,2541.21,2584.65,2536.57,2563.7,42617.8342
1748304000,2563.7,2573.5,2509.46,2549.25,69713.0364
1748318400,2549.26,2619.48,2548.99,2607.59,197681.4542
1748332800,2607.6,2655.0,2607.59,2652.64,142343.8069
1748347200,2652.64,2683.87,2633.36,2668.2,187321.8228
1748361600,2668.2,2712.36,2658.36,2687.53,134840.7342
1748376000,2687.53,2694.12,2652.26,2660.81,66530.0317
1748390400,2660.81,2661.79,2618.34,2645.37,90117.4687
1748404800,2645.38,2652.57,2623.85,2636.39,53442.2005
1748419200,2636.39,2659.01,2608.5,2656.99,79915.2726
1748433600,2656.99,2689.14,2613.2,2626.9,163925.6089
1748448000,2626.9,2664.35,2615.32,2617.79,97533.2399
1748462400,2617.8,2686.4,2612.04,2681.6,75161.8927
1748476800,2681.61,2788.0,2669.01,2762.5,229259.2567
1748491200,2762.5,2766.8,2701.28,2731.28,126662.7696
1748505600,2731.29,2744.42,2707.1,2715.83,87809.0759
1748520000,2715.82,2718.6,2621.92,2643.68,199941.4085
1748534400,2643.68,2673.48,2628.99,2650.12,102620.318
1748548800,2650.12,2668.95,2619.05,2631.39,65274.4258
1748563200,2631.39,2645.23,2557.07,2631.19,155006.0398
1748577600,2631.19,2649.23,2606.8,2618.26,98621.6797
1748592000,2618.27,2628.1,2588.16,2622.04,94347.7511
1748606400,2622.04,2626.3,2572.56,2598.21,158089.2625
1748620800,2598.21,2604.28,2533.2,2574.41,150402.1797
1748635200,2574.41,2589.85,2507.35,2531.34,106578.3436
1748649600,2531.35,2539.98,2475.33,2513.98,168287.9684
1748664000,2513.98,2526.5,2504.63,2521.11,44367.3462
1748678400,2521.11,2538.45,2508.04,2519.61,49679.8374
1748692800,2519.61,2550.14,2515.95,2536.3,66920.1415
1748707200,2536.29,2547.99,2523.36,2537.4,29163.6348
1748721600,2537.39,2550.34,2524.41,2528.06,36118.3238
1748736000,2528.06,2530.38,2492.0,2513.3,70533.988
1748750400,2513.3,2527.28,2505.87,2509.0,27878.1156
1748764800,2509.0,2510.75,2477.77,2497.35,54403.224
1748779200,2497.35,2524.99,2468.56,2523.23,59879.6014
1748793600,2523.23,2547.79,2493.49,2526.38,77247.3012
1748808000,2526.38,2547.59,2519.42,2539.21,42079.4786
1748822400,2539.2,2541.71,2485.65,2496.31,62064.6801
1748836800,2496.3,2513.97,2483.37,2506.94,46755.833
1748851200,2506.94,2515.92,2475.0,2480.94,72369.9377
1748865600,2480.93,2556.74,2477.88,2544.39,117634.5723
1748880000,2544.39,2565.56,2524.8,2532.44,84111.6306
1748894400,2532.45,2615.0,2532.2,2607.41,85953.32
1748908800,2607.42,2649.91,2589.3,2603.39,131030.6321
1748923200,2603.38,2620.75,2589.91,2609.99,51167.9653
1748937600,2610.0,2620.34,2594.79,2601.78,52849.5399
1748952000,2601.78,2655.38,2598.02,2623.58,102211.9356
1748966400,2623.58,2628.57,2602.56,2625.16,59674.1095
1748980800,2625.19,2625.61,2575.0,2593.36,57448.8615
1748995200,2593.35,2640.83,2583.5,2627.9,61798.9202
1749009600,2627.89,2644.77,2619.3,2627.74,62938.1514
1749024000,2627.75,2650.0,2624.0,2624.4,63468.9201
1749038400,2624.41,2679.88,2594.49,2667.93,172701.2856
1749052800,2667.92,2669.59,2622.22,2623.72,77307.5958
1749067200,2623.72,2625.1,2599.11,2607.68,64279.9483
1749081600,2607.68,2632.47,2601.25,2624.99,40676.0642
1749096000,2625.0,2634.46,2601.08,2604.08,61524.8808
1749110400,2604.09,2613.72,2580.88,2608.01,59838.8406
1749124800,2608.01,2640.86,2562.85,2589.43,182112.4377
1749139200,2589.44,2591.59,2506.4,2528.96,157136.102
1749153600,2528.96,2535.7,2391.66,2414.01,307649.7091
1749168000,2414.02,2457.12,2381.49,2455.71,152999.571
1749182400,2455.7,2468.55,2446.68,2455.64,89808.4824
1749196800,2455.64,2493.82,2454.01,2476.15,74073.1256
1749211200,2476.15,2531.36,2466.45,2509.63,148482.2253
1749225600,2509.62,2518.38,2483.22,2484.02,70686.2465
1749240000,2484.02,2507.06,2472.71,2476.1,42793.8466
1749254400,2476.1,2493.47,2457.0,2488.98,53068.2557
1749268800,2488.99,2502.0,2480.0,2491.28,46296.7577
1749283200,2491.27,2501.4,2482.11,2495.75,29169.0092
1749297600,2495.76,2523.61,2492.81,2519.75,56362.6484
1749312000,2519.75,2525.79,2506.69,2517.31,41024.5351
1749326400,2517.3,2544.36,2517.3,2524.63,38866.4682
1749340800,2524.64,2525.92,2508.08,2511.72,37219.908
1749355200,2511.72,2519.9,2508.32,2514.45,20757.6078
1749369600,2514.45,2521.13,2490.58,2513.51,56611.4709
1749384000,2513.5,2527.35,2500.21,2514.44,40763.927
1749398400,2514.44,2540.5,2512.62,2532.56,54196.2283
1749412800,2532.56,2548.63,2500.0,2509.83,56925.5719
1749427200,2509.84,2511.79,2482.15,2496.86,64068.886
1749441600,2496.85,2496.85,2477.73,2491.77,38565.8381
1749456000,2491.77,2547.17,2484.47,2541.79,105670.6597
1749470400,2541.78,2548.9,2509.94,2534.11,85277.028
1749484800,2534.11,2590.0,2534.1,2580.59,102931.886
1749499200,2580.58,2693.99,2575.72,2680.13,172212.0047
1749513600,2680.13,2726.78,2675.16,2688.88,195206.6267
1749528000,2688.89,2699.27,2655.61,2677.35,105454.7733
1749542400,2677.36,2798.76,2670.0,2773.64,225740.6996
1749556800,2773.64,2778.7,2690.0,2732.95,268487.1119
1749571200,2732.96,2806.0,2728.75,2773.68,164966.529
1749585600,2773.69,2827.0,2734.93,2816.4,178549.737
1749600000,2816.41,2834.86,2771.8,2791.06,101757.4584
1749614400,2791.07,2804.03,2780.15,2791.59,63641.1196
1749628800,2791.6,2793.57,2754.0,2772.25,77665.6327
1749643200,2772.26,2879.22,2764.1,2865.21,303126.4741
1749657600,2865.2,2875.72,2801.5,2813.35,187028.7991
1749672000,2813.32,2831.21,2743.75,2771.61,116991.4485
1749686400,2771.6,2784.83,2746.49,2765.08,90556.9862
1749700800,2765.08,2777.21,2733.68,2741.0,83213.918
1749715200,2740.99,2762.11,2720.38,2729.8,89210.6044
1749729600,2729.8,2773.21,2711.94,2719.79,146462.3222
1749744000,2719.79,2771.0,2690.93,2695.0,116051.0025
1749758400,2695.0,2703.6,2616.24,2642.65,174098.5424
1749772800,2642.66,2645.45,2436.98,2514.33,583148.633
1749787200,2514.32,2542.26,2492.0,2526.45,161519.4877
1749801600,2526.46,2545.55,2506.84,2545.4,115082.6187
1749816000,2545.41,2563.24,2502.9,2551.27,167730.5337
1749830400,2551.28,2585.2,2510.0,2527.72,118497.7656
1749844800,2527.72,2583.24,2524.19,2579.19,56197.2585
1749859200,2579.19,2579.43,2547.03,2548.76,64282.3801
1749873600,2548.76,2556.62,2525.72,2537.5,36813.2957
1749888000,2537.5,2539.79,2518.51,2538.52,40689.0778
1749902400,2538.51,2546.19,2504.95,2519.42,56895.4673
1749916800,2519.41,2526.11,2488.72,2507.5,88407.3102
1749931200,2507.5,2540.19,2496.58,2530.76,44351.3967
1749945600,2530.77,2540.99,2524.77,2530.1,26111.501
1749960000,2530.11,2553.08,2522.54,2528.61,46103.4273
1749974400,2528.61,2529.97,2508.45,2516.1,40898.7941
1749988800,2516.1,2554.96,2516.0,2541.81,63323.117
1750003200,2541.81,2559.51,2531.09,2536.79,44829.9693
1750017600,2536.79,2549.96,2492.0,2547.61,78434.8537
1750032000,2547.62,2579.0,2514.85,2568.25,87899.7186
1750046400,2568.25,2638.5,2566.61,2628.68,125755.977
1750060800,2628.69,2633.8,2592.6,2617.01,85218.9976
1750075200,2617.01,2657.9,2604.7,2632.25,113016.5695
1750089600,2632.24,2670.56,2627.62,2660.53,79211.7335
1750104000,2660.54,2680.34,2535.0,2544.17,189326.9918
1750118400,2544.17,2618.6,2524.54,2607.4,134766.9166
1750132800,2607.4,2610.49,2570.24,2582.26,71480.3659
1750147200,2582.25,2585.47,2541.6,2552.19,94184.3788
1750161600,2552.18,2567.97,2482.53,2499.0,163583.0522
1750176000,2499.01,2543.75,2453.8,2528.36,178174.7294
1750190400,2528.36,2534.36,2492.07,2509.95,73740.9652
1750204800,2509.95,2536.82,2504.55,2527.95,53251.4578
1750219200,2527.96,2546.91,2517.82,2533.55,43397.4947
1750233600,2533.54,2548.42,2488.27,2513.86,74243.8829
1750248000,2513.86,2538.7,2465.78,2508.96,143304.8759
1750262400,2508.96,2519.37,2467.12,2492.42,125864.4019
1750276800,2492.42,2537.48,2482.7,2525.0,64470.0686
1750291200,2525.0,2546.91,2506.2,2525.43,50666.9692
1750305600,2525.44,2531.23,2514.44,2518.99,25325.6687
1750320000,2518.99,2544.81,2518.99,2531.83,42387.306
1750334400,2531.82,2536.83,2490.0,2492.97,55400.4016
1750348800,2492.97,2523.0,2485.03,2504.87,39512.2462
1750363200,2504.87,2532.0,2502.99,2521.12,39353.4673
1750377600,2521.13,2531.49,2512.45,2517.19,31393.7018
1750392000,2517.2,2550.44,2503.64,2549.64,51587.8045
1750406400,2549.64,2569.0,2541.03,2549.65,67594.7504
1750420800,2549.64,2559.55,2487.56,2493.78,121310.6626
1750435200,2493.78,2496.2,2367.36,2414.85,287925.9928
1750449600,2414.84,2437.6,2381.96,2406.49,72214.9114
1750464000,2406.49,2432.11,2395.99,2425.59,40790.6059
1750478400,2425.59,2428.41,2419.0,2426.85,20369.1082
1750492800,2426.85,2448.8,2423.51,2442.75,51774.242
1750507200,2442.75,2445.2,2412.29,2423.59,49701.538
1750521600,2423.59,2428.23,2382.25,2384.76,59605.916
1750536000,2384.76,2409.42,2216.0,2295.73,274542.4539
1750550400,2295.72,2314.48,2246.25,2264.58,166578.0486
1750564800,2264.58,2298.22,2261.93,2270.68,57009.1072
1750579200,2270.69,2280.0,2236.05,2273.0,72607.0
1750593600,2273.0,2287.0,2156.21,2174.91,292034.3633
1750608000,2174.9,2219.95,2170.8,2183.78,89014.7447
1750622400,2183.79,2237.23,2111.89,2227.7,162912.5657
1750636800,2227.7,2260.42,2222.3,2234.68,68795.3555
1750651200,2234.67,2275.67,2227.89,2258.88,70994.6973
1750665600,2258.87,2274.7,2238.68,2253.37,49645.3616
1750680000,2253.38,2313.53,2232.45,2248.54,136331.6908
1750694400,2248.53,2325.16,2188.0,2312.77,220903.2916
1750708800,2312.77,2438.68,2303.79,2411.66,197913.4035
1750723200,2411.66,2418.09,2389.31,2398.51,77312.5382
1750737600,2398.51,2434.82,2391.2,2393.31,82496.9021
1750752000,2393.31,2449.14,2376.11,2409.44,111376.6709
1750766400,2409.44,2454.73,2402.89,2438.1,105117.6792
1750780800,2438.11,2482.04,2417.22,2434.24,105632.5355
1750795200,2434.23,2450.41,2430.7,2448.45,34824.3362
1750809600,2448.46,2468.69,2436.62,2444.38,42639.6986
1750824000,2444.38,2450.66,2424.21,2444.54,44534.8769
1750838400,2444.55,2448.47,2407.63,2428.95,83084.6157
1750852800,2428.96,2446.59,2389.69,2405.68,141883.7007
1750867200,2405.69,2440.0,2401.37,2432.79,61107.3493
1750881600,2432.79,2454.98,2408.02,2418.49,41644.4975
1750896000,2418.5,2520.92,2416.99,2488.78,136035.3947
1750910400,2488.79,2500.56,2467.14,2489.89,52296.5835
1750924800,2489.88,2500.4,2440.0,2450.36,65119.1136
1750939200,2450.35,2459.49,2409.51,2433.03,111170.2777
1750953600,2433.04,2442.91,2418.2,2435.87,40389.0057
1750968000,2435.86,2457.32,2394.32,2415.96,58693.6509
1750982400,2415.96,2448.84,2382.53,2446.97,77786.3549
1750996800,2446.98,2459.53,2434.63,2442.31,73097.8158
1751011200,2442.3,2463.54,2435.25,2447.25,65938.1952
1751025600,2447.25,2456.92,2414.15,2438.25,67273.5894
1751040000,2438.26,2449.44,2388.29,2412.67,58701.6025
1751054400,2412.67,2429.47,2411.54,2423.17,38677.2082
1751068800,2423.17,2423.91,2405.81,2420.93,22573.1079
1751083200,2420.93,2433.86,2417.86,2431.76,25863.0167
1751097600,2431.77,2432.44,2419.65,2427.42,35720.7253
1751112000,2427.42,2443.0,2420.0,2436.09,23960.841
1751126400,2436.1,2447.8,2431.64,2433.22,33334.2293
1751140800,2433.21,2442.21,2427.44,2435.62,14363.0657
1751155200,2435.62,2442.77,2424.65,2427.86,21222.2303
1751169600,2427.87,2440.5,2426.64,2440.5,14615.4811
1751184000,2440.51,2463.88,2438.33,2462.25,54997.0646
1751198400,2462.24,2463.48,2432.88,2436.68,38138.631
1751212800,2436.69,2442.55,2429.58,2437.96,21035.621
1751227200,2437.97,2525.0,2412.0,2500.09,134282.7777
1751241600,2500.09,2524.3,2495.17,2499.21,79654.3745
1751256000,2499.2,2505.31,2456.37,2480.59,66271.4295
1751270400,2480.6,2486.64,2446.68,2458.52,59663.3951
1751284800,2458.51,2488.0,2431.0,2474.78,95201.2301
1751299200,2474.77,2518.49,2461.88,2515.71,85849.3761
1751313600,2515.71,2522.17,2482.54,2485.47,53815.9087
1751328000,2485.47,2500.8,2477.44,2485.42,35064.2225
1751342400,2485.43,2485.91,2445.45,2465.03,57251.4543
1751356800,2465.03,2465.04,2440.0,2449.06,59693.7098
1751371200,2449.05,2456.55,2406.7,2423.54,96182.0218
1751385600,2423.54,2434.0,2400.0,2402.87,45021.1484
1751400000,2402.87,2418.57,2386.52,2405.01,58738.53
1751414400,2405.01,2432.41,2373.0,2430.55,51415.4396
1751428800,2430.55,2454.7,2425.47,2447.03,53917.342
1751443200,2447.03,2459.99,2441.7,2445.7,51333.2834
1751457600,2445.69,2502.85,2431.56,2498.81,100535.9703
1751472000,2498.82,2607.71,2495.03,2604.73,259492.6934
1751486400,2604.73,2619.28,2569.14,2570.41,118272.305
1751500800,2570.41,2587.54,2556.12,2561.23,66739.9117
1751515200,2561.22,2605.74,2559.34,2600.18,65796.6558
1751529600,2600.19,2616.96,2581.58,2597.59,83170.9032
1751544000,2597.58,2635.5,2565.46,2570.52,191424.4306
1751558400,2570.52,2592.43,2565.31,2586.02,62365.8684
1751572800,2586.02,2603.6,2585.69,2591.25,35445.8895
1751587200,2591.26,2603.17,2571.56,2577.93,39051.4838
1751601600,2577.93,2584.64,2530.3,2534.9,78695.4357
1751616000,2534.9,2558.66,2527.37,2549.21,48106.8639
1751630400,2549.2,2555.96,2498.36,2500.52,116758.4969
1751644800,2500.52,2503.5,2474.24,2482.58,130796.5218
1751659200,2482.57,2520.85,2481.21,2508.04,39184.2179
1751673600,2508.04,2524.92,2498.63,2518.24,25534.4243
1751688000,2518.24,2529.81,2512.63,2521.31,18659.4764
1751702400,2521.32,2526.45,2508.83,2518.11,22957.673
1751716800,2518.11,2521.98,2505.35,2507.67,30633.266
1751731200,2507.67,2512.95,2487.95,2505.74,41908.6321
1751745600,2505.73,2522.52,2498.28,2516.41,17504.624
1751760000,2516.42,2520.84,2509.47,2514.77,16689.3617
1751774400,2514.78,2526.66,2508.66,2517.85,22907.8942
1751788800,2517.85,2518.44,2503.5,2516.14,24935.4266
1751803200,2516.14,2570.0,2511.94,2558.72,80738.4177
1751817600,2558.71,2560.81,2523.33,2541.06,46446.2339
1751832000,2541.05,2605.0,2540.06,2570.35,85876.2978
1751846400,2570.35,2590.57,2550.46,2577.42,43450.6801
1751860800,2577.41,2580.64,2560.0,2578.34,31939.7374
1751875200,2578.33,2588.42,2552.57,2562.99,42870.5631
1751889600,2562.99,2569.12,2527.5,2533.81,87925.5273
1751904000,2533.81,2557.49,2512.0,2543.97,82559.972
1751918400,2543.97,2545.45,2523.33,2542.29,26961.0473
1751932800,2542.3,2554.56,2523.59,2538.34,45379.9257
1751947200,2538.33,2563.8,2532.0,2553.42,41418.5715
1751961600,2553.42,2585.38,2543.33,2575.15,47897.3718
1751976000,2575.16,2600.62,2557.86,2564.68,77029.4018
1751990400,2564.68,2628.21,2559.68,2610.61,124670.1733
1752004800,2610.61,2617.7,2596.85,2615.25,34520.288
1752019200,2615.25,2626.72,2589.78,2591.75,36059.8945
1752033600,2591.74,2647.0,2590.98,2624.86,65726.3541
1752048000,2624.86,2630.31,2604.37,2626.43,48393.0511
1752062400,2626.43,2674.81,2623.95,2656.83,174568.8613
1752076800,2656.84,2795.74,2652.41,2765.01,218869.8532
1752091200,2765.01,2783.16,2731.72,2768.74,142501.363
1752105600,2768.74,2798.0,2755.5,2776.13,83700.9931
1752120000,2776.13,2823.18,2765.53,2791.09,153381.5099
1752134400,2791.08,2797.0,2772.0,2778.69,80534.4173
1752148800,2778.69,2795.0,2758.78,2769.32,104583.5693
1752163200,2769.32,2840.69,2769.03,2816.21,174872.027
1752177600,2816.21,3000.0,2813.13,2951.29,354823.5534
1752192000,2951.29,2975.0,2913.75,2969.74,129986.2632
1752206400,2969.75,3029.55,2946.02,2968.49,205429.0153
1752220800,2968.81,3040.15,2963.51,2984.0,176478.9336
1752235200,2984.01,3009.64,2939.36,2951.09,183069.2994
1752249600,2951.09,3010.39,2936.46,3007.6,121178.0576
1752264000,3007.6,3010.0,2923.32,2958.22,90697.5998
1752278400,2958.21,2970.85,2932.0,2966.09,47769.6089
1752292800,2966.1,2977.94,2937.7,2962.85,54739.0406
1752307200,2962.84,2979.78,2957.51,2963.39,48317.1794
1752321600,2963.39,2967.59,2903.85,2916.05,113763.8372
1752336000,2916.05,2945.83,2910.49,2941.18,42874.7113
1752350400,2941.18,2948.0,2915.0,2943.28,41420.5103
1752364800,2943.29,2960.7,2936.49,2955.1,32411.5886
1752379200,2955.11,2967.97,2949.64,2962.94,29321.3817
1752393600,2962.95,2965.66,2944.49,2964.58,33777.469
1752408000,2964.57,3020.31,2958.92,2992.43,129614.6883
1752422400,2992.43,3010.65,2962.65,2989.45,59449.3596
1752436800,2989.46,2998.92,2940.24,2972.03,72759.0144
1752451200,2972.03,2978.31,2967.66,2974.86,3779.6831
